captureEpochMs,clientInstanceId,userId,sessionId,entity,protocol,wireRtt_ms,wireRttSample_ms,pipelineRtt_ms,pipelineRttSample_ms,pipelineQueueTotal_ms,pingClientQueue_ms,pingServerQueue_ms,pongServerProc_ms,pongServerQueue_ms,pongClientQueue_ms,jitter_ms,packetLoss,recvThroughput_kbps,sendThroughput_kbps,bandwidthMbps,txPacketsPerSec,rxPacketsPerSec,txBytesPerSec,rxBytesPerSec,firstSendSuccessPct,rtxHitPct,rtxRecoveryPct,avgRtxPerHitPacket,deliveryLatencyAvg_ms,recoveryLatencyAvg_ms,goodputPct,fragEfficiencyPct,ackPiggybackHitPct,avgUdpPacketsPerDatagram,avgUdpBytesPerDatagram,udpBundleHitPct,outOfOrderPct,duplicatePct,pendingReliableNow,pendingReliablePeek,maxRtxPerPacket,rtxTimeoutPct,rtxGiveupPct
1779698749794,72,281556581089281,281779919388673,71,UDP,0.102625,0.1035,10.8253,9.3903,9.2868,9.1566,0.1121,0.0013,0.011,0.0071,0.41,0,893.932,33.2472,0.92718,30.3909,63.1811,1620.32,43566.2,0,0,0,0,0,0,99.262,0,100,1,53.3158,0,0,0,0,0,0,0,0
1779698749794,33,844459289870337,281608120696833,31,UDP,0.103629,0.2052,13.9216,24.4396,24.2344,8.2449,0.0167,0.001,15.1529,0.8199,10.52,0,1144.31,33.1241,1.17744,30.5042,62.4476,1619.12,54898.3,0,0,0,0,0,0,99.4097,0,98.1481,1.00527,53.3584,0.527009,0,0,0,0,0,0,0
1779698749933,4,562949953421313,281496451547137,5,UDP,0.0926057,0.1113,11.6839,14.8236,14.7123,0.7058,1.0576,0.0003,12.8312,0.1177,9.58506,0,660.528,31.7067,0.692235,30.4983,32.3717,1620.16,32991.7,0,0,0,0,0,0,99.4652,0,100,1.00577,53.4292,0.576606,0,0,0,0,0,0,0
1779698749933,43,844467879804929,281659660304385,43,UDP,0.112897,0.0946,9.98498,15.5822,15.4876,15.1132,0.3346,0.0005,0.0304,0.0094,9.91891,0,1048.77,31.7067,1.08047,30.4959,62.5417,1620.18,52541.6,0,0,0,0,0,0,99.3829,0,100,1.00329,53.3026,0.328947,0,0,0,0,0,0,0
1779698750058,53,281513631416321,244813135873,57,UDP,0.0906047,0.0602,7.03698,2.9689,2.9087,0.5032,0.0076,0.0003,2.3796,0.0183,4.93901,0,1051.83,30.6082,1.08244,30.5253,62.5836,1622.24,54201.1,0,0,0,0,0,0,99.4023,0,100,1.00659,53.4945,0.659341,0,0,0,0,0,0,0
1779698750058,14,17179869185,64424509441,15,UDP,0.0820727,0.0499,13.1602,16.925,16.8751,15.9022,0.0061,0.0002,0.9661,0.0007,12.8785,0,865.969,30.4536,0.896422,30.4929,61.5568,1620.06,45135.6,0,0,0,0,0,0,99.2911,0,100,1.00188,53.2289,0.187617,0,0,0,0,0,0,0
1779698750176,63,281539401220097,296352743425,69,UDP,0.0798543,0.0363,4.30177,0.843,0.8067,0.5505,0.0447,0.0006,0.109,0.1025,6.5159,0,974.364,29.36,1.00372,30.4936,62.7868,1622.76,51274.4,0,0,0,0,0,0,99.3597,0,100,1.00329,53.3914,0.328947,0,0,0,0,0,0,0
1779698750211,24,47244640257,281573760958465,23,UDP,0.0915015,0.0578,10.6973,16.8063,16.7485,15.4667,0.0068,0.0002,0.5273,0.7477,9.75092,0,947.726,29.1737,0.9769,30.4737,62.3463,1619.1,51889.9,0,0,0,0,0,0,99.3761,0,100,1.00771,53.5407,0.770925,0,0,0,0,0,0,0
1779698750308,73,562997198061569,281788509323265,73,UDP,0.171198,0.1151,24.5937,0.7038,0.5887,0.4791,0.0192,0.0003,0.0066,0.0838,5.89886,0,853.796,28.4495,0.882246,30.5911,62.5817,1626.12,48801.5,0,0,0,0,0,0,99.3482,0,100,1.00658,53.5066,0.657895,0,0,0,0,0,0,0
1779698750322,34,64424509441,281616710631425,33,UDP,0.137215,0.1253,13.4686,10.7192,10.5939,8.965,0.0649,0.0007,1.3132,0.2508,8.49738,0,934.24,28.1115,0.962352,30.4927,62.3841,1620.43,52709.6,0,0,0,0,0,0,99.3859,0,100,1.00263,53.2812,0.262812,0,0,0,0,0,0,0
1779698750447,44,85899345921,193273528321,45,UDP,0.253242,0.0889,7.87155,1.8205,1.7316,0.8331,0.0102,0.0002,0.8799,0.0084,16.2762,0,998.105,27.3173,1.02542,30.4838,62.4168,1620.14,57946,0,0,0,0,0,0,99.4378,0,100,1.00329,53.3224,0.328947,0,0,0,0,0,0,0
1779698750461,5,844433520066561,281505041481729,7,UDP,1.6138,0.0951,14.4665,0.8338,0.7387,0.7051,0.0095,0.0006,0.0122,0.0119,18.2574,0,562.555,27.1685,0.589723,30.4975,32.2959,1619.97,32990.8,0,0,0,0,0,0,99.4734,0,100,1.00411,53.3363,0.411184,0,0,0,0,0,0,0
1779698750572,54,844480764706817,281694020042753,51,UDP,0.0783263,0.0553,7.8764,15.3366,15.2813,0.301,0.3297,0.0004,14.5542,0.0964,6.84989,0,873.718,26.2481,0.899966,30.4557,62.644,1619.75,52177.7,0,0,0,0,0,0,99.3731,0,100,1.0044,53.4176,0.43956,0,0,0,0,0,0,0
1779698750572,15,21474836481,281539401220097,15,UDP,0.0962442,0.0413,12.725,16.659,16.6177,15.6803,0.1781,0.0004,0.4723,0.287,9.24623,0,670.917,26.2481,0.697165,30.4883,58.2647,1619.65,40656,0,0,0,0,0,0,99.2504,0,100,1.00376,53.3233,0.37594,0,0,0,0,0,0,0
1779698750690,64,281543696187393,304942678017,71,UDP,0.0817348,0.0555,5.32852,2.9551,2.8996,0.8643,0.0089,0.0005,1.9704,0.056,14.5564,0,847.381,25.6019,0.872983,30.4963,62.6923,1621.7,51461,0,0,0,0,0,0,99.3812,0,100,1.00329,53.352,0.328947,0,0,0,0,0,0,0
1779698750690,25,51539607553,115964116993,27,UDP,0.0957728,0.0689,9.24733,0.1586,0.0897,0.0614,0.0096,0.0004,0.009,0.0097,17.7441,0,812.199,25.5829,0.837782,30.4855,62.3037,1619.33,50715.2,0,0,0,0,0,0,99.3652,0,100,1.00439,53.3513,0.439078,0,0,0,0,0,0,0
1779698750815,74,563001493028865,281797099257857,75,UDP,0.148037,0.0468,20.5891,2.312,2.2652,0.1927,1.9558,0.0001,0.1112,0.0055,5.22202,0,743.893,24.7473,0.76864,30.3869,62.1732,1615.3,48555.2,0,0,0,0,0,0,99.3507,0,100,1,53.1579,0,0,0,0,0,0,0,0
1779698750836,35,68719476737,158913789953,37,UDP,0.0721194,0.0355,9.65867,1.5037,1.4682,0.6685,0.0052,0.0002,0.79,0.0045,9.26797,0,883.381,24.598,0.907979,30.4514,62.4214,1618.24,57032,0,0,0,0,0,0,99.4258,0,100,1.00263,53.2816,0.263158,0,0,0,0,0,0,0
1779698750961,6,8589934593,21474836481,5,UDP,0.11756,0.0813,12.535,1.7354,1.6541,0.6338,0.0091,0.0004,0.9995,0.0117,12.1304,0,450.654,24.0089,0.474663,30.5002,32.2238,1619.81,29819.6,0,0,0,0,0,0,99.4188,0,100,1.00329,53.2827,0.328677,0,0,0,0,0,0,0
1779698750975,45,90194313217,201863462913,47,UDP,0.133737,0.1111,13.0863,0.4343,0.3232,0.2837,0.0127,0.0008,0.0176,0.0092,13.1718,0,842.583,23.9291,0.866512,30.5276,62.3543,1621.26,55856.5,0,0,0,0,0,0,99.4257,0,100,1.00493,53.3701,0.493421,0,0,0,0,0,0,0
1779698751086,16,25769803777,73014444033,17,UDP,0.132023,0.0536,7.44553,15.8945,15.8409,15.6032,0.0011,0.0002,0.2027,0.0339,8.56451,0,588.301,23.2251,0.611526,30.4896,57.7247,1619.55,40598.2,0,0,0,0,0,0,99.2659,0,100,1.0066,53.4684,0.659755,0,0,0,0,0,0,0
1779698751100,55,98784247809,281702609977345,53,UDP,0.0974714,0.0505,9.91248,15.0374,14.9869,0.3214,0.493,0.0003,14.0507,0.1218,11.6394,0,775.951,23.1162,0.799067,30.4488,62.5632,1618.98,52195.8,0,0,0,0,0,0,99.3744,0,100,1.00661,53.522,0.660793,0,0,0,0,0,0,0
1779698751197,65,281547991154689,281728379781121,59,UDP,0.0729969,0.0657,33.291,0.6537,0.588,0.2752,0.0108,0.0007,0.2965,0.0055,13.853,0,754.53,22.662,0.777192,30.496,62.8917,1621.69,51491.1,0,0,0,0,0,0,99.3532,0,100,1,53.177,0,0,0,0,0,0,0,0
1779698751211,26,55834574849,124554051585,29,UDP,0.0853045,0.0741,8.18081,2.8787,2.8046,0.7736,0.0186,0.0002,2.0045,0.0079,8.22472,0,721.206,22.6957,0.743902,30.487,62.1735,1619.41,50667,0,0,0,0,0,0,99.3691,0,100,1.0066,53.4686,0.660066,0,0,0,0,0,0,0
1779698751329,75,281560876056577,281805689192449,77,UDP,0.136375,0.069,12.1893,16.5189,16.4499,15.2884,0.0064,0.0002,0.7396,0.4155,1.23703,0,666.67,22.0163,0.688687,30.3917,62.3829,1615.56,48920.2,0,0,0,0,0,0,99.3542,0,100,1.00662,53.5099,0.662252,0,0,0,0,0,0,0
1779698751350,36,281496451547137,167503724545,39,UDP,0.154852,0.0529,12.5608,2.8661,2.8132,1.8719,0.0099,0.0003,0.9222,0.0092,10.3688,0,730.365,21.9211,0.752286,30.4503,62.3792,1617.94,52723.8,0,0,0,0,0,0,99.3795,0,100,1.00661,53.4848,0.660502,0,0,0,0,0,0,0
1779698751475,46,281500746514433,210453397505,49,UDP,0.0899536,0.0694,16.4021,1.1783,1.1089,0.9421,0.1456,0.0006,0.0112,0.01,14.1041,0,742.034,21.4687,0.763502,30.4831,62.2155,1619.2,54633.5,0,0,0,0,0,0,99.4143,0,100,1,53.118,0,0,0,0,0,0,0,0
1779698751489,7,844437815033857,30064771073,7,UDP,0.117762,0.0849,13.7385,1.539,1.4541,0.1632,0.0163,0.0002,1.2715,0.0031,13.4409,0,371.386,21.3835,0.392769,30.4918,32.2149,1619.06,27706.3,0,0,0,0,0,0,99.3709,0,100,1.00743,53.4926,0.742574,0,0,0,0,0,0,0
1779698751600,56,844485059674113,253403070465,59,UDP,0.13961,0.0622,20.2448,16.8608,16.7986,15.3766,0.0106,0.0004,1.4055,0.0059,8.26754,0,697.632,20.9043,0.718536,30.528,62.3891,1619.58,52122.9,0,0,0,0,0,0,99.3754,0,96.9697,1.00659,53.4022,0.659341,0,0,0,0,0,0,0
1779698751600,17,281483566645249,281547991154689,17,UDP,0.0795533,0.0932,10.2584,0.7834,0.6902,0.6082,0.0624,0.0004,0.0088,0.0108,7.92247,0,493.845,20.8752,0.51472,30.4882,56.4088,1619.3,38328.6,0,0,0,0,0,0,99.233,0,100,1.00565,53.4124,0.564972,0,0,0,0,0,0,0
1779698751718,66,107374182401,281736969715713,61,UDP,0.10359,0.0869,18.7984,2.2048,2.1179,0.528,0.0088,0.0003,1.5663,0.0148,7.44477,0,674.893,20.3756,0.695269,30.4958,62.2915,1621.08,51335.5,0,0,0,0,0,0,99.3843,0,100,1.0066,53.5083,0.660066,0,0,0,0,0,0,0
1779698751718,27,562967133290497,281582350893057,25,UDP,0.100524,0.0492,10.5915,2.7861,2.7369,0.1019,1.7083,0.0004,0.9197,0.007,12.2969,0,580.193,20.4489,0.600642,30.4827,62.2647,1618.78,45381.5,0,0,0,0,0,0,99.278,0,100,1.0066,53.4554,0.660066,0,0,0,0,0,0,0
1779698751843,76,111669149697,281814279127041,79,UDP,0.0827031,0.0752,10.4208,1.4927,1.4175,0.4015,0.0043,0.0003,0.996,0.0157,2.23997,0,600.983,20.0284,0.621011,30.5985,61.797,1621.72,48662.2,0,0,0,0,0,0,99.3576,0,100,1,53,0,0,0,0,0,0,0,0
1779698751850,37,562971428257793,281625300566017,35,UDP,0.13306,0.0844,17.7741,0.9636,0.8792,0.7109,0.1452,0.0004,0.0138,0.0093,13.2836,0,608.521,20.0136,0.628535,30.508,62.2554,1620.52,48429.6,0,0,0,0,0,0,99.326,0,100,1.0066,53.4683,0.659631,0,0,0,0,0,0,0
1779698751975,8,281474976710657,38654705665,9,UDP,0.0853262,0.0706,10.2654,0.8744,0.8038,0.7757,0.0104,0.0007,0.0068,0.0109,13.6245,0,286.736,19.6047,0.30634,30.5124,32.1117,1620.45,23411.6,0,0,0,0,0,0,99.2679,0,100,1.00577,53.4143,0.576606,0,0,0,0,0,0,0
1779698751982,47,281505041481729,281668250238977,45,UDP,0.0881927,0.1035,13.5913,5.3556,5.2521,0.7466,0.0486,0.0001,4.4487,0.0082,10.4148,0,569.757,19.5414,0.589299,30.4821,62.2135,1619.55,46098.3,0,0,0,0,0,0,99.2964,0,100,1.0066,53.4818,0.660066,0,0,0,0,0,0,0
1779698752100,18,30064771073,81604378625,19,UDP,0.088449,0.0727,6.78601,2.2226,2.1499,0.2827,0.025,0.0002,1.8304,0.0118,4.25297,0,343.499,19.1518,0.362651,30.4649,32.1209,1619.32,28648.8,0,0,0,0,0,0,99.4027,0,100,1.00094,53.2036,0.0938086,0,0,0,0,0,0,0
1779698752128,57,281517926383617,281711199911937,55,UDP,0.0704925,0.0508,12.558,0.9423,0.8915,0.8654,0.009,0.0004,0.0047,0.0124,15.4188,0,560.127,19.0805,0.579208,30.4441,62.3538,1621.4,45851.9,0,0,0,0,0,0,99.291,0,100,1,53.2582,0,0,0,0,0,0,0,0
1779698752225,67,844489354641409,281745559650305,63,UDP,0.308297,0.0898,20.359,1.2854,1.1956,0.2468,0.0068,0.0004,0.9069,0.0351,7.24348,0,547.375,18.838,0.566213,30.4974,62.1947,1628.76,45092.7,0,0,0,0,0,0,99.2909,0,100,1.00329,53.5822,0.328947,0,0,0,0,0,0,0
1779698752232,28,844446404968449,281590940827649,27,UDP,0.127129,0.0705,9.04171,2.5416,2.4711,0.8727,0.0011,0.0003,1.5953,0.002,12.6982,0,417.361,18.8778,0.436239,30.4849,54.1398,1621.03,36449,0,0,0,0,0,0,99.2339,0,100,1.00219,53.2913,0.219058,0,0,0,0,0,0,0
1779698752357,77,563005787996161,322122547201,75,UDP,0.0782875,0.0957,10.0708,1.0608,0.9651,0.7089,0.231,0.0006,0.0149,0.0103,2.5743,0,476.765,18.464,0.495229,30.3916,56.5844,1633.15,42170.2,0,0,0,0,0,0,99.3225,0,100,1,53.7368,0,0,0,0,0,0,0,0
1779698752371,38,73014444033,281633890500609,37,UDP,0.128521,0.4259,13.5355,2.8587,2.4328,1.0226,0.0164,0.0007,1.2959,0.0979,10.391,0,435.922,18.4133,0.454335,30.4541,53.6744,1621.98,38794.7,0,0,0,0,0,0,99.2792,0,100,1.00528,53.5409,0.527704,0,0,0,0,0,0,0
1779698752496,48,562980018192385,281676840173569,47,UDP,0.228561,0.0864,11.5471,0.8772,0.7908,0.7434,0.0166,0.0007,0.0082,0.0226,11.9092,0,431.257,18.16,0.449416,30.4858,51.3761,1626.04,38344.8,0,0,0,0,0,0,99.3019,0,100,1.00329,53.5132,0.328947,0,0,0,0,0,0,0
1779698752503,9,844442110001153,281513631416321,9,UDP,0.437175,0.07,9.05131,1.1407,1.0707,1.042,0.0094,0.0004,0.0076,0.0117,6.70272,0,225.452,18.16,0.243612,30.5019,32.0757,1622.95,20098.8,0,0,0,0,0,0,99.1486,0,100,1.00329,53.3829,0.328677,0,0,0,0,0,0,0
1779698752628,58,103079215105,261993005057,61,UDP,0.0829101,0.0721,8.87124,0.1191,0.047,0.0103,0.0138,0.0006,0.0141,0.0088,10.6061,0,419.525,17.8143,0.437339,30.4615,47.5253,1629.92,37609.8,0,0,0,0,0,0,99.3416,0,100,1.00219,53.625,0.219298,0,0,0,0,0,0,0
1779698752629,19,34359738369,281556581089281,19,UDP,0.102583,0.1122,9.79748,6.0884,5.9762,0.2176,0.0122,0.0006,5.738,0.0084,11.5655,0,267.973,17.8047,0.285778,30.4861,32.1131,1623.58,24345.9,0,0,0,0,0,0,99.287,0,100,1.00282,53.4066,0.28169,0,0,0,0,0,0,0
1779698752747,68,562984313159681,281754149584897,65,UDP,0.07652,0.0942,13.7551,3.9557,3.8615,0.3095,2.4116,0.001,1.1372,0.0032,4.33353,0,409.928,17.5202,0.427448,30.4652,39.9544,1637.83,35897.4,0,0,0,0,0,0,99.3945,0,100,1.00329,53.9375,0.328947,0,0,0,0,0,0,0
1779698752767,29,844450699935745,133143986177,31,UDP,0.0916556,0.0729,7.46718,1.6946,1.6217,0.6246,0.0067,0.0003,0.9766,0.0138,5.93348,0,309.664,17.669,0.327333,30.5006,32.0989,1625.92,28591.6,0,0,0,0,0,0,99.3986,0,100,1.00549,53.6004,0.548847,0,0,0,0,0,0,0
1779698752865,78,281565171023873,281822869061633,81,UDP,0.06925,0.0885,30.4458,1.5362,1.4477,0.4594,0.003,0.0004,0.9671,0.0182,8.25987,0,340.229,17.2798,0.357509,30.3931,30.9929,1657.62,32637.6,0,0,0,0,0,0,99.5191,0,100,1,54.5395,0,0,0,0,0,0,0,0
1779698752878,39,562975723225089,176093659137,41,UDP,0.0932014,0.0604,10.2685,0.364,0.3036,0.1406,0.1284,0.0009,0.0221,0.0125,14.4085,0,317.842,17.3548,0.335197,30.505,32.1042,1629.32,29663.2,0,0,0,0,0,0,99.409,0,100,1.00263,53.5519,0.262812,0,0,0,0,0,0,0
1779698753017,49,844472174772225,219043332097,51,UDP,0.0895162,0.074,12.6793,0.9643,0.8903,0.8622,0.0142,0.0005,0.0061,0.0078,8.69914,0,312.58,17.1115,0.329692,30.5281,32.027,1634.08,29539.6,0,0,0,0,0,0,99.422,0,100,1.00328,53.7028,0.328407,0,0,0,0,0,0,0
1779698753017,10,562954248388609,281522221350913,11,UDP,0.097592,0.0828,7.98904,0.4164,0.3336,0.3025,0.0149,0.0004,0.0044,0.0118,8.16365,0,245.201,16.9906,0.262192,30.5009,32.0996,1625.79,23545.4,0,0,0,0,0,0,99.2632,0,100,1.00246,53.4343,0.246305,0,0,0,0,0,0,0
1779698753129,20,562962838323201,90194313217,21,UDP,0.136305,0.1006,14.2335,1.3795,1.2789,0.0924,1.1114,0.0003,0.0699,0.0052,14.789,0,270.258,16.7127,0.286971,30.4712,32.099,1626.39,25966.5,0,0,0,0,0,0,99.3368,0,100,1.00566,53.6767,0.565504,0,0,0,0,0,0,0
1779698753142,59,281522221350913,281719789846529,57,UDP,0.0704766,0.0619,22.6493,2.9652,2.9033,1.8256,0.0123,0.0003,1.0527,0.0127,10.7475,0,306.719,16.6632,0.323382,30.4631,31.9295,1637.21,29206.5,0,0,0,0,0,0,99.4201,0,100,1.0044,53.9802,0.43956,0,0,0,0,0,0,0
1779698753261,69,281552286121985,281762739519489,67,UDP,0.312159,0.0593,2.81957,1.0265,0.9672,0.9455,0.0099,0.0006,0.0045,0.0073,0.682367,0,301.936,16.4484,0.318385,30.4971,31.9969,1649.74,28675.4,0,0,0,0,0,0,99.3981,0,100,1.00329,54.273,0.328947,0,0,0,0,0,0,0
1779698753267,30,60129542145,141733920769,33,UDP,0.227643,0.0493,9.29598,0.4323,0.383,0.3056,0.0543,0.0001,0.0129,0.0102,7.30434,0,292.716,16.4761,0.309192,30.5181,32.0173,1631.05,29061.5,0,0,0,0,0,0,99.4203,0,100,1.00659,53.7978,0.659341,0,0,0,0,0,0,0
1779698753281,0,844424930131969,281479271677953,1,UDP,0.111177,0.0569,10.2555,3.3756,3.3187,0.1267,0.0062,0.0001,3.1766,0.0092,7.88364,0,175.625,15.7344,0.191359,30.4944,32.0714,1618.6,15419.3,0,0,0,0,0,0,98.8762,0,100,1.00734,53.4681,0.733676,0,0,0,0,0,0,0
1779698753379,1,1,4294967297,1,UDP,0.0806515,0.063,10.8825,1.836,1.773,0.2757,0.0255,0.0001,1.459,0.0128,11.438,0,232.529,16.1694,0.248699,30.4967,32.0293,1627.03,23449.4,0,0,0,0,0,0,99.279,0,100,1.00512,53.6245,0.512445,0,0,0,0,0,0,0
1779698753386,79,844493649608705,330712481793,77,UDP,0.102388,0.0554,14.5783,5.5966,5.5412,0.088,0.0059,0.0005,5.4397,0.0076,2.5662,0,252.772,16.119,0.268891,30.3942,30.7942,1679.28,26333.8,0,0,0,0,0,0,99.3758,0,100,1,55.25,0,0,0,0,0,0,0,0
1779698753392,40,77309411329,281642480435201,39,UDP,0.100535,0.0765,14.0393,4.6862,4.6097,0.8104,0.0033,0.0002,3.7633,0.0327,9.087,0,325.777,16.1112,0.341888,30.4668,32.1061,1631.85,33313.8,0,0,0,0,0,0,99.474,0,100,1.00263,53.7026,0.263158,0,0,0,0,0,0,0
1779698753517,11,562958543355905,281530811285505,13,UDP,0.0799324,0.0563,12.4149,3.1995,3.1432,1.8714,0.0086,0.0001,1.2441,0.0191,15.6739,0,271.776,15.9229,0.287699,30.4862,32.1854,1628.11,26954.1,0,0,0,0,0,0,99.346,0,100,1.00412,53.6247,0.411523,0,0,0,0,0,0,0
1779698753531,50,844476469739521,281685430108161,49,UDP,0.0902287,0.0966,7.50679,1.8452,1.7486,1.6336,0.0129,0.001,0.0094,0.0927,7.64156,0,290.311,15.8818,0.306193,30.4936,32.0432,1637.65,30051.1,0,0,0,0,0,0,99.4243,0,100,1.00164,53.7931,0.164204,0,0,0,0,0,0,0
1779698753636,60,281526516318209,270582939649,63,UDP,0.0826541,0.1032,9.38955,1.6854,1.5822,1.5174,0.0372,0.0009,0.0151,0.0125,7.14273,0,283.603,15.6231,0.299226,30.4635,31.7967,1644.83,29829.1,0,0,0,0,0,0,99.4451,0,100,1.0044,54.2308,0.43956,0,0,0,0,0,0,0
1779698753656,21,38654705665,98784247809,23,UDP,0.0875665,0.0648,8.60126,2.8605,2.7957,0.6733,0.0059,0.0002,2.1131,0.0034,5.82914,0,300.295,15.6053,0.3159,30.4881,32.0296,1630.54,31145.4,0,0,0,0,0,0,99.4567,0,100,1.00376,53.6823,0.37594,0,0,0,0,0,0,0
1779698753768,31,281492156579841,281599530762241,29,UDP,0.0774353,0.0907,5.94778,0.8685,0.7778,0.6846,0.0142,0.0008,0.0699,0.0091,8.12377,0,343.075,15.4323,0.358507,30.4866,56.3419,1632.52,39450.9,0,0,0,0,0,0,99.2454,0,100,1.00439,53.7838,0.439078,0,0,0,0,0,0,0
1779698753774,70,562988608126977,313532612609,73,UDP,0.133634,0.0699,13.4879,3.1648,3.0949,1.8449,0.0024,0.0003,1.2351,0.0125,5.10886,0,276.11,15.4367,0.291546,30.4919,31.7916,1662.26,29463.6,0,0,0,0,0,0,99.4184,0,100,1,54.5148,0,0,0,0,0,0,0,0
1779698753899,80,115964116993,339302416385,79,UDP,0.0754125,0.0972,1.43461,0.9573,0.8601,0.7711,0.0317,0.0014,0.0117,0.0456,0.136375,0,234.057,15.1366,0.249194,30.3852,30.5851,1703.17,26336.2,0,0,0,0,0,0,99.4163,0,100,1,56.0526,0,0,0,0,0,0,0,0
1779698753900,2,844429225099265,281487861612545,3,UDP,0.091211,0.0885,13.3673,3.4959,3.4074,0.1469,0.0016,0.0002,3.248,0.0109,9.65306,0,255.237,15.1158,0.270352,30.4863,32.0627,1629.27,27694.1,0,0,0,0,0,0,99.3852,0,100,1.00512,53.7167,0.512445,0,0,0,0,0,0,0
1779698753913,41,81604378625,184683593729,43,UDP,0.435693,0.0786,8.16808,3.4045,3.3259,1.0567,0.0079,0.0003,2.2518,0.0095,8.66785,0,335.894,15.1099,0.351004,30.4921,54.7898,1638.06,39190.6,0,0,0,0,0,0,99.2822,0,100,1.00527,54.004,0.527009,0,0,0,0,0,0,0
1779698754031,51,281509336449025,227633266689,53,UDP,0.0915231,0.0577,8.21451,1.1926,1.1349,0.1688,0.0074,0.0003,0.9262,0.0325,5.92508,0,332.424,14.9551,0.347379,30.4982,52.8969,1643.5,38851.5,0,0,0,0,0,0,99.2922,0,100,1,53.8885,0,0,0,0,0,0,0,0
1779698754032,12,12884901889,47244640257,11,UDP,0.133808,0.079,10.4866,3.2065,3.1275,0.1879,0.0021,0.0001,2.9282,0.0093,11.6745,0,305.942,14.9551,0.320897,30.5126,32.0869,1631.16,34130.7,0,0,0,0,0,0,99.4952,0,98.6842,1.00577,53.7669,0.576606,0,0,0,0,0,0,0
1779698754163,61,281530811285505,279172874241,65,UDP,0.0827281,0.0847,11.5645,0.9461,0.8614,0.8342,0.0092,0.0005,0.0071,0.0109,8.18554,0,320.705,14.6758,0.335381,30.5031,49.4843,1655.43,38083.6,0,0,0,0,0,0,99.3251,0,100,1.00439,54.5088,0.438596,0,0,0,0,0,0,0
1779698754164,22,42949672961,107374182401,25,UDP,0.112551,0.0481,10.3711,1.5425,1.4944,1.1673,0.3132,0.0004,0.0099,0.004,10.146,0,340.852,14.6758,0.355528,30.4911,57.2421,1634.36,41717.2,0,0,0,0,0,0,99.2797,0,100,1.00282,53.7521,0.28169,0,0,0,0,0,0,0
1779698754275,32,844454994903041,150323855361,35,UDP,0.0885916,0.0805,9.56876,0.8996,0.8191,0.7926,0.0084,0.0014,0.0095,0.0086,8.66218,0,408.31,14.564,0.422875,30.4909,62.1482,1637.41,47731.1,0,0,0,0,0,0,99.3187,0,100,1.00771,54.1156,0.770925,0,0,0,0,0,0,0
1779698754288,71,562992903094273,281771329454081,69,UDP,0.0765941,0.0995,4.41025,0.2358,0.1363,0.1104,0.0143,0.0004,0.0063,0.0053,8.05969,0,308.244,14.5242,0.322768,30.4919,42.5887,1673.66,36320.8,0,0,0,0,0,0,99.4055,0,100,1.00329,55.0691,0.328947,0,0,0,0,0,0,0
1779698754400,3,4294967297,12884901889,3,UDP,0.0926668,0.0758,12.5109,0.4388,0.363,0.3346,0.0158,0.0004,0.009,0.0036,8.31174,0,272.267,14.3125,0.286579,30.4971,32.1186,1632.38,31908.6,0,0,0,0,0,0,99.459,0,100,1.00439,53.7608,0.438917,0,0,0,0,0,0,0
1779698754406,81,563010082963457,281831458996225,83,UDP,0.0546,0.0679,5.15465,0.4993,0.4314,0.3638,0.0503,0.0005,0.0083,0.009,1.3301,0,252.806,14.2996,0.267106,30.3923,30.1923,1725.16,30499.6,0,0,0,0,0,0,99.4749,0,0,1,56.7632,0,0,0,0,0,0,0,0
1779698754434,42,844463584837633,281651070369793,41,UDP,0.058041,0.0665,7.12049,3.9572,3.8907,1.8727,0.1071,0.0001,1.9024,0.0085,7.76371,0,392.076,14.2567,0.406333,30.466,62.0514,1641.48,46504.8,0,0,0,0,0,0,99.3091,0,100,1.00395,54.0922,0.395257,0,0,0,0,0,0,0
1779698754545,52,94489280513,236223201281,55,UDP,0.0779308,0.0718,3.98681,1.8669,1.7951,0.7629,0.0071,0.0001,1.0156,0.0095,4.08577,0,413.637,14.1497,0.427787,30.4936,61.887,1649.95,49580.9,0,0,0,0,0,0,99.3594,0,100,1.00826,54.5554,0.826446,0,0,0,0,0,0,0
1779698754546,13,281479271677953,55834574849,13,UDP,0.109894,0.0509,11.7959,1.7152,1.6643,0.6903,0.026,0.0001,0.9436,0.0044,7.20862,0,330.918,14.1595,0.345077,30.4897,57.1306,1634.5,42598.7,0,0,0,0,0,0,99.3069,0,100,1.00494,53.8731,0.494234,0,0,0,0,0,0,0
1779698754664,62,281535106252801,287762808833,67,UDP,0.0727901,0.0539,6.27758,0.4532,0.3993,0.368,0.0204,0.0002,0.0061,0.0048,7.2718,0,380.054,13.9072,0.393962,30.4625,61.9916,1661.31,45968.3,0,0,0,0,0,0,99.3048,0,100,1.00219,54.6557,0.219298,0,0,0,0,0,0,0
1779698754664,23,281487861612545,281565171023873,21,UDP,0.0619368,0.0533,6.77512,4.8225,4.7692,0.7751,0.0697,0.0001,3.9135,0.0109,9.11332,0,398.306,13.9168,0.412222,30.4784,62.2136,1637.29,48703.4,0,0,0,0,0,0,99.3292,0,100,1.00851,54.1768,0.850662,0,0,0,0,0,0,0
1779698754796,72,281556581089281,281779919388673,71,UDP,0.0891792,0.0546,8.01657,1.7633,1.7087,0.7242,0.0018,0.0001,0.906,0.0767,1.34043,0,358.56,14.0144,0.372574,30.4964,61.5928,1686.1,44194.4,0,0,0,0,0,0,99.2968,0,100,1,55.2885,0,0,0,0,0,0,0,0
1779698754796,33,844459289870337,281608120696833,31,UDP,0.0960244,0.0466,9.55886,0.9699,0.9233,0.8212,0.0777,0.0007,0.014,0.0104,8.01106,0,447.93,14.0144,0.461944,30.5215,62.0427,1641.3,55082.9,0,0,0,0,0,0,99.4189,0,98.1481,1.00439,54.011,0.438596,0,0,0,0,0,0,0
1779698754921,82,844497944576001,347892350977,81,UDP,0.0825625,0.0669,0.982213,1.9308,1.8639,1.7793,0.0122,0.0004,0.007,0.0654,0.271025,0,278.328,13.9968,0.292325,30.3926,30.1926,1749.17,34782.5,0,0,0,0,0,0,99.566,0,0,1,57.5526,0,0,0,0,0,0,0,0
1779698754927,4,562949953421313,281496451547137,5,UDP,0.088934,0.0642,9.21866,1.4785,1.4143,0.5845,0.0017,0.0004,0.8221,0.006,8.18728,0,262.496,14.0288,0.276525,30.4884,32.1538,1635.03,32972.8,0,0,0,0,0,0,99.4728,0,100,1.00512,53.9026,0.512445,0,0,0,0,0,0,0
1779698754934,43,844467879804929,281659660304385,43,UDP,0.102623,0.0615,8.17484,3.397,3.3355,1.998,0.03,0.0004,1.3056,0.0019,8.92846,0,431.934,13.9968,0.445931,30.4762,62.0722,1646.03,52830.7,0,0,0,0,0,0,99.3916,0,100,1.00263,54.1526,0.263158,0,0,0,0,0,0,0
1779698755053,53,281513631416321,244813135873,57,UDP,0.0879599,0.0859,5.7447,0.7351,0.6492,0.6434,0.001,0.0001,0.0038,0.001,3.30259,0,440.506,14.048,0.454554,30.4941,61.938,1655.68,54416.7,0,0,0,0,0,0,99.4156,0,100,1.00494,54.5634,0.494234,0,0,0,0,0,0,0
1779698755053,14,17179869185,64424509441,15,UDP,0.072813,0.0531,9.25217,0.4895,0.4364,0.1386,0.2885,0.0001,0.0039,0.0054,7.88832,0,352.131,14.136,0.366267,30.5063,60.6129,1638.42,44995.8,0,0,0,0,0,0,99.3026,0,100,1.00164,53.7957,0.164069,0,0,0,0,0,0,0
1779698755178,63,281539401220097,296352743425,69,UDP,0.0852005,0.0766,3.22882,0.7168,0.6402,0.6007,0.0103,0.0003,0.0085,0.0207,3.34315,0,429.472,14.1552,0.443627,30.5297,61.8592,1671.67,52078.5,0,0,0,0,0,0,99.3877,0,100,1.00219,54.8753,0.218818,0,0,0,0,0,0,0
1779698755212,24,47244640257,281573760958465,23,UDP,0.102336,0.1661,8.48606,2.0868,1.9207,0.863,0.005,0.0001,1.0418,0.0109,9.01742,0,415.864,14.1216,0.429986,30.4632,62.0399,1639.96,51903.2,0,0,0,0,0,0,99.3824,0,100,1.0066,54.1896,0.660377,0,0,0,0,0,0,0
1779698755303,73,562997198061569,281788509323265,73,UDP,0.151203,0.085,19.276,0.8281,0.7431,0.7105,0.0187,0.0005,0.0052,0.0087,4.35064,0,403.155,14.1504,0.417306,30.4974,61.2948,1697.56,49600.9,0,0,0,0,0,0,99.3769,0,100,1.00329,55.8454,0.328947,0,0,0,0,0,0,0
1779698755317,34,64424509441,281616710631425,33,UDP,0.115092,0.0695,9.52284,1.2281,1.1586,0.3182,0.0101,0.0002,0.823,0.0073,5.58725,0,428.934,14.2192,0.443154,30.5105,61.987,1646.57,52860.7,0,0,0,0,0,0,99.3951,0,100,1.00219,54.0853,0.218818,0,0,0,0,0,0,0
1779698755435,83,844502239543297,281840048930817,85,UDP,0.058,0.0552,0.492038,1.1818,1.1266,0.1114,0.0012,0.0004,1.0075,0.0065,0.197075,0,325.878,14.2016,0.34008,30.3978,43.9969,1775.07,40731.9,0,0,0,0,0,0,99.4373,0,0,1,58.3947,0,0,0,0,0,0,0,0
1779698755442,44,85899345921,193273528321,45,UDP,0.212873,0.0817,6.45123,1.8477,1.766,0.7975,0.0107,0.0003,0.9556,0.0022,9.18415,0,473.107,14.2016,0.487309,30.4672,61.9341,1651.15,58184.7,0,0,0,0,0,0,99.449,0,100,1.00263,54.3368,0.263158,0,0,0,0,0,0,0
1779698755462,5,844433520066561,281505041481729,7,UDP,1.25769,0.0722,11.2316,0.7935,0.7213,0.6809,0.0139,0.0007,0.0154,0.0111,10.3984,0,257.134,14.224,0.271358,30.487,32.0635,1637.53,32896.8,0,0,0,0,0,0,99.4795,0,100,1.00365,53.9086,0.365497,0,0,0,0,0,0,0
1779698755567,54,844480764706817,281694020042753,51,UDP,0.0719738,0.0711,5.42157,3.0628,2.9917,0.251,0.0042,0.0001,2.6616,0.0749,4.40231,0,428.474,14.3648,0.442838,30.5422,61.9841,1663.72,52523.7,0,0,0,0,0,0,99.3901,0,100,1.00328,54.6519,0.328407,0,0,0,0,0,0,0
1779698755567,15,21474836481,281539401220097,15,UDP,0.0872023,0.0613,8.92584,0.227,0.1657,0.1384,0.0093,0.0006,0.0066,0.0114,6.45426,0,303.8,14.3088,0.318109,30.5025,54.7596,1640.77,40321.4,0,0,0,0,0,0,99.2918,0,100,1.00329,53.968,0.328677,0,0,0,0,0,0,0
1779698755692,64,281543696187393,304942678017,71,UDP,0.0788969,0.0805,4.5492,3.441,3.3605,0.321,0.0058,0.0003,3.023,0.0107,9.4446,0,428.653,14.2912,0.442944,30.4642,61.795,1676.6,52167.9,0,0,0,0,0,0,99.4013,0,100,1.00219,55.1557,0.219298,0,0,0,0,0,0,0
1779698755692,25,51539607553,115964116993,27,UDP,0.0925182,0.0957,7.1585,0.4914,0.3957,0.3558,0.0132,0.0006,0.0106,0.0161,10.0653,0,403.205,14.3136,0.417518,30.4733,62.0033,1643.59,50670.3,0,0,0,0,0,0,99.3705,0,100,1.00376,54.1383,0.376294,0,0,0,0,0,0,0
1779698755817,74,563001493028865,281797099257857,75,UDP,0.118217,0.0592,14.3763,1.1028,1.0436,0.372,0.398,0.0003,0.264,0.0096,2.90252,0,394.102,14.3984,0.408501,30.4948,61.2895,1707.61,48911.1,0,0,0,0,0,0,99.3502,0,100,1,55.9967,0,0,0,0,0,0,0,0
1779698755837,35,68719476737,158913789953,37,UDP,0.08024,0.0835,7.31961,1.6874,1.6039,0.6267,0.0773,0.0003,0.8902,0.0097,5.26958,0,454.686,14.4208,0.469107,30.4763,62.0516,1648.95,56999.5,0,0,0,0,0,0,99.4331,0,100,1.00219,54.2245,0.219058,0,0,0,0,0,0,0
1779698755949,84,120259084289,281848638865409,87,UDP,0.0882875,0.1064,0.5803,1.6114,1.505,1.4706,0.014,0.001,0.0119,0.0085,0.2946,0,310.344,14.3936,0.324738,30.3961,36.9952,1798.97,38788,0,0,0,0,0,0,99.5231,0,0,1,59.1842,0,0,0,0,0,0,0,0
1779698755963,6,8589934593,21474836481,5,UDP,0.107322,0.0764,9.77891,0.2864,0.21,0.1866,0.0094,0.0006,0.0066,0.0074,7.16056,0,244.344,14.4064,0.25875,30.4882,31.9982,1639.86,29899.1,0,0,0,0,0,0,99.4287,0,100,1.00292,53.9438,0.292184,0,0,0,0,0,0,0
1779698755977,45,90194313217,201863462913,47,UDP,0.121241,0.0793,10.298,1.7523,1.673,0.5645,0.0058,0.0003,1.0915,0.0112,7.73165,0,453.216,14.4064,0.467622,30.5014,61.8823,1657.11,56014.2,0,0,0,0,0,0,99.4348,0,100,1.00395,54.5434,0.394737,0,0,0,0,0,0,0
1779698756081,16,25769803777,73014444033,17,UDP,0.105138,0.0568,5.51273,2.4029,2.3461,1.69,0.0134,0.0011,0.6378,0.0049,6.0234,0,304.317,14.5008,0.318818,30.5032,54.3112,1643.65,40278.3,0,0,0,0,0,0,99.3025,0,100,1.00577,54.1952,0.576606,0,0,0,0,0,0,0
1779698756095,55,98784247809,281702609977345,53,UDP,0.0837584,0.0597,6.8309,0.3273,0.2676,0.0149,0.0079,0.0004,0.2393,0.0055,7.02148,0,427.818,14.5136,0.442331,30.487,62.0236,1667.79,52516.8,0,0,0,0,0,0,99.3811,0,100,1.00494,54.9753,0.494234,0,0,0,0,0,0,0
1779698756199,65,281547991154689,281728379781121,59,UDP,0.0720123,0.0822,23.0293,4.2579,4.1757,1.8675,0.1248,0.0003,2.1757,0.0077,6.71356,0,428.048,14.5392,0.442587,30.5308,62.0615,1686.93,52162.9,0,0,0,0,0,0,99.3696,0,100,1,55.2533,0,0,0,0,0,0,0,0
1779698756206,26,55834574849,124554051585,29,UDP,0.0930034,0.1679,6.56587,0.3231,0.1552,0.1176,0.0128,0.0018,0.0149,0.0099,5.23513,0,399.314,14.5056,0.413819,30.4751,61.8927,1647.11,50560.4,0,0,0,0,0,0,99.3729,0,100,1.00566,54.3534,0.565504,0,0,0,0,0,0,0
1779698756331,75,281560876056577,281805689192449,77,UDP,0.113026,0.0545,9.05974,2.5772,2.5227,0.5516,0.0433,0.0001,1.906,0.0218,3.38034,0,393.12,14.6032,0.407723,30.4952,61.1903,1720.43,49029,0,0,0,0,0,0,99.3719,0,100,1.00329,56.602,0.328947,0,0,0,0,0,0,0
1779698756352,36,281496451547137,167503724545,39,UDP,0.12737,0.0506,8.74929,1.4352,1.3846,0.4398,0.0075,0.0002,0.9295,0.0078,4.91215,0,428.606,14.6032,0.44321,30.4755,62.0168,1652.51,52866.1,0,0,0,0,0,0,99.3865,0,100,1.00549,54.522,0.549451,0,0,0,0,0,0,0
1779698756463,85,281569465991169,281857228800001,89,UDP,0.0787516,0.0771,0.257519,0.2503,0.1732,0.0154,0.0103,0.0012,0.1445,0.003,0.0618,0,308.293,14.6544,0.322947,30.5951,35.7942,1831.51,38530.4,0,0,0,0,0,0,99.4878,0,0,1,59.8627,0,0,0,0,0,0,0,0
1779698756470,46,281500746514433,210453397505,49,UDP,0.0902692,0.0801,12.7208,0.7084,0.6283,0.5954,0.0164,0.0004,0.0128,0.0037,8.03398,0,437.522,14.608,0.45213,30.4658,61.8112,1660.51,54643.6,0,0,0,0,0,0,99.4212,0,100,1,54.5039,0,0,0,0,0,0,0,0
1779698756490,7,844437815033857,30064771073,7,UDP,0.107612,0.0843,11.1484,2.2315,2.1472,1.1265,0.0061,0.0001,1.0034,0.0112,8.11791,0,215.368,14.6208,0.229989,30.4814,31.991,1642.2,27619,0,0,0,0,0,0,99.3781,0,100,1.0066,54.2309,0.659824,0,0,0,0,0,0,0
1779698756595,56,844485059674113,253403070465,59,UDP,0.123471,0.0751,13.9151,0.6217,0.5466,0.5226,0.0097,0.0003,0.0049,0.0094,6.3537,0,427.27,14.7056,0.441976,30.5465,61.7929,1674.26,52445.2,0,0,0,0,0,0,99.3914,0,96.9697,1.00493,55.0806,0.493421,0,0,0,0,0,0,0
1779698756595,17,281483566645249,281547991154689,17,UDP,0.0811572,0.0753,7.52897,0.7477,0.6724,0.6473,0.0087,0.0003,0.0067,0.0097,4.40616,0,274.766,14.7248,0.289491,30.5023,53.1854,1646.95,37831.3,0,0,0,0,0,0,99.2692,0,100,1.00494,54.2609,0.493827,0,0,0,0,0,0,0
1779698756720,66,107374182401,281736969715713,61,UDP,0.0952565,0.0891,13.0348,1.4851,1.396,0.4512,0.0008,0.0001,0.9329,0.0111,3.43553,0,429.949,14.7568,0.444706,30.5306,61.6611,1695.58,52138.1,0,0,0,0,0,0,99.4028,0,100,1.00439,55.7807,0.438596,0,0,0,0,0,0,0
1779698756720,27,562967133290497,281582350893057,25,UDP,0.0886045,0.0499,8.67348,1.1183,1.0684,0.4056,0.369,0.0001,0.2867,0.0071,7.81322,0,350.576,14.7072,0.365283,30.4709,61.7128,1650.14,45158.9,0,0,0,0,0,0,99.2826,0,100,1.00566,54.4609,0.565504,0,0,0,0,0,0,0
1779698756845,76,111669149697,281814279127041,79,UDP,0.084168,0.0862,8.46582,3.6303,3.5441,1.5478,0.0117,0.0003,1.9667,0.0179,2.31286,0,392.352,14.7392,0.407091,30.4979,60.8959,1731.98,48851,0,0,0,0,0,0,99.373,0,100,1,56.7902,0,0,0,0,0,0,0,0
1779698756845,37,562971428257793,281625300566017,35,UDP,0.116779,0.089,12.7756,1.4663,1.3773,0.4395,0.0077,0.0004,0.921,0.0091,6.81791,0,374.813,14.7296,0.389542,30.4897,61.9457,1657.27,48166.2,0,0,0,0,0,0,99.3305,0,100,1.00549,54.6538,0.549451,0,0,0,0,0,0,0
1779698756977,8,281474976710657,38654705665,9,UDP,0.0823122,0.072,8.37348,2.2256,2.1536,0.2651,0.0043,0.0003,1.8741,0.0101,7.92149,0,187.453,14.752,0.202205,30.4996,31.8769,1645.27,23413.6,0,0,0,0,0,0,99.2781,0,100,1.00512,54.2204,0.512445,0,0,0,0,0,0,0
1779698756977,86,124554051585,356482285569,83,UDP,0.1736,0.0938,1.69337,2.2497,2.1559,0.1381,0.0115,0.0003,1.992,0.0143,0.15895,0,306.141,14.752,0.320893,30.3945,33.9938,1843.67,38260.7,0,0,0,0,0,0,99.5558,0,0,1,60.6579,0,0,0,0,0,0,0,0
1779698756984,47,281505041481729,281668250238977,45,UDP,0.0819053,0.0595,10.7879,2.8779,2.8184,1.5225,0.0096,0.0002,1.2755,0.0108,7.49283,0,374.867,14.752,0.389619,30.4648,61.7693,1664.37,46248.9,0,0,0,0,0,0,99.3092,0,100,1.00528,54.9208,0.527704,0,0,0,0,0,0,0
1779698757102,18,30064771073,81604378625,19,UDP,0.0867607,0.0982,5.17394,1.4865,1.3883,1.3525,0.0145,0.0003,0.0086,0.0127,2.77769,0,231.6,14.808,0.246408,30.4819,31.856,1648.27,28686.5,0,0,0,0,0,0,99.4127,0,100,1.00082,54.1181,0.0820345,0,0,0,0,0,0,0
1779698757130,57,281517926383617,281711199911937,55,UDP,0.0740522,0.0669,8.84904,1.3908,1.3239,0.459,0.0094,0.0003,0.8457,0.0098,7.20646,0,374.611,14.808,0.389419,30.4817,61.763,1678.69,46093.4,0,0,0,0,0,0,99.3083,0,100,1,55.0721,0,0,0,0,0,0,0,0
1779698757227,67,844489354641409,281745559650305,63,UDP,0.231973,0.0919,13.9945,2.2074,2.1155,0.0065,0.0016,0.0002,2.0921,0.0153,3.7,0,374.458,14.808,0.389266,30.5295,61.4589,1702.72,45661,0,0,0,0,0,0,99.3142,0,100,1.00219,55.895,0.218818,0,0,0,0,0,0,0
1779698757234,28,844446404968449,281590940827649,27,UDP,0.11493,0.0664,7.85317,4.0042,3.9378,0.157,0.0056,0.0002,3.766,0.0092,7.42145,0,274.027,14.752,0.288779,30.4724,50.7206,1652.85,36135,0,0,0,0,0,0,99.2779,0,100,1.00282,54.3938,0.281955,0,0,0,0,0,0,0
1779698757359,77,563005787996161,322122547201,75,UDP,0.0836502,0.0492,7.16824,2.2317,2.1825,1.8934,0.2586,0.0005,0.0212,0.0093,1.75611,0,312.493,14.808,0.327301,30.4995,44.6993,1742.27,40621,0,0,0,0,0,0,99.4464,0,100,1,57.1246,0,0,0,0,0,0,0,0
1779698757373,38,73014444033,281633890500609,37,UDP,0.108395,0.0611,9.49369,0.7696,0.7085,0.4757,0.0492,0.0001,0.1772,0.0064,4.76489,0,292.08,14.9056,0.306986,30.5117,49.798,1662.15,38414.2,0,0,0,0,0,0,99.3234,0,100,1.00439,54.7149,0.438596,0,0,0,0,0,0,0
1779698757491,87,281573760958465,281865818734593,91,UDP,0.072625,0.0889,1.8235,0.6363,0.5474,0.524,0.0082,0.0002,0.0042,0.011,0.3392,0,257.699,14.752,0.272451,30.3923,29.9924,1843.54,32204.3,0,0,0,0,0,0,99.5343,0,0,1,60.6579,0,0,0,0,0,0,0,0
1779698757498,48,562980018192385,281676840173569,47,UDP,0.194466,0.0815,9.64666,4.2917,4.2102,1.8195,0.009,0.0004,2.3677,0.014,7.45336,0,292.408,14.752,0.30716,30.4686,47.1423,1669.61,37986.1,0,0,0,0,0,0,99.3567,0,100,1.00263,54.9421,0.263158,0,0,0,0,0,0,0
1779698757505,9,844442110001153,281513631416321,9,UDP,0.35164,0.0684,7.23948,0.8267,0.7583,0.1119,0.0087,0.0003,0.6309,0.0068,4.17463,0,162.562,14.752,0.177314,30.4911,31.868,1647.52,20123.8,0,0,0,0,0,0,99.1557,0,100,1.00292,54.1907,0.292184,0,0,0,0,0,0,0
1779698757623,19,34359738369,281556581089281,19,UDP,0.0926893,0.0687,7.8256,3.3458,3.2771,2.3206,0.0042,0.0002,0.9493,0.003,5.5136,0,197.04,14.808,0.211848,30.5003,31.8492,1651.99,24381.4,0,0,0,0,0,0,99.3001,0,100,1.00246,54.2964,0.246305,0,0,0,0,0,0,0
1779698757630,58,103079215105,261993005057,61,UDP,0.0835316,0.0983,6.18569,0.5976,0.4993,0.4687,0.0028,0.0003,0.0053,0.0225,4.75028,0,292.203,14.808,0.307011,30.4967,43.1953,1685.21,37339.4,0,0,0,0,0,0,99.4015,0,100,1.00164,55.3498,0.164204,0,0,0,0,0,0,0
1779698757748,68,562984313159681,281754149584897,65,UDP,0.0664197,0.043,9.66108,0.5762,0.5332,0.0463,0.4197,0.0001,0.062,0.0052,2.43744,0,292.213,14.808,0.307021,30.5099,36.8383,1708.82,36106.7,0,0,0,0,0,0,99.4404,0,100,1.00219,56.1313,0.218818,0,0,0,0,0,0,0
1779698757769,29,844450699935745,133143986177,31,UDP,0.085066,0.0683,6.30095,2.2726,2.2043,0.2915,0.0049,0.0003,1.896,0.0119,3.65097,0,231.6,14.752,0.246352,30.4862,31.7993,1657.04,28642.7,0,0,0,0,0,0,99.4106,0,100,1.0047,54.6096,0.470367,0,0,0,0,0,0,0
1779698757866,78,281565171023873,281822869061633,81,UDP,0.0840909,0.0917,20.8763,0.4574,0.3657,0.3404,0.0084,0.0004,0.0055,0.0114,4.13476,0,257.085,14.808,0.271893,30.4942,30.4942,1754.17,32384.2,0,0,0,0,0,0,99.5261,0,100,1,57.5246,0,0,0,0,0,0,0,0
1779698757880,39,562975723225089,176093659137,41,UDP,0.0934199,0.1255,7.40476,1.2592,1.1337,0.0721,0.0019,0.0004,1.0403,0.0194,6.61054,0,239.677,14.808,0.254485,30.5212,31.754,1666.27,29712.9,0,0,0,0,0,0,99.4242,0,100,1.00219,54.7133,0.218818,0,0,0,0,0,0,0
1779698758005,88,128849018881,365072220161,85,UDP,0.047475,0.0704,0.4327,0.2899,0.2195,0.193,0.0149,0.0005,0.0097,0.0019,0.0408,0,214.709,14.752,0.229461,30.3887,30.1888,1843.32,26828.6,0,0,0,0,0,0,99.4031,0,0,1,60.6579,0,0,0,0,0,0,0,0
1779698758019,49,844472174772225,219043332097,51,UDP,0.0858546,0.0689,10.5549,6.1115,6.0426,0.8342,0.016,0.0003,5.1842,0.0082,6.26835,0,239.6,14.752,0.254352,30.5019,31.6212,1676.01,29621.1,0,0,0,0,0,0,99.4376,0,100,1.00263,55.092,0.262812,0,0,0,0,0,0,0
1779698758019,10,562954248388609,281522221350913,11,UDP,0.115349,0.0859,6.38488,0.9199,0.834,0.7873,0.0261,0.0003,0.0081,0.0125,4.89712,0,192.842,14.752,0.207594,30.4894,31.8662,1650,23607.3,0,0,0,0,0,0,99.2762,0,100,1.00219,54.2358,0.218978,0,0,0,0,0,0,0
1779698758130,20,562962838323201,90194313217,21,UDP,0.117327,0.0934,10.1074,1.2695,1.1761,1.154,0.0111,0.0005,0.0068,0.0042,6.57658,0,225.738,14.808,0.240546,30.487,31.8364,1654.44,26247.5,0,0,0,0,0,0,99.3545,0,100,1.00494,54.5354,0.494234,0,0,0,0,0,0,0
1779698758144,59,281522221350913,281719789846529,57,UDP,0.0715943,0.0522,15.6542,0.9217,0.8695,0.8372,0.0159,0.0003,0.0061,0.0103,5.3237,0,239.395,14.808,0.254203,30.4978,31.4477,1690.68,29386.4,0,0,0,0,0,0,99.4401,0,100,1.00494,55.71,0.494234,0,0,0,0,0,0,0
1779698758262,69,281552286121985,281762739519489,67,UDP,0.259445,0.0851,2.79061,2.4127,2.3276,0.6491,0.0109,0.0003,1.6645,0.0031,0.90935,0,239.28,14.752,0.254032,30.4613,31.3278,1714.3,29083.7,0,0,0,0,0,0,99.4325,0,100,1.00219,56.4013,0.219298,0,0,0,0,0,0,0
1779698758269,30,60129542145,141733920769,33,UDP,0.190833,0.0823,7.78068,5.0797,4.9974,1.009,0.04,0.0001,3.9433,0.0051,5.34575,0,243.043,14.752,0.257795,30.5009,31.729,1661.44,29249.6,0,0,0,0,0,0,99.433,0,100,1.00565,54.7797,0.564972,0,0,0,0,0,0,0
1779698758282,0,844424930131969,281479271677953,1,UDP,0.0981822,0.0779,7.35769,0.8024,0.7245,0.6719,0.0327,0.0005,0.0066,0.0133,4.10637,0,149.274,18.5776,0.167851,30.5055,31.9848,1688.96,15743.5,0,0,0,0,0,0,98.9088,0,100,1.0066,55.7309,0.659631,0,0,0,0,0,0,0
1779698758380,1,1,4294967297,1,UDP,0.0743403,0.0605,8.05816,3.0876,3.0271,1.0131,0.1342,0.0004,1.8188,0.061,5.35054,0,193.149,14.808,0.207957,30.5068,31.8263,1649.41,23518.7,0,0,0,0,0,0,99.2892,0,100,1.00461,54.316,0.460829,0,0,0,0,0,0,0
1779698758387,79,844493649608705,330712481793,77,UDP,0.093444,0.081,10.0753,0.6637,0.5827,0.5535,0.0125,0.0008,0.0093,0.0074,2.49403,0,206.166,14.808,0.220974,30.4972,30.5972,1765.14,26052.4,0,0,0,0,0,0,99.3752,0,100,1,57.8787,0,0,0,0,0,0,0,0
1779698758394,40,77309411329,281642480435201,39,UDP,0.08584,0.0551,9.99658,1.7185,1.6634,1.6127,0.0311,0.0001,0.0043,0.0153,4.2633,0,270.077,14.808,0.284885,30.4887,31.7549,1668.35,33387.8,0,0,0,0,0,0,99.4877,0,100,1.00219,54.8401,0.219058,0,0,0,0,0,0,0
1779698758519,11,562958543355905,281530811285505,13,UDP,0.0791311,0.0669,9.78438,1.2171,1.1502,0.0832,0.0455,0.0001,1.0107,0.0108,9.21256,0,234.006,14.824,0.24883,30.4978,31.9416,1653.03,27208.3,0,0,0,0,0,0,99.3629,0,100,1.00365,54.3999,0.365497,0,0,0,0,0,0,0
1779698758519,89,844506534510593,373662154753,87,UDP,0.0536594,0.0714,0.332881,0.3485,0.2771,0.2498,0.0109,0.0005,0.0083,0.0081,0.00690001,0,170.242,14.7824,0.185024,30.5974,30.1974,1847.64,21278.4,0,0,0,0,0,0,99.2472,0,0,1,60.3856,0,0,0,0,0,0,0,0
1779698758533,50,844476469739521,281685430108161,49,UDP,0.089436,0.0791,6.35743,4.6803,4.6012,0.5013,0.008,0.0003,4.0825,0.0094,5.71442,0,243.146,14.7264,0.257872,30.475,31.6348,1678.28,30119.6,0,0,0,0,0,0,99.4409,0,100,1.00131,55.1432,0.131406,0,0,0,0,0,0,0
1779698758637,60,281526516318209,270582939649,63,UDP,0.0838009,0.1007,7.10046,2.8338,2.7331,0.0669,0.0117,0.0002,2.629,0.0255,3.23826,0,240.586,14.744,0.25533,30.4975,31.3474,1694.36,29890,0,0,0,0,0,0,99.4592,0,100,1.00329,55.7401,0.328947,0,0,0,0,0,0,0
1779698758658,21,38654705665,98784247809,23,UDP,0.0872787,0.0858,6.39235,0.9777,0.8919,0.8464,0.0161,0.0009,0.021,0.0084,2.88619,0,260.733,14.744,0.275477,30.5019,31.776,1657.07,31325.9,0,0,0,0,0,0,99.4675,0,100,1.00329,54.5053,0.328677,0,0,0,0,0,0,0
1779698758762,31,281492156579841,281599530762241,29,UDP,0.0758208,0.0537,4.99729,2.4465,2.3928,2.2651,0.1137,0.0005,0.0063,0.0077,4.93972,0,295.613,14.6496,0.310262,30.4738,52.6366,1660.86,39093.4,0,0,0,0,0,0,99.2884,0,100,1.00376,54.7065,0.376294,0,0,0,0,0,0,0
1779698758776,70,562988608126977,313532612609,73,UDP,0.127103,0.1032,10.5939,0.18,0.0768,0.0361,0.013,0.0005,0.0045,0.0232,3.56195,0,239.293,14.6368,0.25393,30.4589,31.1921,1717.9,29610.6,0,0,0,0,0,0,99.4454,0,100,1,56.4004,0,0,0,0,0,0,0,0
1779698758901,80,115964116993,339302416385,79,UDP,0.0836318,0.1117,1.28662,1.142,1.0303,0.9634,0.003,0.0004,0.0053,0.0586,0.174194,0,204.733,14.6416,0.219374,30.496,30.296,1766.87,25966.9,0,0,0,0,0,0,99.4151,0,100,1,57.9377,0,0,0,0,0,0,0,0
1779698758901,2,844429225099265,281487861612545,3,UDP,0.0836646,0.045,9.29834,0.3931,0.3481,0.3003,0.0299,0.0009,0.0107,0.0072,5.42914,0,227.453,14.6416,0.242094,30.4983,31.8573,1649.39,27768.4,0,0,0,0,0,0,99.3941,0,100,1.00461,54.3305,0.460829,0,0,0,0,0,0,0
1779698758915,41,81604378625,184683593729,43,UDP,0.317081,0.07,5.84892,1.234,1.164,0.8049,0.0027,0.0003,0.3453,0.0111,4.37281,0,295.454,14.6288,0.310083,30.5105,50.6954,1669.82,38815,0,0,0,0,0,0,99.3312,0,100,1.00439,54.9693,0.438596,0,0,0,0,0,0,0
1779698759026,90,281578055925761,382252089345,89,UDP,0.0504,0.0497,3.2733,0.5426,0.4929,0.4065,0.0083,0.0007,0.0718,0.0063,0.7802,0,170.336,14.5344,0.18487,30.3991,30.3991,1816.74,21291.4,0,0,0,0,0,0,99.1997,0,0,1,59.7632,0,0,0,0,0,0,0,0
1779698759026,51,281509336449025,227633266689,53,UDP,0.0872974,0.0678,6.5844,1.6048,1.537,1.5038,0.015,0.0002,0.0078,0.0104,3.57941,0,295.48,14.5472,0.310027,30.4786,48.3578,1678.48,38468.3,0,0,0,0,0,0,99.3496,0,100,1,55.0709,0,0,0,0,0,0,0,0
1779698759026,12,12884901889,47244640257,11,UDP,0.125004,0.1018,8.4635,2.5244,2.4226,1.3338,0.0074,0.0002,1.067,0.0144,7.32272,0,279.267,14.5472,0.293814,30.5001,31.8552,1651.96,34217.1,0,0,0,0,0,0,99.5037,0,98.6842,1.00512,54.44,0.512445,0,0,0,0,0,0,0
1779698759165,61,281530811285505,279172874241,65,UDP,0.0817733,0.0809,8.19394,2.4373,2.3564,0.4006,0.0084,0.0003,1.9313,0.0161,4.21402,0,291.666,14.5392,0.306205,30.5274,44.6669,1695.89,37677.6,0,0,0,0,0,0,99.3882,0,100,1.00328,55.7356,0.328407,0,0,0,0,0,0,0
1779698759165,22,42949672961,107374182401,25,UDP,0.106958,0.1056,7.15424,0.6314,0.5258,0.5017,0.0112,0.0002,0.0056,0.0073,4.53735,0,314.037,14.5392,0.328576,30.5047,54.0141,1657.22,41409.6,0,0,0,0,0,0,99.3176,0,100,1.00246,54.4606,0.246305,0,0,0,0,0,0,0
1779698759276,32,844454994903041,150323855361,35,UDP,0.0857451,0.0848,7.54455,1.1866,1.1018,0.9864,0.0161,0.0008,0.0133,0.086,5.05723,0,386.386,14.4544,0.40084,30.4776,61.8693,1661.59,47811.6,0,0,0,0,0,0,99.3269,0,100,1.0066,54.8783,0.660377,0,0,0,0,0,0,0
1779698759290,71,562992903094273,281771329454081,69,UDP,0.0769705,0.081,3.90687,1.5586,1.4776,0.3923,0.0087,0.0001,0.9747,0.1019,5.44152,0,283.653,14.4448,0.298098,30.4613,38.4599,1717.63,36032.8,0,0,0,0,0,0,99.4608,0,100,1.00219,56.511,0.219298,0,0,0,0,0,0,0
1779698759401,3,4294967297,12884901889,3,UDP,0.0804295,0.0425,8.656,0.8636,0.8211,0.0658,0.7473,0.0003,0.0036,0.0044,3.7905,0,257.608,14.4592,0.272067,30.5071,31.9265,1649.86,31937.6,0,0,0,0,0,0,99.4661,0,100,1.00395,54.2947,0.394737,0,0,0,0,0,0,0
1779698759408,81,563010082963457,281831458996225,83,UDP,0.0641912,0.0576,4.05466,2.0924,2.0348,0.3036,0.9108,0.0005,0.7707,0.0497,1.7515,0,239.456,14.4496,0.253906,30.4929,30.2929,1765.49,30212.6,0,0,0,0,0,0,99.453,0,0,1,57.8984,0,0,0,0,0,0,0,0
1779698759435,42,844463584837633,281651070369793,41,UDP,0.0592359,0.0684,6.63508,5.6915,5.6231,0.6094,0.0398,0.0002,4.9664,0.0075,4.16368,0,377.274,14.4368,0.39171,30.4888,61.7106,1668.69,46614.6,0,0,0,0,0,0,99.3183,0,100,1.00329,54.9112,0.328947,0,0,0,0,0,0,0
1779698759540,52,94489280513,236223201281,55,UDP,0.0824642,0.1172,3.45389,1.6708,1.5536,1.5057,0.02,0.0008,0.0174,0.0105,2.34067,0,403.322,14.3424,0.417664,30.4743,61.5086,1678.49,49746.8,0,0,0,0,0,0,99.3686,0,100,1.00661,55.4425,0.660502,0,0,0,0,0,0,0
1779698759540,13,281479271677953,55834574849,13,UDP,0.0989049,0.054,9.62103,1.3186,1.2646,1.0967,0.0078,0.0003,0.1497,0.0104,5.10337,0,324.168,14.352,0.33852,30.4794,54.8496,1652.2,42367.5,0,0,0,0,0,0,99.3325,0,100,1.00513,54.485,0.512821,0,0,0,0,0,0,0
1779698759540,91,563014377930753,281874408669185,93,UDP,0.092475,0.0594,3.24991,0.2848,0.2254,0.0326,0.165,0.0004,0.0186,0.0092,0.847175,0,197.04,14.3424,0.211382,30.3973,29.9973,1792.64,24627.8,0,0,0,0,0,0,99.391,0,0,1,58.9737,0,0,0,0,0,0,0,0
1779698759665,62,281535106252801,287762808833,67,UDP,0.0775865,0.0874,4.44488,0.7436,0.6562,0.3556,0.0576,0.0004,0.2315,0.0115,3.21211,0,373.792,14.3472,0.388139,30.4969,61.4938,1694.33,46157.3,0,0,0,0,0,0,99.3183,0,100,1.00164,55.6486,0.164204,0,0,0,0,0,0,0
1779698759665,23,281487861612545,281565171023873,21,UDP,0.0605581,0.0587,5.3373,3.0478,2.9891,1.1015,0.0103,0.0002,1.8578,0.0195,4.62323,0,391.518,14.3568,0.405875,30.4936,61.962,1656.95,48733,0,0,0,0,0,0,99.3361,0,100,1.00743,54.7415,0.743187,0,0,0,0,0,0,0
1779698759790,72,281556581089281,281779919388673,71,UDP,0.0857826,0.0668,6.37535,1.1088,1.042,1.0123,0.0079,0.0005,0.0063,0.0155,0.965523,0,349.533,14.24,0.363773,30.4636,60.9273,1717.36,44025.9,0,0,0,0,0,0,99.3038,0,100,1,56.3742,0,0,0,0,0,0,0,0
1779698759797,33,844459289870337,281608120696833,31,UDP,0.0943811,0.106,7.44858,0.3635,0.2575,0.1671,0.0115,0.0005,0.0777,0.0012,4.64557,0,448.312,14.2496,0.462562,30.504,61.7791,1661.27,55219.1,0,0,0,0,0,0,99.4252,0,98.1818,1.00376,54.6654,0.37594,0,0,0,0,0,0,0
1779698759922,82,844497944576001,347892350977,81,UDP,0.0878827,0.0982,0.833099,0.4378,0.3396,0.0968,0.1988,0.0006,0.014,0.03,0.54069,0,274.027,14.2576,0.288285,30.4988,30.1988,1765.83,34520.8,0,0,0,0,0,0,99.5626,0,0,1,57.8984,0,0,0,0,0,0,0,0
1779698759929,4,562949953421313,281496451547137,5,UDP,0.0947154,0.0944,6.72122,0.2498,0.1554,0.1264,0.0112,0.0006,0.0074,0.0104,4.43225,0,253.152,14.264,0.267416,30.4994,31.9784,1649.81,32839.9,0,0,0,0,0,0,99.4771,0,100,1.00461,54.3423,0.460829,0,0,0,0,0,0,0
1779698759936,43,844467879804929,281659660304385,43,UDP,0.0873229,0.0737,5.74977,1.1231,1.0494,0.7944,0.015,0.0006,0.1618,0.0782,4.27913,0,429.579,14.2576,0.443837,30.4976,61.7618,1668.77,52976.5,0,0,0,0,0,0,99.3968,0,100,1.00219,54.8379,0.219058,0,0,0,0,0,0,0
1779698760054,53,281513631416321,244813135873,57,UDP,0.0829411,0.0785,4.32354,1.928,1.8495,1.7843,0.0119,0.0006,0.0092,0.0441,1.64559,0,438.368,14.2064,0.452574,30.5149,61.5497,1679.68,54491.9,0,0,0,0,0,0,99.4231,0,100,1.00395,55.2618,0.394737,0,0,0,0,0,0,0
1779698760054,14,17179869185,64424509441,15,UDP,0.0716193,0.0792,7.897,5.4029,5.3237,0.545,0.0645,0.0001,4.6731,0.0411,5.6173,0,331.618,14.1568,0.345774,30.4943,58.7898,1652.98,44602,0,0,0,0,0,0,99.3193,0,100,1.00146,54.2852,0.145879,0,0,0,0,0,0,0
1779698760054,92,563018672898049,281882998603777,95,UDP,0.07595,0.0553,0.4948,1.3915,1.3362,0.3309,0.0062,0.0003,0.9142,0.0849,0.2562,0,222.013,14.1376,0.23615,30.3999,29.9999,1767.2,27751.5,0,0,0,0,0,0,99.4595,0,0,1,58.1316,0,0,0,0,0,0,0,0
1779698760179,63,281539401220097,296352743425,69,UDP,0.0854738,0.0831,2.82362,0.6318,0.5487,0.4832,0.0079,0.0009,0.0229,0.0347,2.67851,0,426.4,14.0992,0.440499,30.4982,61.3964,1694.4,52385.6,0,0,0,0,0,0,99.4003,0,100,1.00164,55.6486,0.164204,0,0,0,0,0,0,0
1779698760206,24,47244640257,281573760958465,23,UDP,0.0932621,0.0785,6.4143,2.0184,1.9399,0.5012,0.0087,0.0003,1.4197,0.0103,4.40285,0,410.934,14.1616,0.425096,30.4799,61.8342,1656.21,51835.6,0,0,0,0,0,0,99.3859,0,100,1.00577,54.6513,0.577082,0,0,0,0,0,0,0
1779698760304,73,562997198061569,281788509323265,73,UDP,0.129641,0.0929,13.3037,1.2472,1.1543,0.1787,0.0067,0.0006,0.9518,0.0171,1.94616,0,398.304,14.104,0.412408,30.5293,60.8585,1719.24,49659.4,0,0,0,0,0,0,99.3838,0,100,1.00219,56.4376,0.218818,0,0,0,0,0,0,0
1779698760318,34,64424509441,281616710631425,33,UDP,0.108298,0.0974,7.66813,1.2395,1.1421,0.1049,0.0112,0.0004,1.0166,0.0094,3.49173,0,432.35,14.0448,0.446395,30.494,61.7303,1662.09,53028.3,0,0,0,0,0,0,99.402,0,100,1.00188,54.6079,0.187617,0,0,0,0,0,0,0
1779698760436,83,844502239543297,281840048930817,85,UDP,0.0620627,0.0829,0.763465,1.1703,1.0874,0.8664,0.1228,0.0003,0.0909,0.0073,0.631702,0,308.694,14.0528,0.322747,30.4988,37.1986,1765.83,39659.3,0,0,0,0,0,0,99.5078,0,0,1,57.8984,0,0,0,0,0,0,0,0
1779698760443,44,85899345921,193273528321,45,UDP,0.170049,0.0816,5.31552,4.9813,4.8997,0.8985,0.0078,0.0002,3.9855,0.0079,4.71601,0,467.126,14.072,0.481198,30.4898,61.6793,1669.14,58219.8,0,0,0,0,0,0,99.4544,0,100,1.00219,54.8642,0.219058,0,0,0,0,0,0,0
1779698760456,5,844433520066561,281505041481729,7,UDP,0.860617,0.0601,7.84871,0.5212,0.4611,0.2627,0.0117,0.0005,0.1802,0.0065,4.89874,0,257.6,14.0496,0.27165,30.4981,31.8971,1649.38,32827,0,0,0,0,0,0,99.4813,0,100,1.00329,54.259,0.328731,0,0,0,0,0,0,0
1779698760568,93,133143986177,281891588538369,97,UDP,0.0787484,0.0678,2.40255,0.4484,0.3806,0.0144,0.3571,0.0002,0.0042,0.0049,0.519931,0,249.043,14.0016,0.263045,30.5937,30.3937,1749.84,31124,0,0,0,0,0,0,99.4526,0,0,1,57.1961,0,0,0,0,0,0,0,0
1779698760568,54,844480764706817,281694020042753,51,UDP,0.072855,0.0797,4.99626,0.6761,0.5964,0.568,0.0123,0.0004,0.0068,0.0093,4.77643,0,429.139,13.9456,0.443085,30.5134,61.5867,1679.6,52746.9,0,0,0,0,0,0,99.4004,0,100,1.00263,55.1892,0.262812,0,0,0,0,0,0,0
1779698760568,15,21474836481,281539401220097,15,UDP,0.0838471,0.0797,7.36315,1.1672,1.0875,1.0584,0.0133,0.0005,0.0078,0.008,4.82977,0,315.621,13.9552,0.329576,30.491,52.7873,1652.26,40224.7,0,0,0,0,0,0,99.3178,0,100,1.00292,54.347,0.292184,0,0,0,0,0,0,0
1779698760693,64,281543696187393,304942678017,71,UDP,0.078946,0.0769,3.48858,2.1371,2.0602,1.1414,0.0089,0.0003,0.005,0.9049,4.95747,0,427.168,13.9632,0.441131,30.4977,61.3453,1693.77,52474,0,0,0,0,0,0,99.4107,0,100,1.00164,55.6289,0.164204,0,0,0,0,0,0,0
1779698760693,25,51539607553,115964116993,27,UDP,0.103253,0.1879,5.49762,1.6394,1.4515,0.4504,0.0112,0.0011,0.9788,0.0111,4.95772,0,409.566,13.9728,0.423539,30.4889,61.7775,1656.45,50735.6,0,0,0,0,0,0,99.3756,0,100,1.00329,54.5082,0.328947,0,0,0,0,0,0,0
1779698760818,74,563001493028865,281797099257857,75,UDP,0.110288,0.0905,11.2256,1.1812,1.0907,0.0122,0.0538,0.0003,0.9984,0.0263,1.85015,0,391.558,13.9072,0.405466,30.4635,60.8604,1717.89,48922.9,0,0,0,0,0,0,99.3625,0,100,1,56.3917,0,0,0,0,0,0,0,0
1779698760831,35,68719476737,158913789953,37,UDP,0.0805603,0.0922,6.30215,3.4082,3.316,0.5261,0.0053,0.0008,2.7722,0.0124,3.34434,0,460.344,13.9168,0.474261,30.4654,61.7873,1661.89,57077.1,0,0,0,0,0,0,99.4393,0,100,1.00188,54.6526,0.187793,0,0,0,0,0,0,0
1779698760950,84,120259084289,281848638865409,87,UDP,0.097901,0.1076,0.628832,1.0367,0.9291,0.9082,0.0033,0.0003,0.0058,0.0118,0.497023,0,300.933,13.9632,0.314896,30.4989,33.5988,1772.24,38203.5,0,0,0,0,0,0,99.5603,0,0,1.00329,58.2993,0.328947,0,0,0,0,0,0,0
1779698760956,6,8589934593,21474836481,5,UDP,0.0981291,0.0767,7.2652,2.7101,2.6334,0.7021,0.0058,0.0003,1.9198,0.0057,4.20194,0,245.642,13.9632,0.259605,30.5001,31.7993,1650.45,29980.4,0,0,0,0,0,0,99.4371,0,100,1.00329,54.2906,0.328731,0,0,0,0,0,0,0
1779698760977,45,90194313217,201863462913,47,UDP,0.110247,0.093,7.57199,2.3994,2.3064,0.7692,0.0064,0.0004,1.522,0.0088,3.67026,0,459.064,13.9728,0.473037,30.5184,61.6031,1672.05,56243.2,0,0,0,0,0,0,99.4416,0,100,1.00329,54.9682,0.328587,0,0,0,0,0,0,0
1779698761075,94,281582350893057,390842023937,91,UDP,0.0866125,0.079,1.14867,0.3687,0.2897,0.2637,0.0101,0.0002,0.0054,0.0105,0.22285,0,239.293,13.9072,0.2532,30.3922,29.9923,1737.95,29903.9,0,0,0,0,0,0,99.4985,0,0,1,57.1842,0,0,0,0,0,0,0,0
1779698761081,16,25769803777,73014444033,17,UDP,0.0982975,0.0704,4.56967,2.1634,2.093,0.0687,0.0064,0.0002,2.0069,0.011,4.0653,0,307.768,13.8944,0.321662,30.4923,51.6349,1654.03,40078.5,0,0,0,0,0,0,99.335,0,100,1.00512,54.522,0.512445,0,0,0,0,0,0,0
1779698761102,55,98784247809,281702609977345,53,UDP,0.0853619,0.1025,5.37284,0.7479,0.6454,0.6166,0.0161,0.0007,0.0112,0.0015,4.04693,0,428.658,13.9072,0.442565,30.4684,61.6565,1681.84,52727.7,0,0,0,0,0,0,99.3892,0,100,1.00395,55.4177,0.395257,0,0,0,0,0,0,0
1779698761200,65,281547991154689,281728379781121,59,UDP,0.071936,0.0771,17.8902,1.44,1.3629,1.3339,0.01,0.0007,0.0057,0.0133,4.62109,0,427.117,13.9072,0.441024,30.4976,61.5451,1699.76,52468.7,0,0,0,0,0,0,99.387,0,100,1,55.7344,0,0,0,0,0,0,0,0
1779698761207,26,55834574849,124554051585,29,UDP,0.0822732,0.0611,4.82968,0.7473,0.6862,0.595,0.0143,0.001,0.0713,0.0056,2.73152,0,397.293,13.9632,0.411256,30.4896,61.6539,1659.33,50446.2,0,0,0,0,0,0,99.3757,0,100,1.00494,54.6919,0.494234,0,0,0,0,0,0,0
1779698761332,75,281560876056577,281805689192449,77,UDP,0.0990623,0.0492,7.33284,1.5048,1.4556,1.3838,0.0365,0,0.0297,0.0056,2.12754,0,391.61,13.9072,0.405517,30.464,60.7947,1726.45,49004,0,0,0,0,0,0,99.377,0,100,1.00219,56.7961,0.219298,0,0,0,0,0,0,0
1779698761345,36,281496451547137,167503724545,39,UDP,0.110563,0.0705,7.16494,3.1871,3.1166,0.0063,0.2203,0.0004,2.8859,0.0041,3.55744,0,432.211,13.9072,0.446118,30.4646,61.7287,1664.76,53031.6,0,0,0,0,0,0,99.395,0,100,1.00471,54.903,0.47081,0,0,0,0,0,0,0
1779698761463,85,281569465991169,281857228800001,89,UDP,0.0766067,0.0801,0.529549,0.3399,0.2598,0.1992,0.0122,0.0011,0.0095,0.0389,1.06245,0,300.933,13.9072,0.31484,30.4995,32.9995,1785.07,38076,0,0,0,0,0,0,99.5425,0,0,1,58.5279,0,0,0,0,0,0,0,0
1779698761470,46,281500746514433,210453397505,49,UDP,0.0845942,0.0516,8.9217,0.2342,0.1826,0.1395,0.0229,0.0004,0.0099,0.0103,4.37746,0,440.416,13.9632,0.454379,30.4888,61.5108,1674.69,54712.8,0,0,0,0,0,0,99.4269,0,100,1,54.9279,0,0,0,0,0,0,0,0
1779698761491,7,844437815033857,30064771073,7,UDP,0.099471,0.0674,8.25007,1.2515,1.1841,1.1561,0.0119,0.0007,0.0086,0.0075,5.7371,0,221.509,13.9504,0.235459,30.4935,31.8124,1652.37,27626.2,0,0,0,0,0,0,99.3858,0,100,1.00593,54.5089,0.593276,0,0,0,0,0,0,0
1779698761582,95,563022967865345,399431958529,93,UDP,0.0977156,0.0791,1.07072,0.1679,0.0888,0.0649,0.0076,0.0004,0.0051,0.0112,0.228225,0,239.293,13.9632,0.253256,30.596,29.9961,1745.17,29907.7,0,0,0,0,0,0,99.4985,0,0,1,57.0392,0,0,0,0,0,0,0,0
1779698761595,56,844485059674113,253403070465,59,UDP,0.118878,0.0839,11.0335,1.4644,1.3805,1.353,0.0128,0.0004,0.0059,0.0088,3.87813,0,428.115,13.9072,0.442022,30.5175,61.435,1687.1,52659.6,0,0,0,0,0,0,99.4012,0,96.9697,1.00395,55.5013,0.394737,0,0,0,0,0,0,0
1779698761596,17,281483566645249,281547991154689,17,UDP,0.0785954,0.058,6.04731,1.9506,1.8926,0.8836,0.0081,0.0003,0.9917,0.0092,2.94982,0,271.92,13.9072,0.285827,30.4912,50.6113,1657.12,37405.1,0,0,0,0,0,0,99.2984,0,100,1.00439,54.586,0.438917,0,0,0,0,0,0,0
1779698761720,66,107374182401,281736969715713,61,UDP,0.085337,0.0506,10.3352,0.828,0.7774,0.0746,0.477,0.0006,0.2241,0.0017,2.45481,0,424.09,13.9072,0.437997,30.4976,61.2452,1706.27,52355.9,0,0,0,0,0,0,99.4019,0,100,1.00329,56.1316,0.328947,0,0,0,0,0,0,0
1779698761721,27,562967133290497,281582350893057,25,UDP,0.0766294,0.0614,6.42161,3.3395,3.2781,1.3419,0.0529,0.0001,1.8504,0.0329,3.99537,0,341.566,13.9632,0.35553,30.4869,60.274,1662.03,44850.9,0,0,0,0,0,0,99.298,0,100,1.00577,54.831,0.577082,0,0,0,0,0,0,0
1779698761845,76,111669149697,281814279127041,79,UDP,0.0917346,0.1386,6.14004,0.3471,0.2085,0.1233,0.0165,0.0011,0.0517,0.017,1.61878,0,390.253,13.9632,0.404216,30.5326,60.5985,1736.49,48828.9,0,0,0,0,0,0,99.377,0,100,1,56.8734,0,0,0,0,0,0,0,0
1779698761846,37,562971428257793,281625300566017,35,UDP,0.107373,0.0703,10.1171,2.3629,2.2926,0.1671,0.0069,0.0003,2.0169,0.1017,4.5392,0,378.733,13.9072,0.39264,30.4772,61.6684,1668.87,48048.9,0,0,0,0,0,0,99.3356,0,100,1.00471,55.016,0.47081,0,0,0,0,0,0,0
1779698761971,8,281474976710657,38654705665,9,UDP,0.0951637,0.0703,6.12696,2.2328,2.1625,1.2309,0.0027,0.0001,0.9198,0.0091,4.04583,0,192.189,13.9504,0.206139,30.5105,31.6901,1655.16,23475.2,0,0,0,0,0,0,99.2881,0,100,1.00461,54.499,0.460829,0,0,0,0,0,0,0
1779698761977,86,124554051585,356482285569,83,UDP,0.146712,0.1032,1.74729,0.7564,0.6532,0.598,0.037,0.0008,0.0099,0.0083,1.93782,0,301.014,13.9632,0.314978,30.4976,32.1975,1794.56,37944.3,0,0,0,0,0,0,99.5636,0,0,1,58.8426,0,0,0,0,0,0,0,0
1779698761984,47,281505041481729,281668250238977,45,UDP,0.0786747,0.0723,7.82192,2.9689,2.8966,0.0386,0.0015,0.0004,2.8423,0.0142,4.11516,0,379.501,13.9504,0.393451,30.4873,61.4744,1677.6,46446.9,0,0,0,0,0,0,99.3191,0,100,1.00439,55.2678,0.439078,0,0,0,0,0,0,0
1779698762102,18,30064771073,81604378625,19,UDP,0.0860512,0.0912,4.65808,3.1211,3.0299,0.1572,0.0085,0.0003,2.8523,0.0119,1.88878,0,236.643,13.9072,0.25055,30.4722,31.6493,1658.25,28785.2,0,0,0,0,0,0,99.4219,0,100,1.00073,54.4581,0.0729395,0,0,0,0,0,0,0
1779698762103,96,137438953473,281900178472961,99,UDP,0.101128,0.1092,1.78572,1.6743,1.5651,1.4453,0.0184,0.0007,0.0106,0.0908,0.563769,0,239.293,13.9504,0.253243,30.5936,29.9938,1743.44,29905.4,0,0,0,0,0,0,99.4985,0,0,1,56.9869,0,0,0,0,0,0,0,0
1779698762130,57,281517926383617,281711199911937,55,UDP,0.0741415,0.0728,7.00929,1.4484,1.3756,0.3928,0.0053,0.0003,0.971,0.0065,4.46375,0,377.914,13.8944,0.391808,30.4649,61.4095,1690.28,46321.6,0,0,0,0,0,0,99.3199,0,100,1,55.4829,0,0,0,0,0,0,0,0
1779698762227,67,844489354641409,281745559650305,63,UDP,0.197814,0.0754,11.2909,2.3919,2.3165,1.2895,0.0092,0.0003,1.006,0.0118,2.17889,0,377.018,13.9072,0.390925,30.4979,61.0958,1711.68,46028.7,0,0,0,0,0,0,99.3268,0,100,1.00164,56.2167,0.164204,0,0,0,0,0,0,0
1779698762234,28,844446404968449,281590940827649,27,UDP,0.107611,0.1107,6.31842,1.6414,1.5307,1.4933,0.0161,0.0007,0.0098,0.0115,4.60297,0,279.019,13.9632,0.292982,30.4887,48.1571,1664.43,35978.3,0,0,0,0,0,0,99.313,0,100,1.00247,54.7264,0.246508,0,0,0,0,0,0,0
1779698762359,77,563005787996161,322122547201,75,UDP,0.0893447,0.1107,5.70475,0.6833,0.5726,0.5266,0.0177,0.001,0.0116,0.0167,1.31038,0,308.613,13.9072,0.32252,30.4664,39.8663,1740.98,39939.6,0,0,0,0,0,0,99.4986,0,100,1,57.1444,0,0,0,0,0,0,0,0
1779698762373,38,73014444033,281633890500609,37,UDP,0.108386,0.1448,7.54094,1.7221,1.5773,1.5471,0.0158,0.0015,0.0126,0.0018,3.02679,0,297.277,13.9072,0.311184,30.4951,47.0275,1673,38234.3,0,0,0,0,0,0,99.3571,0,100,1.00376,55.0677,0.37594,0,0,0,0,0,0,0
1779698762491,87,281573760958465,281865818734593,91,UDP,0.0733915,0.064,1.6562,0.7196,0.6556,0.6333,0.0059,0.0003,0.0054,0.011,0.591203,0,256.573,13.9632,0.270536,30.4998,29.9998,1794.69,32141.8,0,0,0,0,0,0,99.5333,0,0,1.00329,59.0362,0.328947,0,0,0,0,0,0,0
1779698762498,48,562980018192385,281676840173569,47,UDP,0.176138,0.1373,6.64982,0.4254,0.2881,0.2373,0.0159,0.0005,0.0233,0.0116,3.71265,0,296.606,13.9632,0.31057,30.4906,44.3196,1682.25,37834.5,0,0,0,0,0,0,99.3953,0,100,1.00329,55.3542,0.328947,0,0,0,0,0,0,0
1779698762498,9,844442110001153,281513631416321,9,UDP,0.259787,0.0924,5.36148,2.1934,2.101,0.2122,0.0282,0.0005,1.8511,0.0095,2.81076,0,162.562,13.9632,0.176525,30.5016,31.7009,1657.28,20143.1,0,0,0,0,0,0,99.1613,0,100,1.00263,54.477,0.262812,0,0,0,0,0,0,0
1779698762609,97,844510829477889,408021893121,95,UDP,0.0579125,0.1007,0.335537,0.5444,0.4437,0.272,0.1408,0.0015,0.0212,0.0097,0.059675,0,204.733,13.9072,0.21864,30.3956,29.9957,1738.15,25587.9,0,0,0,0,0,0,99.4139,0,0,1,57.1842,0,0,0,0,0,0,0,0
1779698762623,19,34359738369,281556581089281,19,UDP,0.0869902,0.0645,6.46231,2.6842,2.6197,1.6603,0.0092,0.0002,0.9127,0.0375,3.85856,0,195.726,13.9072,0.209634,30.4886,31.6211,1661.55,24390.3,0,0,0,0,0,0,99.3103,0,100,1.00219,54.6168,0.218978,0,0,0,0,0,0,0
1779698762630,58,103079215105,261993005057,61,UDP,0.0920742,0.1442,5.46463,2.145,2.0008,1.9435,0.0281,0.0006,0.0148,0.0144,3.86605,0,296.837,13.9072,0.310744,30.4781,40.5975,1695.89,37293.4,0,0,0,0,0,0,99.4396,0,100,1.00131,55.7162,0.131406,0,0,0,0,0,0,0
1779698762748,68,562984313159681,281754149584897,65,UDP,0.0683307,0.0833,7.54751,0.2238,0.1405,0.1231,0.0117,0.0002,0.0038,0.0019,1.69817,0,294.302,13.9072,0.30821,30.4831,35.1805,1716.25,36277.7,0,0,0,0,0,0,99.4782,0,100,1.00164,56.3941,0.164204,0,0,0,0,0,0,0
1779698762762,29,844450699935745,133143986177,31,UDP,0.0839386,0.102,4.44195,0.2302,0.1282,0.0951,0.0111,0.0006,0.0134,0.0086,1.92089,0,231.6,13.9632,0.245563,30.5006,31.5747,1668.09,28681.2,0,0,0,0,0,0,99.4196,0,100,1.00411,54.9153,0.411184,0,0,0,0,0,0,0
1779698762866,78,281565171023873,281822869061633,81,UDP,0.0828837,0.0802,16.1087,0.7671,0.6869,0.6623,0.0097,0.0007,0.0079,0.007,2.48574,0,256.65,13.9072,0.270557,30.4638,30.3305,1748.97,32284.2,0,0,0,0,0,0,99.5282,0,100,1,57.4114,0,0,0,0,0,0,0,0
1779698762880,39,562975723225089,176093659137,41,UDP,0.0895355,0.0887,6.12445,0.3617,0.273,0.2505,0.0082,0.0005,0.0054,0.0089,5.03178,0,239.293,13.9072,0.2532,30.5025,31.5021,1676.5,29740,0,0,0,0,0,0,99.4348,0,100,1.00188,55.0657,0.187617,0,0,0,0,0,0,0
1779698763005,88,128849018881,365072220161,85,UDP,0.0483897,0.0559,0.404224,0.1209,0.065,0.036,0.0107,0.0005,0.0069,0.0114,0.156708,0,214.402,13.9632,0.228365,30.4969,30.1969,1794.52,26816.6,0,0,0,0,0,0,99.4027,0,0,1,58.8426,0,0,0,0,0,0,0,0
1779698763019,49,844472174772225,219043332097,51,UDP,0.081187,0.0761,7.52505,0.8897,0.8136,0.7864,0.0118,0.0007,0.0081,0.0073,3.67261,0,239.293,13.9632,0.253256,30.5181,31.351,1687.56,29669.4,0,0,0,0,0,0,99.4479,0,100,1.00329,55.4786,0.328587,0,0,0,0,0,0,0
1779698763019,10,562954248388609,281522221350913,11,UDP,0.105264,0.0703,4.96477,2.4083,2.338,0.8046,0.0056,0.0002,1.5151,0.0127,2.72464,0,195.965,13.9504,0.209915,30.5003,31.6795,1659.37,23696,0,0,0,0,0,0,99.2877,0,100,1.00197,54.5121,0.19698,0,0,0,0,0,0,0
1779698763123,98,281586645860353,416611827713,97,UDP,0.0787875,0.0766,1.57304,2.2103,2.1337,0.0226,0.0068,0.0003,2.0959,0.0084,0.182075,0,171.307,13.9072,0.185214,30.3962,30.1962,1738.18,21410.7,0,0,0,0,0,0,99.2948,0,0,1,57.1842,0,0,0,0,0,0,0,0
1779698763124,20,562962838323201,90194313217,21,UDP,0.110089,0.092,8.05036,1.094,1.002,0.9457,0.0093,0.0005,0.0033,0.0437,3.88819,0,229.091,13.9072,0.242998,30.4772,31.6323,1663.76,26512.7,0,0,0,0,0,0,99.3691,0,100,1.00439,54.8302,0.439239,0,0,0,0,0,0,0
1779698763144,59,281522221350913,281719789846529,57,UDP,0.0748816,0.0943,12.1365,0.2017,0.1074,0.0879,0.0021,0.0006,0.0053,0.0121,3.27547,0,239.293,13.9072,0.2532,30.4785,31.1585,1700.24,29491.7,0,0,0,0,0,0,99.4519,0,100,1.00395,56.0053,0.395257,0,0,0,0,0,0,0
1779698763262,30,60129542145,141733920769,33,UDP,0.148969,0.0576,5.67273,1.1279,1.0703,0.0484,0.0085,0.0002,1.0025,0.0109,3.77858,0,246.435,13.9632,0.260398,30.5131,31.5127,1671.92,29443.6,0,0,0,0,0,0,99.4435,0,100,1.00494,55.0642,0.493827,0,0,0,0,0,0,0
1779698763262,69,281552286121985,281762739519489,67,UDP,0.199187,0.0673,2.31734,0.2784,0.2111,0.1884,0.0076,0.0003,0.0046,0.0105,1.06486,0,239.293,13.9632,0.253256,30.4959,30.9958,1722.07,29290.6,0,0,0,0,0,0,99.4494,0,100,1.00329,56.6546,0.328947,0,0,0,0,0,0,0
1779698763283,0,844424930131969,281479271677953,1,UDP,0.109213,0.1116,5.7726,0.4456,0.334,0.3037,0.0115,0.0006,0.0102,0.0086,2.39669,0,311.246,20.656,0.331902,30.4957,33.5671,1770.09,17848.1,0,0,0,0,0,0,98.9961,0,100,1.006,58.3921,0.59952,0,0,0,0,0,0,0
1779698763373,1,1,4294967297,1,UDP,0.0758153,0.0594,6.49299,1.6646,1.6052,1.5233,0.012,0.0003,0.0585,0.0114,3.54324,0,195.402,13.8944,0.209296,30.497,31.6602,1657.34,23601,0,0,0,0,0,0,99.2983,0,100,1.00419,54.5721,0.418911,0,0,0,0,0,0,0
1779698763387,79,844493649608705,330712481793,77,UDP,0.0883227,0.0925,7.7705,0.3422,0.2497,0.2195,0.013,0.0008,0.0065,0.0107,1.55772,0,203.368,13.9072,0.217275,30.4633,30.33,1756.14,25840.7,0,0,0,0,0,0,99.3879,0,100,1,57.6477,0,0,0,0,0,0,0,0
1779698763394,40,77309411329,281642480435201,39,UDP,0.0863244,0.1069,8.19939,2.1648,2.0579,1.9593,0.0076,0.0002,0.0793,0.0117,2.63531,0,277.312,13.9168,0.291229,30.4762,31.5045,1678.54,33570.3,0,0,0,0,0,0,99.4993,0,100,1.00188,55.1803,0.187793,0,0,0,0,0,0,0
1779698763512,89,844506534510593,373662154753,87,UDP,0.0559048,0.0589,0.317479,0.1386,0.0797,0.005,0.0626,0.0002,0.0063,0.0058,0.0850562,0,170.173,13.9328,0.184106,30.4985,30.0985,1794.61,21274.8,0,0,0,0,0,0,99.271,0,0,1,58.8426,0,0,0,0,0,0,0,0
1779698763519,11,562958543355905,281530811285505,13,UDP,0.0830931,0.0577,7.2238,3.8174,3.7597,1.7324,0.0244,0.0001,1.9817,0.0212,4.74369,0,237.117,13.9888,0.251106,30.509,31.7485,1662.64,27452.2,0,0,0,0,0,0,99.377,0,100,1.00329,54.6759,0.328731,0,0,0,0,0,0,0
1779698763533,50,844476469739521,281685430108161,49,UDP,0.0886603,0.1008,4.74599,1.8634,1.7626,1.7308,0.0123,0.0008,0.0087,0.0108,3.07082,0,252.424,13.9984,0.266422,30.4964,31.3963,1690.23,30359.1,0,0,0,0,0,0,99.4546,0,100,1.00109,55.4847,0.109409,0,0,0,0,0,0,0
1779698763637,60,281526516318209,270582939649,63,UDP,0.0840085,0.0684,5.81789,1.151,1.0826,0.1026,0.0075,0.0003,0.9636,0.0089,2.20095,0,248.034,13.9808,0.262014,30.478,31.1179,1705.01,30112.8,0,0,0,0,0,0,99.47,0,100,1.00263,56.0895,0.263158,0,0,0,0,0,0,0
1779698763644,99,844515124445185,281908768407553,101,UDP,0.105962,0.0532,2.3062,0.5408,0.4876,0.3752,0.093,0.0005,0.0108,0.0086,0.5044,0,135.694,13.9712,0.149666,30.3988,30.1988,1746.33,16961.1,0,0,0,0,0,0,99.0555,0,0,1,57.4474,0,0,0,0,0,0,0,0
1779698763651,21,38654705665,98784247809,23,UDP,0.0860087,0.0799,5.40558,1.5476,1.4677,0.1267,0.0064,0.0002,1.3272,0.0074,2.3252,0,264.099,13.9712,0.27807,30.4907,31.5789,1667,31513.2,0,0,0,0,0,0,99.4765,0,100,1.00292,54.832,0.292184,0,0,0,0,0,0,0
1779698763769,31,281492156579841,281599530762241,29,UDP,0.077685,0.0601,4.19064,2.0611,2.001,1.9736,0.0078,0.0004,0.0074,0.0122,2.38175,0,308.499,14.1728,0.322672,30.5135,49.9063,1674.65,39025.8,0,0,0,0,0,0,99.3268,0,100,1.00411,55.1077,0.411184,0,0,0,0,0,0,0
1779698763776,70,562988608126977,313532612609,73,UDP,0.130575,0.1016,7.51026,1.8445,1.7429,1.6632,0.0082,0.0003,0.0053,0.0662,1.83823,0,245.398,14.0784,0.259477,30.4944,30.8943,1728.38,29876.8,0,0,0,0,0,0,99.4622,0,100,1,56.6787,0,0,0,0,0,0,0,0
1779698763901,80,115964116993,339302416385,79,UDP,0.0873978,0.1109,1.5465,1.9305,1.8196,1.7465,0.0139,0.0005,0.0092,0.05,0.681709,0,208.483,14.0736,0.222557,30.4613,30.1947,1764.16,25995.8,0,0,0,0,0,0,99.4182,0,100,1,57.9147,0,0,0,0,0,0,0,0
1779698763901,2,844429225099265,281487861612545,3,UDP,0.0803338,0.0674,7.46546,2.4355,2.3681,0.6567,0.0068,0.0003,1.691,0.0136,3.56852,0,230.422,14.0736,0.244496,30.4887,31.6879,1659.33,27861.8,0,0,0,0,0,0,99.4021,0,100,1.00419,54.6523,0.418911,0,0,0,0,0,0,0
1779698763915,41,81604378625,184683593729,43,UDP,0.262223,0.1043,4.82427,0.3457,0.2414,0.2116,0.0127,0.0007,0.0093,0.0078,3.35382,0,306.888,14.096,0.320984,30.4947,47.7694,1682.98,38750.2,0,0,0,0,0,0,99.3699,0,100,1.00376,55.3966,0.37594,0,0,0,0,0,0,0
1779698764026,90,281578055925761,382252089345,89,UDP,0.0575889,0.04,2.3407,0.099,0.059,0.0482,0.0071,0.0005,0.0027,0.001,0.56092,0,171.133,14.1808,0.185314,30.4946,30.1946,1794.38,21338,0,0,0,0,0,0,99.2494,0,0,1,58.8426,0,0,0,0,0,0,0,0
1779698764027,51,281509336449025,227633266689,53,UDP,0.10117,0.1996,4.7144,1.1006,0.901,0.7824,0.0107,0.0013,0.0316,0.0763,1.75632,0,301.371,14.1776,0.315549,30.4972,45.3292,1694.01,38333.4,0,0,0,0,0,0,99.3903,0,100,1,55.5464,0,0,0,0,0,0,0,0
1779698764027,12,12884901889,47244640257,11,UDP,0.109235,0.0802,6.33607,1.5108,1.4306,0.5201,0.0094,0.0005,0.8781,0.023,3.90495,0,281.853,14.168,0.296021,30.5091,31.6687,1663.8,34317.4,0,0,0,0,0,0,99.511,0,98.6842,1.00461,54.786,0.460829,0,0,0,0,0,0,0
1779698764158,100,141733920769,281917358342145,103,UDP,0.086,0.0993,3.02262,0.5343,0.435,0.3874,0.0118,0.0007,0.0263,0.0095,0.71095,0,134.778,14.176,0.148954,30.3992,29.9992,1771.96,16846.8,0,0,0,0,0,0,99.055,0,0,1,58.2895,0,0,0,0,0,0,0,0
1779698764165,61,281530811285505,279172874241,65,UDP,0.0822952,0.0833,6.38173,0.5992,0.5159,0.019,0.0149,0.0006,0.4744,0.0076,2.84378,0,301.645,14.1856,0.31583,30.5002,41.8129,1711.25,37681.1,0,0,0,0,0,0,99.4248,0,100,1.00263,56.2536,0.262812,0,0,0,0,0,0,0
1779698764165,22,42949672961,107374182401,25,UDP,0.0995568,0.0681,5.84197,1.9593,1.8912,1.8693,0.0122,0.0006,0.0078,0.0019,2.85536,0,334.914,14.176,0.34909,30.4921,53.6333,1669.92,41458.8,0,0,0,0,0,0,99.3264,0,100,1.00219,54.8854,0.218978,0,0,0,0,0,0,0
1779698764276,32,844454994903041,150323855361,35,UDP,0.0863351,0.0874,5.40711,0.5572,0.4698,0.4393,0.0099,0.0007,0.0085,0.0121,2.60808,0,399.546,14.2704,0.413816,30.4933,61.6365,1676.88,48078.6,0,0,0,0,0,0,99.3363,0,100,1.00577,55.3092,0.577082,0,0,0,0,0,0,0
1779698764290,71,562992903094273,281771329454081,69,UDP,0.0787377,0.0605,3.64656,4.6487,4.5882,0.4876,3.2872,0.0006,0.8119,0.0015,3.17251,0,290.339,14.2704,0.30461,30.4958,36.4449,1734.16,36097.4,0,0,0,0,0,0,99.4847,0,100,1.00164,56.959,0.164204,0,0,0,0,0,0,0
1779698764401,3,4294967297,12884901889,3,UDP,0.0768007,0.0579,6.99767,0.1336,0.0757,0.0554,0.0076,0.0001,0.0045,0.0082,3.35171,0,264.189,14.2656,0.278454,30.498,31.7521,1662.02,32037,0,0,0,0,0,0,99.4736,0,100,1.00419,54.7241,0.418911,0,0,0,0,0,0,0
1779698764408,81,563010082963457,281831458996225,83,UDP,0.0697073,0.0881,3.59783,0.6881,0.6,0.5783,0.0095,0.0004,0.0034,0.0088,2.05078,0,241.213,14.2656,0.255478,30.4656,30.199,1771.61,30196,0,0,0,0,0,0,99.4695,0,0,1,58.151,0,0,0,0,0,0,0,0
1779698764436,42,844463584837633,281651070369793,41,UDP,0.0618275,0.0702,5.95079,3.1563,3.0861,0.1599,0.0591,0.0001,2.8643,0.0028,2.89231,0,388.766,14.288,0.403054,30.4756,61.4939,1685.41,46896.8,0,0,0,0,0,0,99.3274,0,100,1.00282,55.4596,0.281955,0,0,0,0,0,0,0
1779698764540,52,94489280513,236223201281,55,UDP,0.0876494,0.0846,2.91606,0.9702,0.8856,0.8002,0.0616,0.0007,0.0159,0.0079,1.44566,0,409.285,14.3824,0.423667,30.4964,61.2927,1698.43,49984.2,0,0,0,0,0,0,99.3758,0,100,1.00549,55.9989,0.549451,0,0,0,0,0,0,0
1779698764540,13,281479271677953,55834574849,13,UDP,0.083492,0.0343,7.34631,1.9403,1.906,0.1365,0.0064,0.0002,1.7617,0.0014,3.07774,0,343.475,14.3728,0.357848,30.4921,54.4859,1666.67,42425.1,0,0,0,0,0,0,99.3397,0,100,1.00461,54.9111,0.461133,0,0,0,0,0,0,0
1779698764540,91,563014377930753,281874408669185,93,UDP,0.126052,0.0996,2.56653,0.7132,0.6136,0.526,0.0063,0.0002,0.0046,0.0767,0.927755,0,198.986,14.3728,0.213358,30.4959,29.9959,1794.46,24748.3,0,0,0,0,0,0,99.394,0,0,1,58.8426,0,0,0,0,0,0,0,0
1779698764665,62,281535106252801,287762808833,67,UDP,0.0780397,0.1001,3.57269,0.7098,0.6097,0.5865,0.0073,0.0007,0.0095,0.0064,1.81499,0,380.683,14.368,0.395051,30.478,61.2359,1714.69,46443.5,0,0,0,0,0,0,99.3244,0,100,1.00131,56.3338,0.131406,0,0,0,0,0,0,0
1779698764665,23,281487861612545,281565171023873,21,UDP,0.0616991,0.077,4.77035,3.0718,2.9948,1.9933,0.0405,0.0001,0.9473,0.0137,2.73996,0,402.925,14.368,0.417293,30.4834,61.7444,1672.41,48914.6,0,0,0,0,0,0,99.3439,0,100,1.0066,55.2252,0.660308,0,0,0,0,0,0,0
1779698764790,72,281556581089281,281779919388673,71,UDP,0.0937004,0.0873,4.96178,1.4032,1.3159,0.3219,0.0035,0.0002,0.981,0.0095,1.66427,0,361.406,14.4752,0.375882,30.4969,60.7438,1740.32,44312.1,0,0,0,0,0,0,99.3062,0,100,1,57.0656,0,0,0,0,0,0,0,0
1779698764790,33,844459289870337,281608120696833,31,UDP,0.0880403,0.0815,5.40257,0.7075,0.626,0.5983,0.0086,0.0004,0.0064,0.0127,2.43515,0,464.467,14.4752,0.478942,30.5161,61.5569,1679.78,55574,0,0,0,0,0,0,99.4328,0,98.1818,1.00329,55.2268,0.328677,0,0,0,0,0,0,0
1779698764915,82,844497944576001,347892350977,81,UDP,0.0916946,0.1083,0.832326,0.4322,0.3239,0.2701,0.0417,0.0004,0.008,0.0041,0.675838,0,276.946,14.4576,0.291403,30.4664,30.1997,1779.65,34553.8,0,0,0,0,0,0,99.563,0,0,1,58.4136,0,0,0,0,0,0,0,0
1779698764929,4,562949953421313,281496451547137,5,UDP,0.0912821,0.0908,5.64564,2.9742,2.8834,1.6675,0.0055,0.0003,1.0153,0.1951,3.11675,0,263.726,14.48,0.278206,30.4904,31.8169,1664.36,32851.4,0,0,0,0,0,0,99.4829,0,100,1.00419,54.8151,0.418911,0,0,0,0,0,0,0
1779698764929,43,844467879804929,281659660304385,43,UDP,0.0815254,0.0799,4.53821,0.8302,0.7503,0.6175,0.0187,0.0005,0.0082,0.1059,2.69608,0,441.784,14.4672,0.456251,30.4838,61.5391,1688.73,53297.7,0,0,0,0,0,0,99.4053,0,100,1.00188,55.5014,0.187793,0,0,0,0,0,0,0
1779698765054,53,281513631416321,244813135873,57,UDP,0.0817908,0.0729,3.62273,1.7209,1.648,0.0333,0.0102,0.0003,1.6003,0.0042,1.32773,0,444.72,14.5184,0.459238,30.4958,61.3582,1702.2,54674.9,0,0,0,0,0,0,99.4258,0,100,1.00329,56.0011,0.328947,0,0,0,0,0,0,0
1779698765054,14,17179869185,64424509441,15,UDP,0.0697991,0.0571,6.11549,0.7995,0.7424,0.6512,0.0144,0.0001,0.0683,0.0085,3.3112,0,357.544,14.5872,0.372131,30.5049,58.0912,1670.01,44611.1,0,0,0,0,0,0,99.3294,0,100,1.00131,54.8176,0.131234,0,0,0,0,0,0,0
1779698765054,92,563018672898049,281882998603777,95,UDP,0.0752667,0.0607,1.17287,3.6743,3.6136,0.038,0.0072,0.0003,3.5565,0.0119,0.624405,0,222.013,14.5776,0.23659,30.4994,29.9994,1794.66,27751,0,0,0,0,0,0,99.4595,0,0,1,58.8426,0,0,0,0,0,0,0,0
1779698765179,63,281539401220097,296352743425,69,UDP,0.0795237,0.0768,2.56408,3.9986,3.9218,0.0051,0.01,0.0004,3.8977,0.009,2.23029,0,432.442,14.616,0.447058,30.5181,61.1162,1720.89,52718.7,0,0,0,0,0,0,99.4094,0,100,1.00131,56.4633,0.131234,0,0,0,0,0,0,0
1779698765207,24,47244640257,281573760958465,23,UDP,0.0878507,0.0628,5.42548,1.5751,1.5123,0.6366,0.0106,0.0005,0.8552,0.0099,2.97497,0,420.256,14.5728,0.434829,30.471,61.6304,1674.57,51912.8,0,0,0,0,0,0,99.3907,0,100,1.00513,55.2381,0.512821,0,0,0,0,0,0,0
1779698765304,73,562997198061569,281788509323265,73,UDP,0.120163,0.0745,10.4911,0.7928,0.7183,0.6918,0.0105,0.0004,0.0077,0.0083,1.48823,0,406.099,14.6112,0.42071,30.4977,60.6454,1746.07,49936.3,0,0,0,0,0,0,99.3902,0,100,1.00164,57.3465,0.164204,0,0,0,0,0,0,0
1779698765318,34,64424509441,281616710631425,33,UDP,0.0996495,0.0842,5.36473,0.9682,0.884,0.8514,0.0097,0.0002,0.0077,0.0152,1.77014,0,444.102,14.68,0.458782,30.5078,61.5154,1683.73,53339.8,0,0,0,0,0,0,99.4095,0,100,1.00164,55.2806,0.164069,0,0,0,0,0,0,0
1779698765429,83,844502239543297,281840048930817,85,UDP,0.0684871,0.0863,0.654162,0.3336,0.2473,0.1745,0.0098,0.0005,0.0057,0.0573,0.546426,0,312.555,14.6624,0.327218,30.4665,34.8664,1788.19,39463.4,0,0,0,0,0,0,99.5427,0,0,1,58.6937,0,0,0,0,0,0,0,0
1779698765443,44,85899345921,193273528321,45,UDP,0.14927,0.089,4.29922,1.6394,1.5504,0.2388,0.0092,0.0002,1.2953,0.0071,3.89821,0,478.406,14.6624,0.493069,30.4772,61.4399,1692.52,58446,0,0,0,0,0,0,99.4608,0,100,1.00188,55.6385,0.187793,0,0,0,0,0,0,0
1779698765457,5,844433520066561,281505041481729,7,UDP,0.673802,0.0571,6.45168,1.6147,1.5576,1.3461,0.0101,0.0006,0.0424,0.159,3.21686,0,262.845,14.6752,0.27752,30.4891,31.7246,1666.18,32829.4,0,0,0,0,0,0,99.4869,0,100,1.00299,54.8117,0.298864,0,0,0,0,0,0,0
1779698765568,93,133143986177,281891588538369,97,UDP,0.078084,0.0859,2.05173,1.2792,1.1933,0.3359,0.0097,0.0004,0.8351,0.0126,0.498255,0,248.88,14.7136,0.263594,30.4997,30.1997,1794.68,31119.9,0,0,0,0,0,0,99.4852,0,0,1,58.8426,0,0,0,0,0,0,0,0
1779698765568,54,844480764706817,281694020042753,51,UDP,0.0779968,0.0764,3.57075,0.5598,0.4834,0.4462,0.0154,0.0011,0.0125,0.0093,2.3819,0,437.227,14.7792,0.452006,30.5288,61.3575,1707.61,53066.2,0,0,0,0,0,0,99.4087,0,100,1.00219,56.0569,0.218818,0,0,0,0,0,0,0
1779698765568,15,21474836481,281539401220097,15,UDP,0.0807841,0.0726,5.60878,2.6849,2.6123,0.7064,0.0087,0.0004,1.8878,0.0094,2.36055,0,323.882,14.7696,0.338651,30.5024,51.5503,1671.68,40251.5,0,0,0,0,0,0,99.3362,0,100,1.00263,54.9488,0.262812,0,0,0,0,0,0,0
1779698765693,64,281543696187393,304942678017,71,UDP,0.0813852,0.095,2.84522,1.21,1.115,1.0125,0.0827,0.0006,0.0079,0.0119,3.39969,0,431.622,14.752,0.446374,30.4788,61.0776,1723.85,52770.9,0,0,0,0,0,0,99.4175,0,100,1.00131,56.6334,0.131406,0,0,0,0,0,0,0
1779698765693,25,51539607553,115964116993,27,UDP,0.0992532,0.0615,4.7017,1.776,1.7145,0.7658,0.0091,0.0004,0.9008,0.0388,3.11966,0,419.616,14.752,0.434368,30.4794,61.5808,1677.3,50926.9,0,0,0,0,0,0,99.3816,0,100,1.00292,55.1915,0.292398,0,0,0,0,0,0,0
1779698765818,74,563001493028865,281797099257857,75,UDP,0.108792,0.1311,8.09859,0.7108,0.5797,0.503,0.0416,0.0011,0.0227,0.0124,1.73557,0,398.47,14.808,0.413278,30.4974,60.6448,1751.15,49143.9,0,0,0,0,0,0,99.3714,0,100,1.00164,57.514,0.164204,0,0,0,0,0,0,0
1779698765832,35,68719476737,158913789953,37,UDP,0.0772119,0.0689,4.68778,3.0152,2.9463,0.0369,0.0171,0.0003,2.8836,0.0087,2.49617,0,470.432,14.808,0.48524,30.4823,61.5643,1685.52,57293.1,0,0,0,0,0,0,99.4458,0,100,1.00164,55.3859,0.164204,0,0,0,0,0,0,0
1779698765943,84,120259084289,281848638865409,87,UDP,0.0989273,0.1076,0.58699,0.6065,0.4989,0.4498,0.025,0.0006,0.0133,0.0108,0.506669,0,305.259,14.752,0.320011,30.4655,32.4654,1796.13,38187.5,0,0,0,0,0,0,99.5749,0,0,1.00219,59.0855,0.219298,0,0,0,0,0,0,0
1779698765957,6,8589934593,21474836481,5,UDP,0.0995551,0.1324,5.90209,0.6471,0.5147,0.4778,0.0146,0.001,0.011,0.0113,2.85783,0,246.766,14.7616,0.261528,30.4909,31.6539,1668.13,30058.9,0,0,0,0,0,0,99.4438,0,100,1.00359,54.9055,0.358852,0,0,0,0,0,0,0
1779698765971,45,90194313217,201863462913,47,UDP,0.107492,0.1138,6.15478,1.8822,1.7684,1.7136,0.0259,0.0003,0.0076,0.0213,2.49614,0,467.283,14.752,0.482035,30.5015,61.3742,1696.6,56552.6,0,0,0,0,0,0,99.4482,0,100,1.00282,55.7803,0.28169,0,0,0,0,0,0,0
1779698766068,94,281582350893057,390842023937,91,UDP,0.0814467,0.0653,1.30229,0.3618,0.2965,0.2696,0.0102,0.0002,0.005,0.0117,1.32918,0,239.293,14.808,0.254101,30.4963,29.9963,1794.48,29907.9,0,0,0,0,0,0,99.4985,0,0,1,58.8426,0,0,0,0,0,0,0,0
1779698766082,16,25769803777,73014444033,17,UDP,0.0880161,0.0642,3.33854,1.1227,1.0585,1.0161,0.0159,0.0005,0.0096,0.0169,2.12144,0,307.971,14.8176,0.322789,30.503,49.5124,1673.83,39920.2,0,0,0,0,0,0,99.3609,0,100,1.00461,55.1271,0.460829,0,0,0,0,0,0,0
1779698766096,55,98784247809,281702609977345,53,UDP,0.0799288,0.0769,4.4047,4.6093,4.5324,0.5307,0.0078,0.0003,3.9881,0.0058,2.77323,0,438.674,14.8176,0.453491,30.4901,61.4134,1710.21,53078.3,0,0,0,0,0,0,99.3998,0,100,1.00329,56.2752,0.328947,0,0,0,0,0,0,0
1779698766200,65,281547991154689,281728379781121,59,UDP,0.0748884,0.0783,12.748,4.608,4.5297,0.101,0.0078,0.0003,4.4087,0.0122,3.24839,0,431.827,14.808,0.446635,30.5185,61.2369,1730.03,52771.3,0,0,0,0,0,0,99.3987,0,100,1.00131,56.7625,0.131234,0,0,0,0,0,0,0
1779698766207,26,55834574849,124554051585,29,UDP,0.0763404,0.0592,3.86514,1.0089,0.9497,0.8782,0.0562,0.0001,0.004,0.0113,1.76362,0,402.091,14.7616,0.416853,30.4806,61.4944,1680.03,50427.3,0,0,0,0,0,0,99.3785,0,100,1.00439,55.3602,0.439239,0,0,0,0,0,0,0
1779698766332,75,281560876056577,281805689192449,77,UDP,0.0895073,0.0782,5.55615,1.7923,1.7141,0.7668,0.0729,0.0001,0.8678,0.0066,1.18554,0,397.549,14.808,0.412357,30.4984,60.5968,1757.61,49177,0,0,0,0,0,0,99.3819,0,100,1.00164,57.7241,0.164204,0,0,0,0,0,0,0
1779698766346,36,281496451547137,167503724545,39,UDP,0.101453,0.0984,5.17331,1.3199,1.2215,1.1903,0.0124,0.0005,0.007,0.0118,1.95511,0,437.603,14.8176,0.452421,30.4817,61.5631,1688.19,53240.4,0,0,0,0,0,0,99.3995,0,100,1.00412,55.6115,0.411523,0,0,0,0,0,0,0
1779698766457,85,281569465991169,281857228800001,89,UDP,0.088826,0.0865,0.724559,1.7374,1.6509,1.6337,0.0108,0.0003,0.004,0.0024,1.16071,0,305.566,14.808,0.320374,30.5329,32.0662,1807.04,38115.8,0,0,0,0,0,0,99.5633,0,0,1,59.1834,0,0,0,0,0,0,0,0
1779698766471,46,281500746514433,210453397505,49,UDP,0.0829346,0.0756,7.28677,1.5288,1.4532,0.7494,0.0039,0.0004,0.6934,0.0065,3.09619,0,443.107,14.7616,0.457869,30.4761,61.352,1699.03,54809.1,0,0,0,0,0,0,99.4284,0,100,1,55.7498,0,0,0,0,0,0,0,0
1779698766485,7,844437815033857,30064771073,7,UDP,0.0927981,0.0731,6.80767,2.258,2.1849,0.423,0.0049,0.0002,1.7403,0.0167,3.43756,0,219.187,14.7616,0.233949,30.485,31.6477,1669.88,27605.5,0,0,0,0,0,0,99.3916,0,100,1.0066,55.1386,0.659868,0,0,0,0,0,0,0
1779698766582,95,563022967865345,399431958529,93,UDP,0.0970557,0.0963,1.08518,1.3037,1.2074,0.2159,0.0018,0.0003,0.9834,0.0063,0.364283,0,239.293,14.752,0.254045,30.4976,29.9976,1794.56,29909.2,0,0,0,0,0,0,99.4985,0,0,1,58.8426,0,0,0,0,0,0,0,0
1779698766596,56,844485059674113,253403070465,59,UDP,0.104952,0.084,7.91421,0.9001,0.8161,0.7117,0.0857,0.0008,0.0088,0.0099,2.14178,0,433.848,14.8176,0.448666,30.5307,61.228,1714.58,52920.5,0,0,0,0,0,0,99.4085,0,97.0588,1.00329,56.3439,0.328587,0,0,0,0,0,0,0
1779698766596,17,281483566645249,281547991154689,17,UDP,0.0759104,0.0758,4.64224,3.1047,3.0289,0.1644,0.0094,0.0002,2.8117,0.0434,2.0438,0,272.789,14.8176,0.287606,30.5016,48.5707,1676.59,37074.1,0,0,0,0,0,0,99.3221,0,100,1.00395,55.1842,0.394737,0,0,0,0,0,0,0
1779698766721,66,107374182401,281736969715713,61,UDP,0.0806141,0.073,7.3785,2.3945,2.3215,0.0918,0.0094,0.0002,2.0489,0.1714,1.46479,0,431.213,14.808,0.446021,30.5178,60.9956,1735.19,52664.5,0,0,0,0,0,0,99.4104,0,100,1.00263,57.0079,0.262812,0,0,0,0,0,0,0
1779698766721,27,562967133290497,281582350893057,25,UDP,0.0717288,0.063,5.3628,0.7386,0.6756,0.572,0.0254,0.0003,0.0712,0.007,2.89114,0,347.678,14.7616,0.36244,30.4771,59.5546,1682.37,44696.1,0,0,0,0,0,0,99.3068,0,100,1.00513,55.4842,0.512821,0,0,0,0,0,0,0
1779698766846,76,111669149697,281814279127041,79,UDP,0.0952031,0.0874,5.08817,1.452,1.3646,1.307,0.0334,0.0007,0.0116,0.0126,1.30529,0,395.808,14.752,0.41056,30.4986,60.4473,1763.32,48989.4,0,0,0,0,0,0,99.3812,0,100,1,57.8164,0,0,0,0,0,0,0,0
1779698766846,37,562971428257793,281625300566017,35,UDP,0.0975849,0.0712,7.56613,1.3683,1.2971,0.3332,0.0056,0.0003,0.9483,0.01,2.66342,0,382.507,14.9152,0.397422,30.5171,61.484,1693.28,48018.8,0,0,0,0,0,0,99.3398,0,100,1.00411,55.7146,0.411184,0,0,0,0,0,0,0
1779698766971,8,281474976710657,38654705665,9,UDP,0.0869675,0.0398,5.01876,0.7922,0.7524,0.6023,0.0246,0.0004,0.1192,0.0063,2.62711,0,192.603,14.752,0.207355,30.5004,31.5546,1672.32,23529.7,0,0,0,0,0,0,99.2924,0,100,1.00419,55.0592,0.418911,0,0,0,0,0,0,0
1779698766978,86,124554051585,356482285569,83,UDP,0.127309,0.0748,1.52251,1.1582,1.0834,0.5,0.5661,0.0004,0.0092,0.0081,1.36154,0,302.934,14.752,0.317686,30.4664,31.5997,1811.11,37920,0,0,0,0,0,0,99.5672,0,0,1.00219,59.5768,0.219298,0,0,0,0,0,0,0
1779698766985,47,281505041481729,281668250238977,45,UDP,0.075429,0.0575,6.30453,1.6631,1.6056,1.5789,0.0102,0.0003,0.0037,0.0128,2.85528,0,382.725,14.7616,0.397486,30.4748,61.2923,1701.53,46645.8,0,0,0,0,0,0,99.3266,0,100,1.00376,56.0442,0.376294,0,0,0,0,0,0,0
1779698767103,18,30064771073,81604378625,19,UDP,0.0838466,0.0803,3.62887,1.2904,1.2101,1.1859,0.0095,0.0005,0.0063,0.0084,2.08041,0,236.464,14.808,0.251272,30.4853,31.4848,1677.53,28862.8,0,0,0,0,0,0,99.4291,0,100,1.00066,55.0636,0.0656168,0,0,0,0,0,0,0
1779698767103,96,137438953473,281900178472961,99,UDP,0.118872,0.094,1.60469,0.7351,0.6411,0.6131,0.0122,0.0005,0.013,0.0028,0.530482,0,239.293,14.752,0.254045,30.4989,29.9989,1793.83,29910.5,0,0,0,0,0,0,99.4985,0,0,1,58.8164,0,0,0,0,0,0,0,0
1779698767131,57,281517926383617,281711199911937,55,UDP,0.0842188,0.1069,5.13569,0.4948,0.3879,0.3183,0.0152,0.0007,0.0097,0.0447,2.85526,0,380.832,14.808,0.39564,30.4882,61.1764,1717.1,46536.6,0,0,0,0,0,0,99.3284,0,100,1,56.3202,0,0,0,0,0,0,0,0
1779698767228,67,844489354641409,281745559650305,63,UDP,0.153155,0.0559,7.74326,0.3341,0.2782,0.2589,0.008,0.0005,0.0041,0.0072,1.27853,0,380.914,14.808,0.395722,30.5185,60.917,1739.55,46346.1,0,0,0,0,0,0,99.3312,0,100,1.00131,57.0748,0.131234,0,0,0,0,0,0,0
1779698767235,28,844446404968449,281590940827649,27,UDP,0.0995428,0.073,5.9601,5.9928,5.9198,0.8863,0.0108,0.0003,5.0087,0.014,3.5662,0,280.658,14.752,0.29541,30.4786,46.1621,1684.36,35878.5,0,0,0,0,0,0,99.3408,0,100,1.00219,55.385,0.219138,0,0,0,0,0,0,0
1779698767360,77,563005787996161,322122547201,75,UDP,0.0907573,0.0963,4.03004,0.7446,0.6483,0.6188,0.0105,0.0006,0.0074,0.0116,0.811463,0,317.317,14.7824,0.332099,30.4997,37.4497,1767.68,39870.8,0,0,0,0,0,0,99.5286,0,100,1,57.9574,0,0,0,0,0,0,0,0
1779698767374,38,73014444033,281633890500609,37,UDP,0.101475,0.1348,5.88221,4.7609,4.6261,1.6216,0.0564,0.0001,2.94,0.0081,2.26145,0,298.333,14.7664,0.313099,30.509,44.9514,1694.63,38117.5,0,0,0,0,0,0,99.3857,0,100,1.00329,55.728,0.328677,0,0,0,0,0,0,0
1779698767492,87,281573760958465,281865818734593,91,UDP,0.0778326,0.1195,1.39777,0.8628,0.7433,0.7126,0.0113,0.0006,0.009,0.0104,0.595589,0,256.931,14.6624,0.271594,30.4626,29.996,1807.16,32129.2,0,0,0,0,0,0,99.5332,0,0,1.00219,59.4539,0.219298,0,0,0,0,0,0,0
1779698767499,48,562980018192385,281676840173569,47,UDP,0.153765,0.1112,5.66313,0.4861,0.3749,0.352,0.0088,0.0006,0.0086,0.0055,3.93147,0,298.773,14.672,0.313445,30.4769,42.3591,1703.88,37763.9,0,0,0,0,0,0,99.4192,0,100,1.00282,56.0648,0.281955,0,0,0,0,0,0,0
1779698767499,9,844442110001153,281513631416321,9,UDP,0.21487,0.0778,4.56475,1.4039,1.3261,1.1022,0.007,0.0004,0.0038,0.2131,1.95631,0,165.91,14.6624,0.180573,30.4923,31.5463,1673.23,20197.2,0,0,0,0,0,0,99.1721,0,100,1.00239,55.0048,0.238949,0,0,0,0,0,0,0
1779698767610,97,844510829477889,408021893121,95,UDP,0.0673502,0.109,0.488992,1.4213,1.3123,1.2632,0.0142,0.0008,0.0109,0.024,0.394135,0,204.733,14.6672,0.2194,30.4999,29.9999,1785.89,25591.5,0,0,0,0,0,0,99.4139,0,0,1,58.5541,0,0,0,0,0,0,0,0
1779698767624,19,34359738369,281556581089281,19,UDP,0.0852126,0.0845,5.02734,3.0269,2.9424,1.1501,0.0085,0.0003,1.7235,0.0603,2.43767,0,201.989,14.6672,0.216656,30.5003,31.4796,1678.75,24476.5,0,0,0,0,0,0,99.3197,0,100,1.00197,55.149,0.19698,0,0,0,0,0,0,0
1779698767631,58,103079215105,261993005057,61,UDP,0.0849208,0.0603,4.08047,0.2376,0.1773,0.0568,0.0083,0.0005,0.1024,0.0098,2.32717,0,297.565,14.6768,0.312242,30.4974,38.8967,1718.96,37275.9,0,0,0,0,0,0,99.4647,0,100,1.00109,56.4256,0.109409,0,0,0,0,0,0,0
1779698767749,68,562984313159681,281754149584897,65,UDP,0.0743026,0.0707,5.74477,3.4425,3.3718,0.4735,0.0082,0.0004,2.8801,0.01,1.40484,0,297.195,14.6288,0.311824,30.5062,34.1846,1738.7,36451.7,0,0,0,0,0,0,99.5017,0,100,1.00131,57.0696,0.131234,0,0,0,0,0,0,0
1779698767763,29,844450699935745,133143986177,31,UDP,0.0808873,0.0698,3.60049,0.3665,0.2967,0.2754,0.009,0.0005,0.0078,0.0045,1.56097,0,235.44,14.56,0.25,30.4887,31.3991,1684.92,28763.7,0,0,0,0,0,0,99.4276,0,100,1.00365,55.4656,0.365497,0,0,0,0,0,0,0
1779698767867,78,281565171023873,281822869061633,81,UDP,0.0766471,0.0538,11.1195,0.6295,0.5757,0.0278,0.5383,0.0002,0.0059,0.0037,1.27807,0,263.203,14.5776,0.277781,30.496,30.246,1767.17,32436.3,0,0,0,0,0,0,99.5322,0,100,1,57.9475,0,0,0,0,0,0,0,0
1779698767881,39,562975723225089,176093659137,41,UDP,0.0852306,0.0782,5.0658,4.1509,4.0727,1.0268,0.002,0.0003,2.9807,0.0632,2.86057,0,243.261,14.5648,0.257826,30.5145,31.3142,1694.49,29823.2,0,0,0,0,0,0,99.444,0,100,1.00246,55.6675,0.246305,0,0,0,0,0,0,0
1779698768006,88,128849018881,365072220161,85,UDP,0.0570546,0.0897,0.909287,4.3674,4.2777,1.3032,0.0099,0.0003,2.9549,0.0097,1.12654,0,214.858,14.4704,0.229328,30.4663,30.133,1799.38,26831.7,0,0,0,0,0,0,99.4156,0,0,1,59.0613,0,0,0,0,0,0,0,0
1779698768020,49,844472174772225,219043332097,51,UDP,0.0779947,0.0762,6.06781,2.2065,2.1303,0.9935,0.0078,0.0002,0.9263,0.2027,2.66174,0,243.547,14.4576,0.258005,30.5022,31.1876,1704.69,29780.8,0,0,0,0,0,0,99.4516,0,100,1.00282,56.0451,0.28169,0,0,0,0,0,0,0
1779698768020,10,562954248388609,281522221350913,11,UDP,0.0999944,0.0944,4.23601,2.2409,2.1465,0.1477,0.0095,0.0003,1.9686,0.0207,1.92542,0,188.488,14.4672,0.202955,30.4918,31.5458,1672.94,23684.2,0,0,0,0,0,0,99.294,0,100,1.00179,54.9636,0.179104,0,0,0,0,0,0,0
1779698768124,98,281586645860353,416611827713,97,UDP,0.080285,0.0727,1.2571,1.1241,1.0514,0.9931,0.0077,0.0002,0.0036,0.047,0.562408,0,169.038,14.4752,0.183514,30.4984,29.9985,1773.81,21270.5,0,0,0,0,0,0,99.2948,0,0,1,58.1607,0,0,0,0,0,0,0,0
1779698768124,20,562962838323201,90194313217,21,UDP,0.100808,0.079,6.26172,3.0282,2.9492,1.8873,0.0022,0.0003,0.9602,0.0995,1.98036,0,222.434,14.4848,0.236918,30.4895,31.4892,1678.44,26641.8,0,0,0,0,0,0,99.3781,0,100,1.00395,55.2673,0.394997,0,0,0,0,0,0,0
1779698768138,59,281522221350913,281719789846529,57,UDP,0.0700515,0.0544,8.73689,0.4776,0.4232,0.0133,0.0087,0.0002,0.3965,0.0047,3.23095,0,243.312,14.4752,0.257787,30.4983,30.9649,1718.4,29645,0,0,0,0,0,0,99.4613,0,100,1.00329,56.5296,0.328947,0,0,0,0,0,0,0
1779698768263,30,60129542145,141733920769,33,UDP,0.133159,0.0705,4.53412,1.33,1.2595,1.1008,0.0063,0.0002,0.1445,0.0079,2.57069,0,244.437,14.3776,0.258814,30.5004,31.3668,1685.83,29566.9,0,0,0,0,0,0,99.4505,0,100,1.00439,55.515,0.438917,0,0,0,0,0,0,0
1779698768263,69,281552286121985,281762739519489,67,UDP,0.17005,0.0737,2.23131,3.4264,3.3527,1.2526,0.0094,0.0002,1.9922,0.0985,1.39259,0,243.491,14.3808,0.257872,30.4766,30.7966,1737.17,29519.6,0,0,0,0,0,0,99.4613,0,100,1.00263,57.15,0.263158,0,0,0,0,0,0,0
1779698768284,0,844424930131969,281479271677953,1,UDP,0.0963196,0.0753,4.20401,0.9869,0.9116,0.878,0.0136,0.0006,0.0101,0.0099,1.18876,0,421.915,20.6736,0.442589,30.5046,35.9524,1837.92,20754.7,0,0,0,0,0,0,99.082,0,100,1.00549,60.5815,0.549149,0,0,0,0,0,0,0
1779698768374,1,1,4294967297,1,UDP,0.0729962,0.0616,5.01118,2.589,2.5274,1.5533,0.0086,0.0002,0.9069,0.0586,1.73453,0,188.642,14.3824,0.203024,30.505,31.5379,1669.01,23598.8,0,0,0,0,0,0,99.3033,0,100,1.00384,54.9227,0.383772,0,0,0,0,0,0,0
1779698768388,40,77309411329,281642480435201,39,UDP,0.0833587,0.0826,5.76096,0.175,0.0924,0.0686,0.0113,0.0006,0.0089,0.0036,1.64678,0,278.685,14.3824,0.293067,30.4918,31.3665,1693.44,33728.5,0,0,0,0,0,0,99.5074,0,100,1.00164,55.6289,0.164204,0,0,0,0,0,0,0
1779698768388,79,844493649608705,330712481793,77,UDP,0.0851467,0.0949,5.96229,0.5644,0.4695,0.44,0.0116,0.0007,0.0076,0.0103,2.46992,0,208.547,14.3856,0.222933,30.4986,30.2486,1766.72,25898.6,0,0,0,0,0,0,99.3971,0,100,1,57.9279,0,0,0,0,0,0,0,0
1779698768513,11,562958543355905,281530811285505,13,UDP,0.0773869,0.0615,6.11256,3.39,3.3285,1.2947,0.0113,0.0001,1.9912,0.0313,3.59923,0,232.187,14.2752,0.246462,30.4989,31.6076,1673.69,27594.8,0,0,0,0,0,0,99.3867,0,100,1.00299,55.0412,0.298864,0,0,0,0,0,0,0
1779698768513,89,844506534510593,373662154753,87,UDP,0.0728277,0.1,1.00118,4.7085,4.6085,0.6471,0.0092,0.0004,3.9437,0.0085,1.08313,0,170.173,14.3216,0.184494,30.5301,30.0635,1793.01,21272.2,0,0,0,0,0,0,99.2789,0,0,1,58.7293,0,0,0,0,0,0,0,0
1779698768534,50,844476469739521,281685430108161,49,UDP,0.0855352,0.0764,4.11198,3.151,3.0746,0.1435,0.0035,0.0003,2.7979,0.1297,2.52664,0,252.667,14.2752,0.266942,30.4825,31.2253,1703.68,30533.8,0,0,0,0,0,0,99.4643,0,100,1.00094,55.9428,0.0938086,0,0,0,0,0,0,0
1779698768638,60,281526516318209,270582939649,63,UDP,0.0919471,0.1341,4.27004,1.3306,1.1965,1.1775,0.0078,0.0003,0.0053,0.0059,1.35807,0,252.232,14.2928,0.266525,30.4977,30.9644,1718.57,30348.2,0,0,0,0,0,0,99.4786,0,100,1.00219,56.4743,0.219058,0,0,0,0,0,0,0
1779698768638,99,844515124445185,281908768407553,101,UDP,0.0991481,0.1184,1.98864,3.3039,3.1855,0.0092,0.009,0.0004,3.1601,0.0072,1.0729,0,135.694,14.2832,0.149978,30.498,30.198,1765.78,16960.7,0,0,0,0,0,0,99.0555,0,0,1,57.8984,0,0,0,0,0,0,0,0
1779698768652,21,38654705665,98784247809,23,UDP,0.0824683,0.0745,3.95262,1.2406,1.1661,1.0713,0.0069,0.0006,0.0794,0.0085,1.38874,0,260.36,14.2928,0.274653,30.5016,31.4411,1678.95,31616.3,0,0,0,0,0,0,99.4825,0,100,1.00263,55.1892,0.262812,0,0,0,0,0,0,0
1779698768763,31,281492156579841,281599530762241,29,UDP,0.0777807,0.0801,3.81508,4.0254,3.9453,0.4491,0.0068,0.0002,3.3416,0.1478,2.31876,0,305.782,14.1856,0.319968,30.5018,47.741,1685.64,38937.7,0,0,0,0,0,0,99.3567,0,100,1.00365,55.4656,0.365497,0,0,0,0,0,0,0
1779698768777,70,562988608126977,313532612609,73,UDP,0.119154,0.0874,6.07322,1.3409,1.2535,1.2259,0.0115,0.0005,0.0057,0.0104,1.13351,0,247.05,14.176,0.261226,30.4768,30.7167,1737.18,30078.9,0,0,0,0,0,0,99.4729,0,100,1,57,0,0,0,0,0,0,0,0
1779698768902,80,115964116993,339302416385,79,UDP,0.0887464,0.0453,1.37126,0.6282,0.5829,0.4238,0.0097,0.0005,0.1433,0.0061,0.536485,0,213.109,14.1808,0.22729,30.4981,30.1981,1766.39,26158.3,0,0,0,0,0,0,99.4132,0,100,1,57.918,0,0,0,0,0,0,0,0
1779698768902,2,844429225099265,281487861612545,3,UDP,0.0769328,0.0716,5.67976,3.8487,3.7771,0.7621,0.0064,0.0001,2.9942,0.0144,2.68618,0,224.253,14.1808,0.238434,30.4987,31.548,1668.8,27876.6,0,0,0,0,0,0,99.4074,0,100,1.00384,54.9271,0.383772,0,0,0,0,0,0,0
1779698768916,41,81604378625,184683593729,43,UDP,0.198546,0.076,3.60007,1.1946,1.1186,1.097,0.0043,0.0003,0.0077,0.0096,1.54791,0,305.68,14.1776,0.319858,30.5073,45.5986,1694.09,38682,0,0,0,0,0,0,99.3985,0,100,1.00329,55.7132,0.328677,0,0,0,0,0,0,0
1779698769027,90,281578055925761,382252089345,89,UDP,0.0642993,0.0774,1.97602,0.4454,0.368,0.3394,0.0141,0.0006,0.0098,0.0047,0.698618,0,174.678,14.0736,0.188752,30.4664,30.1331,1782.85,21506,0,0,0,0,0,0,99.2709,0,0,1,58.5186,0,0,0,0,0,0,0,0
1779698769027,51,281509336449025,227633266689,53,UDP,0.0947257,0.0698,4.15429,4.094,4.0242,2.0112,0.0105,0.0004,1.9948,0.0077,2.08549,0,304.221,14.096,0.318317,30.4848,43.1986,1703.8,38291.5,0,0,0,0,0,0,99.42,0,100,1,55.8903,0,0,0,0,0,0,0,0
1779698769027,12,12884901889,47244640257,11,UDP,0.100475,0.0482,5.21515,2.3617,2.3135,1.2516,0.0083,0.0004,1.0482,0.0054,2.79469,0,278.888,14.0864,0.292974,30.5001,31.5361,1672.67,34367.8,0,0,0,0,0,0,99.5137,0,98.6842,1.00419,55.0712,0.418911,0,0,0,0,0,0,0
1779698769159,100,141733920769,281917358342145,103,UDP,0.0887586,0.1243,2.15793,0.3894,0.2651,0.0527,0.0116,0.0007,0.1208,0.08,0.330409,0,135.694,14.0784,0.149773,30.4975,30.0975,1765.75,16903.1,0,0,0,0,0,0,99.0553,0,0,1,57.8984,0,0,0,0,0,0,0,0
1779698769166,61,281530811285505,279172874241,65,UDP,0.0741308,0.0474,4.8545,0.7358,0.6884,0.657,0.0105,0.0008,0.0096,0.0113,2.36801,0,305.613,14.088,0.319701,30.5177,39.9795,1719.58,37768.8,0,0,0,0,0,0,99.4455,0,100,1.00329,56.5323,0.328587,0,0,0,0,0,0,0
1779698769166,22,42949672961,107374182401,25,UDP,0.0980871,0.0867,4.47836,3.1655,3.0788,0.7668,0.0077,0.0001,2.2765,0.0278,1.96499,0,316.416,14.0784,0.330494,30.5034,51.3121,1678.93,41268.9,0,0,0,0,0,0,99.3541,0,100,1.00197,55.149,0.19698,0,0,0,0,0,0,0
1779698769277,32,844454994903041,150323855361,35,UDP,0.0825613,0.0728,4.27644,0.5979,0.5251,0.4958,0.0121,0.0003,0.0064,0.0108,1.47668,0,400.403,13.984,0.414387,30.4829,61.4545,1684.78,48297.5,0,0,0,0,0,0,99.3437,0,100,1.00513,55.5531,0.512821,0,0,0,0,0,0,0
1779698769291,71,562992903094273,281771329454081,69,UDP,0.0747788,0.052,3.62175,2.916,2.864,1.2555,0.8434,0.0002,0.7593,0.0058,2.19308,0,289.675,13.984,0.303659,30.4772,35.1968,1736.96,36120.5,0,0,0,0,0,0,99.4942,0,100,1.00131,57.067,0.131406,0,0,0,0,0,0,0
1779698769402,3,4294967297,12884901889,3,UDP,0.077895,0.0373,4.97821,0.2235,0.1862,0.1218,0.0278,0.0001,0.0295,0.0071,2.07315,0,261.757,13.9888,0.275746,30.5063,31.6059,1669.22,32093.6,0,0,0,0,0,0,99.4794,0,100,1.00384,54.9271,0.383772,0,0,0,0,0,0,0
1779698769402,81,563010082963457,281831458996225,83,UDP,0.0767076,0.0886,2.93379,1.5015,1.4129,1.1741,0.0078,0.0003,0.0035,0.2275,1.40372,0,247.933,13.9888,0.261922,30.4994,30.1494,1765.87,30395.1,0,0,0,0,0,0,99.4813,0,0,1,57.8984,0,0,0,0,0,0,0,0
1779698769430,42,844463584837633,281651070369793,41,UDP,0.0617811,0.0644,4.82785,3.6347,3.5703,1.319,0.0631,0.0001,2.1761,0.0121,1.91469,0,390.509,13.976,0.404485,30.4907,61.3063,1693.08,47135.6,0,0,0,0,0,0,99.3349,0,100,1.00247,55.6647,0.246508,0,0,0,0,0,0,0
1779698769541,52,94489280513,236223201281,55,UDP,0.0878535,0.0818,2.5132,1.067,0.9852,0.971,0.0081,0.0002,0.0032,0.0029,0.953396,0,414.714,13.9072,0.428621,30.4823,61.1075,1704.12,50248.7,0,0,0,0,0,0,99.3825,0,100,1.00471,56.1685,0.47081,0,0,0,0,0,0,0
1779698769541,13,281479271677953,55834574849,13,UDP,0.0754188,0.0504,6.43192,5.3174,5.267,0.0736,0.0114,0.0003,5.1048,0.0772,2.85345,0,323.619,13.9072,0.337526,30.4836,52.2601,1673.18,42245.6,0,0,0,0,0,0,99.3649,0,100,1.00419,55.118,0.419162,0,0,0,0,0,0,0
1779698769541,91,563014377930753,281874408669185,93,UDP,0.117924,0.1036,2.34668,1.567,1.4634,1.4374,0.0102,0.0004,0.0045,0.0113,0.739612,0,199.882,13.9072,0.213789,30.4651,29.9985,1775.84,24828.2,0,0,0,0,0,0,99.3959,0,0,1,58.291,0,0,0,0,0,0,0,0
1779698769666,62,281535106252801,287762808833,67,UDP,0.0758279,0.0744,2.72231,1.1753,1.1009,1.0791,0.0092,0.0006,0.0047,0.0079,1.1396,0,381.208,13.9632,0.395171,30.4974,61.0615,1719.75,46643.4,0,0,0,0,0,0,99.3286,0,100,1.00109,56.4519,0.109409,0,0,0,0,0,0,0
1779698769666,23,281487861612545,281565171023873,21,UDP,0.0635453,0.0513,4.02387,1.6465,1.5952,0.1417,0.0056,0.0002,1.4309,0.017,2.3142,0,402.528,13.9632,0.416491,30.4945,61.569,1679.68,49053.9,0,0,0,0,0,0,99.35,0,100,1.00594,55.4083,0.593668,0,0,0,0,0,0,0
1779698769791,72,281556581089281,281779919388673,71,UDP,0.0863316,0.0547,4.00717,0.6346,0.5799,0.2918,0.0105,0.0006,0.273,0.0046,1.1143,0,364.848,13.9072,0.378755,30.4787,60.6775,1740.01,44572.7,0,0,0,0,0,0,99.3127,0,100,1,57.0892,0,0,0,0,0,0,0,0
1779698769791,33,844459289870337,281608120696833,31,UDP,0.0888777,0.0967,4.79679,0.7818,0.6851,0.6439,0.0117,0.001,0.0147,0.0148,3.29256,0,462.547,13.9072,0.476454,30.5024,61.3824,1686.25,55821.9,0,0,0,0,0,0,99.4383,0,98.1818,1.00292,55.4441,0.292184,0,0,0,0,0,0,0
1779698769916,82,844497944576001,347892350977,81,UDP,0.0829016,0.0541,1.29762,1.1496,1.0955,0.0245,0.0096,0.0006,1.0493,0.0121,1.58068,0,283.432,13.9632,0.297395,30.4987,30.2987,1771.02,34771.4,0,0,0,0,0,0,99.5511,0,0,1.00164,58.1642,0.164204,0,0,0,0,0,0,0
1779698769930,4,562949953421313,281496451547137,5,UDP,0.0879357,0.0871,4.48834,2.3417,2.2546,1.2213,0.0071,0.0003,1.0182,0.008,2.77346,0,263.253,13.9728,0.277226,30.4991,31.6818,1671.19,32855.5,0,0,0,0,0,0,99.4876,0,100,1.00384,55.0049,0.383772,0,0,0,0,0,0,0
1779698769930,43,844467879804929,281659660304385,43,UDP,0.0841488,0.0773,3.21361,0.2661,0.1888,0.1619,0.01,0.0007,0.0067,0.0102,1.32697,0,443.834,13.9632,0.457797,30.4984,61.3467,1695.81,53570.4,0,0,0,0,0,0,99.4123,0,100,1.00164,55.6946,0.164204,0,0,0,0,0,0,0
1779698770055,53,281513631416321,244813135873,57,UDP,0.0782008,0.0479,3.68365,6.2222,6.1743,0.3185,0.7453,0.0002,5.1011,0.0094,2.09617,0,450.72,13.9072,0.464627,30.4818,61.1636,1707.35,54912.2,0,0,0,0,0,0,99.4319,0,100,1.00282,56.1701,0.281955,0,0,0,0,0,0,0
1779698770055,14,17179869185,64424509441,15,UDP,0.0685712,0.0563,5.7146,3.1873,3.131,0.7921,0.0067,0.0001,2.3151,0.0171,3.45188,0,354.71,13.9168,0.368627,30.4952,58.1189,1676.33,44586.1,0,0,0,0,0,0,99.3304,0,100,1.00119,55.0358,0.119332,0,0,0,0,0,0,0
1779698770055,92,563018672898049,281882998603777,95,UDP,0.079012,0.094,0.953095,0.1455,0.0515,0.0346,0.0078,0.0003,0.0062,0.0029,1.02488,0,222.427,13.9072,0.236334,30.4666,29.9332,1775.93,27768.8,0,0,0,0,0,0,99.461,0,0,1,58.291,0,0,0,0,0,0,0,0
1779698770180,63,281539401220097,296352743425,69,UDP,0.0829525,0.0851,2.37419,2.8204,2.7353,1.7608,0.004,0.0003,0.9593,0.0112,2.47531,0,435.09,13.9168,0.449006,30.4996,60.9658,1724.08,52998.5,0,0,0,0,0,0,99.4156,0,100,1.00109,56.5897,0.109409,0,0,0,0,0,0,0
1779698770208,24,47244640257,281573760958465,23,UDP,0.0867506,0.0609,4.40209,4.119,4.0581,2.1732,0.0065,0.0003,1.8132,0.0652,2.19711,0,419.846,13.9632,0.43381,30.4842,61.468,1681.67,51970,0,0,0,0,0,0,99.3945,0,100,1.00461,55.4196,0.461133,0,0,0,0,0,0,0
1779698770305,73,562997198061569,281788509323265,73,UDP,0.114029,0.089,8.7248,1.7671,1.6781,0.604,0.0107,0.0003,0.9278,0.1356,2.1332,0,405.408,13.9072,0.419315,30.4788,60.5177,1744.57,50085.4,0,0,0,0,0,0,99.3938,0,100,1.00131,57.3141,0.131406,0,0,0,0,0,0,0
1779698770319,34,64424509441,281616710631425,33,UDP,0.0987035,0.1014,4.41831,1.0176,0.9162,0.8857,0.0093,0.0001,0.0097,0.0115,1.29472,0,446.893,13.9072,0.4608,30.4953,61.3459,1689.77,53618.8,0,0,0,0,0,0,99.4157,0,100,1.00146,55.4916,0.145879,0,0,0,0,0,0,0
1779698770430,83,844502239543297,281840048930817,85,UDP,0.0774378,0.0963,1.26063,5.7179,5.6216,1.5397,0.0222,0.0003,4.0566,0.0031,1.59624,0,316.139,13.9632,0.330102,30.498,33.6978,1777.38,39474.5,0,0,0,0,0,0,99.5615,0,0,1.00164,58.3744,0.164204,0,0,0,0,0,0,0
1779698770444,44,85899345921,193273528321,45,UDP,0.127901,0.0687,3.32575,1.1086,1.0399,0.9266,0.0086,0.0002,0.0982,0.0065,1.76068,0,480.595,13.9632,0.494558,30.4917,61.2583,1699.09,58647.9,0,0,0,0,0,0,99.4659,0,100,1.00164,55.8144,0.164204,0,0,0,0,0,0,0
1779698770458,5,844433520066561,281505041481729,7,UDP,0.478579,0.0838,5.63531,0.6019,0.5181,0.4835,0.0189,0.0005,0.0072,0.0085,3.53401,0,263.869,13.9632,0.277832,30.4985,31.5812,1672.79,32842.5,0,0,0,0,0,0,99.4918,0,100,1.00274,54.9984,0.273823,0,0,0,0,0,0,0
1779698770569,93,133143986177,281891588538369,97,UDP,0.0834846,0.0832,1.68122,0.3346,0.2514,0.2226,0.0096,0.0007,0.0064,0.0128,1.17792,0,251.389,13.9632,0.265352,30.5331,30.1331,1778.25,31221.1,0,0,0,0,0,0,99.4978,0,0,1,58.2402,0,0,0,0,0,0,0,0
1779698770569,54,844480764706817,281694020042753,51,UDP,0.0783475,0.0815,2.96604,1.4078,1.3263,1.2837,0.0103,0.0008,0.0203,0.012,1.5719,0,442.886,13.9072,0.456794,30.5104,61.1636,1712.01,53393.9,0,0,0,0,0,0,99.416,0,100,1.00188,56.2176,0.187617,0,0,0,0,0,0,0
1779698770569,15,21474836481,281539401220097,15,UDP,0.0802128,0.0811,4.56278,1.9154,1.8343,0.9538,0.0322,0.0005,0.8278,0.0205,2.19357,0,318.509,13.9072,0.332416,30.4931,49.8466,1677.74,40211.7,0,0,0,0,0,0,99.3589,0,100,1.00239,55.1517,0.238949,0,0,0,0,0,0,0
1779698770694,64,281543696187393,304942678017,71,UDP,0.0838452,0.0728,2.34969,0.8212,0.7484,0.7254,0.0095,0.0005,0.0054,0.0081,1.71683,0,432.979,13.9632,0.446942,30.4987,60.8974,1727.43,52995.7,0,0,0,0,0,0,99.4223,0,100,1.00109,56.7013,0.109409,0,0,0,0,0,0,0
1779698770694,25,51539607553,115964116993,27,UDP,0.0957556,0.1024,3.4275,0.4148,0.3124,0.2863,0.0114,0.0005,0.0094,0.0053,1.58089,0,421.997,13.9632,0.43596,30.4913,61.4224,1684.1,51108.8,0,0,0,0,0,0,99.3867,0,100,1.00263,55.3774,0.262985,0,0,0,0,0,0,0
1779698770819,74,563001493028865,281797099257857,75,UDP,0.104197,0.0869,6.52318,1.3906,1.3037,0.2396,0.0085,0.0005,0.9252,0.1304,1.10557,0,397.472,13.9072,0.411379,30.4786,60.5172,1748.64,49253,0,0,0,0,0,0,99.3764,0,100,1.00263,57.5237,0.263158,0,0,0,0,0,0,0
1779698770833,35,68719476737,158913789953,37,UDP,0.0816294,0.0773,4.26341,4.8235,4.7462,1.821,0.002,0.0001,2.92,0.0032,2.88976,0,473.606,13.9072,0.487514,30.4729,61.39,1691.38,57504.4,0,0,0,0,0,0,99.4512,0,100,1.00146,55.5854,0.145985,0,0,0,0,0,0,0
1779698770944,84,120259084289,281848638865409,87,UDP,0.0923869,0.0938,1.22176,2.438,2.3442,1.2308,0.0136,0.0003,0.9844,0.1154,1.01209,0,309.483,13.9632,0.323446,30.4994,31.8994,1783.46,38312.3,0,0,0,0,0,0,99.5837,0,0,1.00164,58.5714,0.164204,0,0,0,0,0,0,0
1779698770958,6,8589934593,21474836481,5,UDP,0.0998889,0.1257,4.51735,1.6857,1.56,1.5367,0.0123,0.0003,0.0082,0.0028,1.37667,0,256.509,13.9632,0.270472,30.5001,31.5163,1674.58,30226,0,0,0,0,0,0,99.4517,0,100,1.00329,55.0844,0.328767,0,0,0,0,0,0,0
1779698770972,45,90194313217,201863462913,47,UDP,0.0884364,0.0621,4.63214,0.5703,0.5082,0.1925,0.0123,0.0005,0.299,0.0044,2.03555,0,472.378,13.9632,0.486341,30.513,61.201,1702.66,56863,0,0,0,0,0,0,99.4539,0,100,1.00246,55.9384,0.246305,0,0,0,0,0,0,0
1779698771069,94,281582350893057,390842023937,91,UDP,0.0812779,0.0853,1.22378,1.6601,1.5748,0.5912,0.0115,0.0002,0.9589,0.0132,1.15374,0,239.293,13.9072,0.2532,30.4665,29.9998,1775.92,29911.4,0,0,0,0,0,0,99.4985,0,0,1,58.291,0,0,0,0,0,0,0,0
1779698771083,16,25769803777,73014444033,17,UDP,0.0870686,0.0787,2.72797,0.9582,0.8795,0.6674,0.194,0.0004,0.0074,0.0107,1.43485,0,318.683,13.8944,0.332578,30.4935,48.0119,1679.54,39912.4,0,0,0,0,0,0,99.3813,0,100,1.00419,55.3094,0.418911,0,0,0,0,0,0,0
1779698771097,55,98784247809,281702609977345,53,UDP,0.0984048,0.2275,4.01961,1.6525,1.425,0.4894,0.0179,0.0018,0.9085,0.0092,2.26289,0,442.874,13.9072,0.456781,30.4767,61.2106,1714.21,53403.2,0,0,0,0,0,0,99.4084,0,100,1.00282,56.4051,0.281955,0,0,0,0,0,0,0
1779698771194,65,281547991154689,281728379781121,59,UDP,0.0792755,0.0853,9.8226,0.1875,0.1022,0.0681,0.016,0.0009,0.0086,0.0095,2.66663,0,432.442,13.9072,0.446349,30.4984,61.0302,1731.41,52984.8,0,0,0,0,0,0,99.4066,0,100,1.00219,56.8949,0.219058,0,0,0,0,0,0,0
1779698771208,26,55834574849,124554051585,29,UDP,0.0771292,0.0712,3.08455,2.4383,2.3671,0.2595,0.047,0.0001,2.0578,0.0028,1.17385,0,411.411,13.9632,0.425374,30.4924,61.3447,1686.56,50526.9,0,0,0,0,0,0,99.3823,0,100,1.00395,55.5293,0.394997,0,0,0,0,0,0,0
1779698771333,75,281560876056577,281805689192449,77,UDP,0.0850994,0.0693,4.50393,0.6795,0.6102,0.4933,0.065,0.0005,0.0446,0.0073,0.927366,0,397.498,13.9072,0.411405,30.4766,60.4733,1753.65,49275.6,0,0,0,0,0,0,99.3848,0,100,1.00263,57.6921,0.263158,0,0,0,0,0,0,0
1779698771347,36,281496451547137,167503724545,39,UDP,0.0928872,0.0538,4.06511,0.4589,0.4051,0.3766,0.0111,0.0008,0.0054,0.012,1.27423,0,447.174,13.9072,0.461082,30.4721,61.3884,1693.73,53534.4,0,0,0,0,0,0,99.4069,0,100,1.00366,55.7864,0.365764,0,0,0,0,0,0,0
1779698771465,85,281569465991169,281857228800001,89,UDP,0.0833527,0.0553,1.16463,1.5145,1.4592,0.4884,0.0037,0.0003,0.9559,0.0112,1.63083,0,307.742,13.9072,0.32165,30.4961,31.596,1789.67,38199.3,0,0,0,0,0,0,99.5744,0,0,1,58.6852,0,0,0,0,0,0,0,0
1779698771472,46,281500746514433,210453397505,49,UDP,0.0751837,0.0655,5.56164,1.1967,1.1312,0.0711,0.0214,0.0005,1.0372,0.0015,2.36974,0,452.261,13.9632,0.466224,30.4912,61.2073,1704.81,55023.9,0,0,0,0,0,0,99.4314,0,100,1,55.9115,0,0,0,0,0,0,0,0
1779698771486,7,844437815033857,30064771073,7,UDP,0.0891821,0.0639,5.07054,1.8376,1.7737,1.7353,0.0168,0.0005,0.0111,0.0105,1.69378,0,229.59,13.9504,0.243541,30.4942,31.5102,1676.02,27696.2,0,0,0,0,0,0,99.399,0,100,1.00604,55.294,0.604396,0,0,0,0,0,0,0
1779698771583,95,563022967865345,399431958529,93,UDP,0.0950274,0.0962,1.03851,0.8664,0.7702,0.7485,0.0115,0.0002,0.0045,0.0057,0.777266,0,239.293,13.9632,0.253256,30.5315,29.9982,1778.16,29909.8,0,0,0,0,0,0,99.4985,0,0,1,58.2402,0,0,0,0,0,0,0,0
1779698771597,56,844485059674113,253403070465,59,UDP,0.109928,0.1315,6.20221,0.6762,0.5447,0.4295,0.0167,0.0006,0.0834,0.0151,1.30908,0,442.157,13.9072,0.456064,30.5111,61.0509,1717.94,53254.5,0,0,0,0,0,0,99.4157,0,97.0588,1.00282,56.4638,0.28169,0,0,0,0,0,0,0
1779698771597,17,281483566645249,281547991154689,17,UDP,0.0791454,0.0787,3.96701,1.7163,1.6376,0.6553,0.0105,0.0003,0.9686,0.0032,1.41598,0,281.374,13.9072,0.295282,30.4919,46.9009,1682.18,36900.7,0,0,0,0,0,0,99.3436,0,100,1.00359,55.366,0.358852,0,0,0,0,0,0,0
1779698771722,66,107374182401,281736969715713,61,UDP,0.0771655,0.0645,6.00655,1.5449,1.4804,0.3536,0.0031,0.0001,1.1211,0.0026,1.00205,0,432.442,13.9072,0.446349,30.4987,60.8307,1735.76,52897.1,0,0,0,0,0,0,99.4163,0,100,1.00219,57.0372,0.219058,0,0,0,0,0,0,0
1779698771722,27,562967133290497,281582350893057,25,UDP,0.0679079,0.0502,4.33371,2.8883,2.8381,0.8781,0.0325,0.0002,1.9245,0.003,2.01,0,363.283,13.9632,0.377246,30.4897,59.5998,1688.69,44768,0,0,0,0,0,0,99.3101,0,100,1.00461,55.641,0.461133,0,0,0,0,0,0,0
1779698771847,76,111669149697,281814279127041,79,UDP,0.0889462,0.0835,4.31144,4.1161,4.0326,1.076,0.0085,0.0003,2.9384,0.0097,1.45718,0,397.677,13.9632,0.41164,30.5194,60.3589,1759.77,49134.2,0,0,0,0,0,0,99.3843,0,100,1,57.6605,0,0,0,0,0,0,0,0
1779698771847,37,562971428257793,281625300566017,35,UDP,0.0946916,0.0907,6.35987,1.1671,1.0764,0.0153,0.0014,0.0003,1.0349,0.0248,2.63448,0,391.162,13.9072,0.405069,30.5036,61.3182,1698.27,48115.4,0,0,0,0,0,0,99.3451,0,100,1.00365,55.8779,0.365497,0,0,0,0,0,0,0
1779698771972,8,281474976710657,38654705665,9,UDP,0.0752399,0.0662,4.16681,4.2551,4.1889,0.8086,0.5036,0.0003,2.8678,0.0089,2.18257,0,201.952,13.9696,0.215922,30.5085,31.4582,1678.47,23672.4,0,0,0,0,0,0,99.3015,0,100,1.00384,55.2275,0.383772,0,0,0,0,0,0,0
1779698771972,86,124554051585,356482285569,83,UDP,0.109914,0.1005,1.16383,0.6179,0.5174,0.4808,0.0185,0.0009,0.0092,0.0089,0.800051,0,307.875,13.9632,0.321838,30.499,31.299,1794.64,38060.2,0,0,0,0,0,0,99.5707,0,0,1.00164,58.9392,0.164204,0,0,0,0,0,0,0
1779698771986,47,281505041481729,281668250238977,45,UDP,0.0726107,0.0625,4.73579,0.7736,0.7111,0.17,0.0105,0.0001,0.5258,0.0048,1.60204,0,389.856,13.9504,0.403806,30.4907,61.1313,1706.83,46906.9,0,0,0,0,0,0,99.3341,0,100,1.00329,56.1628,0.328947,0,0,0,0,0,0,0
1779698772104,18,30064771073,81604378625,19,UDP,0.084695,0.0863,3.30515,2.0953,2.009,0.1659,0.0087,0.0002,1.8262,0.0082,1.46399,0,243.667,13.9264,0.257594,30.4773,31.386,1683.27,29007.6,0,0,0,0,0,0,99.4357,0,100,1.0006,55.2631,0.0596659,0,0,0,0,0,0,0
1779698772104,96,137438953473,281900178472961,99,UDP,0.112482,0.0787,1.23274,0.1119,0.0332,0.0095,0.0088,0.0004,0.0042,0.0107,0.689347,0,239.293,13.9504,0.253243,30.531,29.9977,1777.07,29909.3,0,0,0,0,0,0,99.4985,0,0,1,58.2052,0,0,0,0,0,0,0,0
1779698772132,57,281517926383617,281711199911937,55,UDP,0.0902097,0.1137,4.29433,0.9051,0.7914,0.7611,0.0107,0.0003,0.0058,0.0138,2.28375,0,388.421,13.904,0.402325,30.4759,61.0376,1720.11,46824.9,0,0,0,0,0,0,99.3359,0,100,1,56.4414,0,0,0,0,0,0,0,0
1779698772229,67,844489354641409,281745559650305,63,UDP,0.141784,0.0891,6.37461,1.4884,1.3993,1.1216,0.0653,0.001,0.0114,0.201,1.32493,0,379.962,13.9072,0.393869,30.4989,60.7645,1739.37,46537.8,0,0,0,0,0,0,99.3376,0,100,1.00109,57.093,0.109409,0,0,0,0,0,0,0
1779698772236,28,844446404968449,281590940827649,27,UDP,0.0954341,0.0982,4.64907,1.2084,1.1102,1.0239,0.0654,0.0006,0.0086,0.0123,3.6342,0,289.128,13.9824,0.30311,30.4912,44.6071,1690.73,35905.3,0,0,0,0,0,0,99.3643,0,100,1.00197,55.5591,0.197109,0,0,0,0,0,0,0
1779698772361,77,563005787996161,322122547201,75,UDP,0.0994189,0.1167,3.24581,0.3564,0.2397,0.2098,0.0105,0.0003,0.0048,0.0146,0.690786,0,315.474,13.9328,0.329406,30.479,35.9989,1762.42,39782.5,0,0,0,0,0,0,99.5462,0,100,1,57.8241,0,0,0,0,0,0,0,0
1779698772375,38,73014444033,281633890500609,37,UDP,0.0933572,0.0611,4.54753,0.163,0.1019,0.0705,0.0112,0.0003,0.0095,0.0107,2.13747,0,306.307,13.968,0.320275,30.4965,43.3348,1700.32,38136,0,0,0,0,0,0,99.4098,0,100,1.00292,55.9175,0.292184,0,0,0,0,0,0,0
1779698772493,87,281573760958465,281865818734593,91,UDP,0.08543,0.0966,1.0777,0.1576,0.061,0.0286,0.0106,0.0003,0.0049,0.0169,0.449767,0,261.77,14.0528,0.275822,30.4989,29.9989,1794.64,32279.2,0,0,0,0,0,0,99.5353,0,0,1.00164,58.9392,0.164204,0,0,0,0,0,0,0
1779698772500,48,562980018192385,281676840173569,47,UDP,0.123211,0.0813,4.91312,3.6108,3.5295,0.0978,1.0171,0.0002,2.4082,0.0064,2.94888,0,306.163,14.0624,0.320226,30.4917,40.9139,1710.58,37826.5,0,0,0,0,0,0,99.4355,0,100,1.00247,56.2383,0.246508,0,0,0,0,0,0,0
1779698772500,9,844442110001153,281513631416321,9,UDP,0.169428,0.0722,3.73522,1.7064,1.6342,1.5285,0.0914,0.0004,0.0062,0.0081,1.59776,0,167.907,14.0528,0.18196,30.5014,31.4176,1680.17,20263.2,0,0,0,0,0,0,99.1818,0,100,1.00219,55.2058,0.218938,0,0,0,0,0,0,0
1779698772611,97,844510829477889,408021893121,95,UDP,0.0663665,0.0695,0.815466,2.5392,2.4697,0.8196,0.0031,0.0003,1.6415,0.0055,0.62827,0,204.896,14.048,0.218944,30.466,30.1327,1775.89,25597.8,0,0,0,0,0,0,99.3875,0,0,1,58.291,0,0,0,0,0,0,0,0
1779698772625,19,34359738369,281556581089281,19,UDP,0.0838815,0.0779,4.63443,4.1117,4.0338,1.0895,0.0077,0.0002,2.8846,0.052,1.881,0,202.518,14.048,0.216566,30.4911,31.3452,1685.77,24552.7,0,0,0,0,0,0,99.3279,0,100,1.00239,55.4194,0.238949,0,0,0,0,0,0,0
1779698772632,58,103079215105,261993005057,61,UDP,0.0857597,0.0927,3.51839,2.6146,2.5219,1.0308,1.4184,0.0019,0.0609,0.0118,1.87958,0,305.616,14.0576,0.319674,30.4841,37.6837,1724.45,37408.9,0,0,0,0,0,0,99.4846,0,100,1.00094,56.622,0.0938086,0,0,0,0,0,0,0
1779698772750,68,562984313159681,281754149584897,65,UDP,0.0787504,0.1084,5.08615,4.2437,4.1353,2.0192,0.0024,0.0003,2.1087,0.005,1.86723,0,298.117,14.0864,0.312203,30.4879,33.5201,1742.34,36586.4,0,0,0,0,0,0,99.5175,0,100,1.00109,57.2112,0.109409,0,0,0,0,0,0,0
1779698772764,29,844450699935745,133143986177,31,UDP,0.0811632,0.0968,2.79242,0.898,0.8012,0.7637,0.0135,0.0011,0.0128,0.0112,0.950901,0,238.717,14.1552,0.252872,30.5001,31.2596,1693.38,28871.5,0,0,0,0,0,0,99.4348,0,100,1.00329,55.7028,0.328731,0,0,0,0,0,0,0
1779698772868,78,281565171023873,281822869061633,81,UDP,0.0735767,0.0719,8.61283,0.1549,0.083,0.0449,0.0152,0.001,0.011,0.0119,0.882671,0,263.306,14.1376,0.277443,30.4782,30.1982,1767.26,32533.2,0,0,0,0,0,0,99.5347,0,100,1,57.9843,0,0,0,0,0,0,0,0
1779698772882,39,562975723225089,176093659137,41,UDP,0.0847875,0.107,4.27391,2.131,2.024,0.7608,0.0092,0.0003,1.1835,0.0705,2.404,0,246.589,14.1504,0.260739,30.5027,31.1691,1702.79,29935.2,0,0,0,0,0,0,99.4519,0,100,1.00219,55.9467,0.218978,0,0,0,0,0,0,0
1779698773000,88,128849018881,365072220161,85,UDP,0.0634702,0.0757,1.34251,2.5243,2.4486,1.4476,0.0075,0.0002,0.9589,0.0346,1.62393,0,217.213,14.2448,0.231458,30.4997,30.0997,1794.68,26911.6,0,0,0,0,0,0,99.4237,0,0,1,58.8426,0,0,0,0,0,0,0,0
1779698773014,49,844472174772225,219043332097,51,UDP,0.0704443,0.0767,4.69971,2.1769,2.1002,0.7707,0.0066,0.0002,1.3126,0.0103,2.03694,0,245.898,14.2576,0.260155,30.5144,31.0392,1714.38,29900.3,0,0,0,0,0,0,99.4594,0,100,1.00246,56.321,0.246305,0,0,0,0,0,0,0
1779698773014,10,562954248388609,281522221350913,11,UDP,0.0932144,0.0948,3.94617,2.0999,2.0051,1.9711,0.0136,0.0005,0.0092,0.0112,1.68853,0,180.323,14.2576,0.194581,30.5008,31.417,1682.04,23588.9,0,0,0,0,0,0,99.2972,0,100,1.00164,55.238,0.164114,0,0,0,0,0,0,0
1779698773125,98,281586645860353,416611827713,97,UDP,0.0785776,0.0716,1.21848,0.1378,0.0662,0.0467,0.0085,0.0005,0.005,0.006,1.02629,0,171.47,14.24,0.18571,30.4638,30.1971,1775.76,21323.6,0,0,0,0,0,0,99.2632,0,0,1,58.291,0,0,0,0,0,0,0,0
1779698773125,20,562962838323201,90194313217,21,UDP,0.0949714,0.0746,5.33693,1.5834,1.5088,0.5129,0.0079,0.0003,0.9814,0.0066,1.52984,0,215.677,14.24,0.229917,30.4809,31.3533,1687.64,26670.3,0,0,0,0,0,0,99.3841,0,100,1.00359,55.5661,0.359066,0,0,0,0,0,0,0
1779698773139,59,281522221350913,281719789846529,57,UDP,0.0706144,0.0606,6.90321,0.706,0.6454,0.0271,0.0117,0.0007,0.6006,0.006,2.05448,0,245.877,14.24,0.260117,30.4841,30.8555,1727.19,29800.5,0,0,0,0,0,0,99.4639,0,100,1.00282,56.8186,0.281955,0,0,0,0,0,0,0
1779698773264,30,60129542145,141733920769,33,UDP,0.108053,0.0477,3.54593,1.3463,1.2986,0.5911,0.0024,0.0001,0.6985,0.0066,1.22883,0,237.288,14.3472,0.251635,30.5105,31.2503,1696.59,29576.4,0,0,0,0,0,0,99.4514,0,100,1.00461,55.8631,0.460829,0,0,0,0,0,0,0
1779698773264,69,281552286121985,281762739519489,67,UDP,0.139656,0.0847,2.06692,0.8269,0.7422,0.7168,0.0103,0.0004,0.0053,0.0098,1.1122,0,245.667,14.3344,0.260002,30.4983,30.6649,1746.33,29718.8,0,0,0,0,0,0,99.4699,0,100,1.00219,57.3855,0.219058,0,0,0,0,0,0,0
1779698773285,0,844424930131969,281479271677953,1,UDP,0.0877275,0.0395,3.35091,0.6478,0.6083,0.1425,0.0244,0.0003,0.438,0.0034,0.810704,0,442.358,20.56,0.462918,30.4965,37.8938,1894.21,23410.6,0,0,0,0,0,0,99.1446,0,100,1.00507,62.4273,0.506842,0,0,0,0,0,0,0
1779698773375,1,1,4294967297,1,UDP,0.0717471,0.0623,4.30269,0.2622,0.1999,0.1225,0.0089,0.0001,0.0594,0.0091,2.15758,0,186.082,14.3392,0.200421,30.4974,31.4356,1678.53,23573.2,0,0,0,0,0,0,99.3067,0,100,1.00354,55.2333,0.354251,0,0,0,0,0,0,0
1779698773389,40,77309411329,281642480435201,39,UDP,0.0787715,0.0699,5.04757,3.1654,3.0955,0.094,0.0048,0.0001,2.9881,0.0086,1.54705,0,273.661,14.3424,0.288003,30.481,31.2141,1704.45,33781,0,0,0,0,0,0,99.5135,0,100,1.00146,56,0.145985,0,0,0,0,0,0,0
1779698773389,79,844493649608705,330712481793,77,UDP,0.0827248,0.0855,4.64404,0.1836,0.0981,0.011,0.0715,0.0005,0.0072,0.0084,1.48138,0,210.058,14.3296,0.224387,30.4789,30.1989,1771.62,25970.3,0,0,0,0,0,0,99.4035,0,100,1,58.126,0,0,0,0,0,0,0,0
1779698773514,89,844506534510593,373662154753,87,UDP,0.0783821,0.092,1.02907,1.5715,1.4795,1.404,0.0136,0.0006,0.0081,0.0538,1.62056,0,170.173,14.3936,0.184566,30.4986,30.0486,1794.62,21272.8,0,0,0,0,0,0,99.2829,0,0,1,58.8426,0,0,0,0,0,0,0,0
1779698773521,11,562958543355905,281530811285505,13,UDP,0.075215,0.0601,4.63307,1.1637,1.1036,0.1259,0.024,0.0001,0.9428,0.0109,2.67452,0,228.578,14.4592,0.243037,30.5067,31.4897,1684.8,27675.7,0,0,0,0,0,0,99.3939,0,100,1.00274,55.3784,0.273823,0,0,0,0,0,0,0
1779698773535,50,844476469739521,281685430108161,49,UDP,0.0877152,0.1016,3.17544,2.1557,2.0541,0.1638,0.0067,0.0003,1.8753,0.0083,1.92164,0,246.23,14.4496,0.26068,30.4964,31.0713,1716.45,30563.7,0,0,0,0,0,0,99.4704,0,100,1.00082,56.3298,0.0820345,0,0,0,0,0,0,0
1779698773639,60,281526516318209,270582939649,63,UDP,0.0915345,0.0977,3.59283,1.7036,1.6059,1.5217,0.0112,0.0006,0.0125,0.0605,0.996773,0,246.691,14.432,0.261123,30.4828,30.8256,1730.72,30417,0,0,0,0,0,0,99.4837,0,100,1.00376,56.9906,0.376294,0,0,0,0,0,0,0
1779698773639,99,844515124445185,281908768407553,101,UDP,0.0958775,0.0795,2.86867,8.9844,8.9049,0.9552,0.0134,0.0003,7.9237,0.0126,2.57681,0,135.613,14.432,0.150045,30.4652,30.1319,1778.51,16957.6,0,0,0,0,0,0,99.0754,0,0,1,58.3786,0,0,0,0,0,0,0,0
1779698773653,21,38654705665,98784247809,23,UDP,0.0834226,0.092,3.29606,0.9036,0.8116,0.795,0.0095,0.0002,0.0058,0.0013,0.950206,0,255.893,14.4416,0.270334,30.4922,31.3281,1690.41,31649.8,0,0,0,0,0,0,99.4866,0,100,1.00239,55.5699,0.238949,0,0,0,0,0,0,0
1779698773764,31,281492156579841,281599530762241,29,UDP,0.0779761,0.0787,3.25247,1.6938,1.6151,1.5733,0.0134,0.0004,0.0177,0.0107,1.9174,0,301.085,14.4512,0.315536,30.4918,46.0076,1697.72,38807.7,0,0,0,0,0,0,99.3798,0,100,1.00329,55.8612,0.328947,0,0,0,0,0,0,0
1779698773778,70,562988608126977,313532612609,73,UDP,0.114643,0.0831,4.47611,0.1963,0.1132,0.083,0.0082,0.0004,0.0048,0.0172,1.59883,0,246.077,14.5392,0.260616,30.497,30.597,1750.53,30192.1,0,0,0,0,0,0,99.4796,0,100,1,57.4,0,0,0,0,0,0,0,0
1779698773903,80,115964116993,339302416385,79,UDP,0.0863886,0.0834,1.17034,0.7477,0.6643,0.6368,0.0119,0.0005,0.0048,0.0108,0.498467,0,210.749,14.5344,0.225283,30.4785,30.1585,1776.47,26195.4,0,0,0,0,0,0,99.4167,0,100,1,58.2861,0,0,0,0,0,0,0,0
1779698773903,2,844429225099265,281487861612545,3,UDP,0.0754486,0.086,4.72382,1.9221,1.8361,0.1039,0.0107,0.0005,1.7147,0.0068,2.17317,0,226.762,14.5344,0.241296,30.4911,31.429,1680.18,27912.6,0,0,0,0,0,0,99.4123,0,100,1.00405,55.3271,0.405063,0,0,0,0,0,0,0
1779698773917,41,81604378625,184683593729,43,UDP,0.17716,0.087,3.02081,1.6597,1.5727,1.5348,0.0203,0.0006,0.0062,0.0114,1.28141,0,303.261,14.5568,0.317818,30.4948,43.9099,1708,38595.3,0,0,0,0,0,0,99.4202,0,100,1.00292,56.1731,0.292184,0,0,0,0,0,0,0
1779698774028,90,281578055925761,382252089345,89,UDP,0.0683142,0.0688,1.77682,0.164,0.0952,0.0702,0.008,0.0005,0.0045,0.0125,1.52174,0,173.859,14.6416,0.188501,30.4989,30.0989,1794.64,21561.9,0,0,0,0,0,0,99.2807,0,0,1,58.8426,0,0,0,0,0,0,0,0
1779698774028,51,281509336449025,227633266689,53,UDP,0.0891567,0.0792,3.47085,3.4008,3.3216,0.0283,0.0069,0.0004,3.2759,0.0105,2.06586,0,303.68,14.6384,0.318318,30.4987,41.6482,1719.53,38249.5,0,0,0,0,0,0,99.4354,0,100,1,56.3803,0,0,0,0,0,0,0,0
1779698774028,12,12884901889,47244640257,11,UDP,0.0889298,0.0902,3.82171,1.3263,1.2361,0.2468,0.0106,0.0007,0.9669,0.0118,1.65512,0,279.805,14.6288,0.294434,30.5081,31.4079,1685.64,34418.1,0,0,0,0,0,0,99.5186,0,98.6842,1.00384,55.4644,0.383772,0,0,0,0,0,0,0
1779698774160,100,141733920769,281917358342145,103,UDP,0.0886183,0.089,1.85808,0.3091,0.2201,0.1973,0.0077,0.0004,0.0071,0.008,0.70468,0,135.613,14.6368,0.15025,30.4636,30.0637,1786.96,16918.5,0,0,0,0,0,0,99.0753,0,0,1,58.6586,0,0,0,0,0,0,0,0
1779698774167,61,281530811285505,279172874241,65,UDP,0.0730657,0.0771,3.95957,0.9334,0.8563,0.8336,0.0103,0.0003,0.0045,0.0079,1.46535,0,297.891,14.6368,0.312528,30.5003,38.6109,1735.26,37692.1,0,0,0,0,0,0,99.4627,0,100,1.00376,57.1071,0.37594,0,0,0,0,0,0,0
1779698774167,22,42949672961,107374182401,25,UDP,0.0951417,0.0753,3.80136,1.6121,1.5368,0.5442,0.009,0.0002,0.9722,0.0114,1.41744,0,315.602,14.6368,0.330238,30.4937,49.3932,1692.6,41103.2,0,0,0,0,0,0,99.3771,0,100,1.00179,55.606,0.179104,0,0,0,0,0,0,0
1779698774278,32,844454994903041,150323855361,35,UDP,0.0825834,0.1,3.51495,1.5362,1.4362,1.405,0.0172,0.0007,0.01,0.004,1.06207,0,397.856,14.7312,0.412587,30.4938,61.3076,1700.4,48439.8,0,0,0,0,0,0,99.3492,0,100,1.00461,56.0191,0.461133,0,0,0,0,0,0,0
1779698774292,71,562992903094273,281771329454081,69,UDP,0.0724343,0.0783,2.63681,0.3344,0.2561,0.2451,0.0072,0.0003,0.0025,0.0013,1.46515,0,291.968,14.7312,0.306699,30.496,34.3955,1754.27,36181.1,0,0,0,0,0,0,99.5092,0,100,1.00109,57.5875,0.109409,0,0,0,0,0,0,0
1779698774403,3,4294967297,12884901889,3,UDP,0.0819946,0.1162,4.4036,1.5395,1.4233,1.3838,0.0259,0.0009,0.0093,0.0043,2.33825,0,261.936,14.7264,0.276662,30.4983,31.4826,1682.42,32143.7,0,0,0,0,0,0,99.4843,0,100,1.00354,55.3598,0.354251,0,0,0,0,0,0,0
1779698774410,81,563010082963457,281831458996225,83,UDP,0.0782965,0.0819,2.60525,1.5106,1.4287,0.485,0.0079,0.0003,0.9267,0.0091,0.811382,0,244.925,14.7264,0.259651,30.4774,30.1174,1780.73,30437,0,0,0,0,0,0,99.4871,0,0,1,58.4278,0,0,0,0,0,0,0,0
1779698774431,42,844463584837633,281651070369793,41,UDP,0.0573887,0.038,3.94918,1.1829,1.1449,0.1448,0.7816,0.0001,0.048,0.1705,1.63424,0,391.328,14.7392,0.406067,30.4807,61.1614,1709.67,47333.5,0,0,0,0,0,0,99.3409,0,100,1.00292,56.2544,0.292398,0,0,0,0,0,0,0
1779698774542,52,94489280513,236223201281,55,UDP,0.0920712,0.1066,2.5179,2.3088,2.2022,1.1508,0.134,0.0001,0.8338,0.0836,0.99613,0,416.109,14.808,0.430917,30.4974,60.9699,1722.51,50470,0,0,0,0,0,0,99.3878,0,100,1.00412,56.7128,0.411523,0,0,0,0,0,0,0
1779698774542,13,281479271677953,55834574849,13,UDP,0.0663726,0.0354,4.51046,0.2968,0.2614,0.2108,0.01,0.0003,0.0395,0.0011,1.96301,0,322.117,14.808,0.336925,30.4935,50.4227,1688.01,42080.9,0,0,0,0,0,0,99.3856,0,100,1.00384,55.5688,0.383982,0,0,0,0,0,0,0
1779698774542,91,563014377930753,281874408669185,93,UDP,0.11605,0.1412,1.95882,2.1195,1.9783,0.0126,0.0137,0.0002,1.949,0.003,0.986818,0,200.138,14.808,0.214946,30.4983,29.9983,1794.6,24875,0,0,0,0,0,0,99.397,0,0,1,58.8426,0,0,0,0,0,0,0,0
1779698774667,62,281535106252801,287762808833,67,UDP,0.0743386,0.0873,2.19896,0.563,0.4757,0.4525,0.0056,0.0005,0.0085,0.0091,0.824866,0,378.784,14.752,0.393536,30.4827,60.9082,1737.46,46742.8,0,0,0,0,0,0,99.3341,0,100,1.00094,57.0516,0.0938086,0,0,0,0,0,0,0
1779698774667,23,281487861612545,281565171023873,21,UDP,0.0636175,0.0681,3.88013,3.6417,3.5736,1.6056,0.0565,0.0002,1.9036,0.0079,1.70679,0,399.904,14.752,0.414656,30.4854,61.4253,1694.59,49138,0,0,0,0,0,0,99.3546,0,100,1.0054,55.8867,0.539568,0,0,0,0,0,0,0
1779698774792,72,281556581089281,281779919388673,71,UDP,0.0797872,0.0659,2.98268,1.2795,1.2136,0.0128,0.7502,0.0001,0.4403,0.0103,0.711969,0,357.021,14.808,0.371829,30.4989,60.6312,1758.5,44581.8,0,0,0,0,0,0,99.3076,0,100,1,57.6579,0,0,0,0,0,0,0,0
1779698774792,33,844459289870337,281608120696833,31,UDP,0.0842046,0.0851,3.56614,0.2742,0.1891,0.1585,0.012,0.0005,0.0103,0.0083,2.18204,0,462.514,14.808,0.477322,30.5122,61.2642,1702.72,56021.1,0,0,0,0,0,0,99.4409,0,98.1818,1.00263,55.9514,0.262812,0,0,0,0,0,0,0
1779698774917,82,844497944576001,347892350977,81,UDP,0.0788466,0.0775,1.11487,0.1613,0.0838,0.02,0.0409,0.0006,0.0119,0.011,1.1222,0,276.635,14.752,0.291387,30.479,30.279,1785.62,34733,0,0,0,0,0,0,99.5482,0,0,1.00131,58.6623,0.131406,0,0,0,0,0,0,0
1779698774931,4,562949953421313,281496451547137,5,UDP,0.0868601,0.0644,3.78052,1.0081,0.9437,0.9165,0.0098,0.0003,0.0043,0.0131,1.87176,0,259.451,14.7616,0.274213,30.4917,31.5681,1684.58,32823.2,0,0,0,0,0,0,99.4911,0,100,1.00354,55.4428,0.354251,0,0,0,0,0,0,0
1779698774931,43,844467879804929,281659660304385,43,UDP,0.0856124,0.0847,2.73215,1.3749,1.2902,1.2592,0.013,0.0008,0.0078,0.0102,0.983188,0,442.259,14.752,0.457011,30.4871,61.1965,1712.26,53760,0,0,0,0,0,0,99.4174,0,100,1.00146,56.2453,0.145985,0,0,0,0,0,0,0
1779698775056,53,281513631416321,244813135873,57,UDP,0.0692238,0.0517,2.99263,1.2889,1.2372,0.0157,0.7539,0.0005,0.463,0.0046,1.62903,0,453.142,14.808,0.46795,30.4971,61.0691,1725.33,55129.4,0,0,0,0,0,0,99.4364,0,100,1.00247,56.7132,0.246508,0,0,0,0,0,0,0
1779698775056,14,17179869185,64424509441,15,UDP,0.0659408,0.0624,4.33643,1.3933,1.3309,1.0357,0.0154,0.0003,0.271,0.0088,1.73902,0,352.539,14.8176,0.367357,30.5042,57.993,1690.99,44543.4,0,0,0,0,0,0,99.3326,0,100,1.00109,55.4954,0.109349,0,0,0,0,0,0,0
1779698775056,92,563018672898049,281882998603777,95,UDP,0.0777645,0.0821,1.53678,1.8105,1.7284,0.3315,0.852,0.0003,0.5366,0.0083,1.38159,0,226.285,14.808,0.241093,30.4974,30.1474,1794.55,27895.7,0,0,0,0,0,0,99.4349,0,0,1,58.8426,0,0,0,0,0,0,0,0
1779698775181,63,281539401220097,296352743425,69,UDP,0.0829469,0.0784,1.87204,0.5812,0.5028,0.3292,0.1517,0.0003,0.0097,0.0122,1.40356,0,434.117,14.8176,0.448934,30.5131,60.8548,1742.33,53178,0,0,0,0,0,0,99.4199,0,100,1.00188,57.2083,0.187617,0,0,0,0,0,0,0
1779698775209,24,47244640257,281573760958465,23,UDP,0.0867762,0.0884,3.66659,1.2776,1.1892,0.5168,0.0129,0.0002,0.6501,0.0094,1.78141,0,417.146,14.752,0.431898,30.4761,61.3339,1696.39,51985.1,0,0,0,0,0,0,99.3973,0,100,1.00419,55.8964,0.419162,0,0,0,0,0,0,0
1779698775306,73,562997198061569,281788509323265,73,UDP,0.102618,0.0877,6.36086,1.4059,1.3182,1.2933,0.0091,0.0005,0.0056,0.0102,1.21239,0,402.374,14.808,0.417182,30.4981,60.4296,1762.26,50119.1,0,0,0,0,0,0,99.3954,0,100,1.00109,57.8457,0.109409,0,0,0,0,0,0,0
1779698775320,34,64424509441,281616710631425,33,UDP,0.103779,0.1444,3.28288,1.0029,0.8585,0.8143,0.0125,0.0007,0.0136,0.0181,0.987823,0,443.808,14.808,0.458616,30.5061,61.212,1705.9,53805,0,0,0,0,0,0,99.4202,0,100,1.00131,55.9934,0.131234,0,0,0,0,0,0,0
1779698775431,83,844502239543297,281840048930817,85,UDP,0.0813446,0.1103,1.1192,0.6131,0.5028,0.4807,0.0116,0.0005,0.0071,0.0034,1.86094,0,310.712,14.752,0.325464,30.4788,32.9987,1790.73,39347.9,0,0,0,0,0,0,99.5713,0,0,1.00131,58.8305,0.131406,0,0,0,0,0,0,0
1779698775445,44,85899345921,193273528321,45,UDP,0.12023,0.0724,3.15825,2.5782,2.5058,0.1441,0.0076,0.0003,2.3453,0.0088,1.29677,0,476.883,14.752,0.491635,30.4822,61.1199,1715.22,58756.1,0,0,0,0,0,0,99.4694,0,100,1.00146,56.3518,0.145985,0,0,0,0,0,0,0
1779698775459,5,844433520066561,281505041481729,7,UDP,0.382655,0.0728,4.59766,1.6771,1.6043,1.578,0.0083,0.0012,0.0094,0.0086,2.2523,0,262.512,14.752,0.277264,30.4902,31.4589,1685.91,32839.6,0,0,0,0,0,0,99.4957,0,100,1.00253,55.4333,0.252781,0,0,0,0,0,0,0
1779698775570,93,133143986177,281891588538369,97,UDP,0.0848147,0.0844,1.56858,1.7133,1.6289,0.2878,0.008,0.0004,1.3074,0.0257,0.989747,0,250.826,14.752,0.265578,30.4998,30.0998,1794.69,31254.1,0,0,0,0,0,0,99.5037,0,0,1,58.8426,0,0,0,0,0,0,0,0
1779698775570,54,844480764706817,281694020042753,51,UDP,0.082634,0.0767,2.50231,2.5216,2.4449,1.4599,0.0076,0.0003,0.896,0.0814,1.12047,0,441.862,14.808,0.45667,30.5216,61.0182,1729.38,53623.8,0,0,0,0,0,0,99.4213,0,100,1.00164,56.7539,0.164069,0,0,0,0,0,0,0
1779698775570,15,21474836481,281539401220097,15,UDP,0.0861515,0.1109,3.89153,3.1215,3.0106,1.7222,0.0102,0.0002,1.2761,0.0021,1.26538,0,313.63,14.808,0.328438,30.502,48.2102,1692.17,40127.8,0,0,0,0,0,0,99.3797,0,100,1.00219,55.5988,0.218938,0,0,0,0,0,0,0
1779698775695,64,281543696187393,304942678017,71,UDP,0.0799486,0.064,2.05086,1.8119,1.7479,1.4076,0.0033,0.0003,0.3296,0.0074,1.47108,0,430.086,14.752,0.444838,30.4846,60.7692,1744.08,53105,0,0,0,0,0,0,99.4251,0,100,1.00094,57.2655,0.0938086,0,0,0,0,0,0,0
1779698775695,25,51539607553,115964116993,27,UDP,0.0846426,0.0475,2.76519,0.2861,0.2386,0.0634,0.0078,0.0003,0.1628,0.0046,1.16095,0,415.955,14.752,0.430707,30.483,61.2931,1698.63,51189.3,0,0,0,0,0,0,99.3901,0,100,1.00239,55.8571,0.239091,0,0,0,0,0,0,0
1779698775813,74,563001493028865,281797099257857,75,UDP,0.0928692,0.0559,4.74923,1.1473,1.0914,0.1605,0.0044,0.0003,0.9139,0.0126,0.659995,0,394.323,14.808,0.409131,30.4988,60.4309,1765.7,49259.2,0,0,0,0,0,0,99.3789,0,100,1.00219,58.0208,0.219058,0,0,0,0,0,0,0
1779698775834,35,68719476737,158913789953,37,UDP,0.0835457,0.0737,3.59681,2.8106,2.7369,0.3848,0.0067,0.0003,2.3344,0.011,1.97977,0,468.307,14.808,0.483115,30.4854,61.2507,1707.32,57607.4,0,0,0,0,0,0,99.4549,0,100,1.00131,56.0781,0.13132,0,0,0,0,0,0,0
1779698775945,84,120259084289,281848638865409,87,UDP,0.0910634,0.095,1.14291,0.7715,0.6765,0.6522,0.0092,0.0004,0.0056,0.0095,0.897019,0,304.056,14.752,0.318808,30.4796,31.5596,1795.58,38251.4,0,0,0,0,0,0,99.5875,0,0,1.00131,58.9882,0.131406,0,0,0,0,0,0,0
1779698775959,6,8589934593,21474836481,5,UDP,0.0939758,0.0755,3.89505,1.18,1.1045,0.1879,0.0083,0.0003,0.8982,0.0101,1.31914,0,253.667,14.752,0.268419,30.4923,31.3995,1687.59,30339.8,0,0,0,0,0,0,99.4577,0,100,1.00303,55.5129,0.30349,0,0,0,0,0,0,0
1779698775973,45,90194313217,201863462913,47,UDP,0.0845325,0.0743,3.94061,1.5691,1.4948,0.0863,0.0094,0.0003,1.3886,0.0105,1.43775,0,467.667,14.752,0.482419,30.5009,61.0684,1718.38,57041,0,0,0,0,0,0,99.4576,0,100,1.00219,56.462,0.218978,0,0,0,0,0,0,0
1779698776070,94,281582350893057,390842023937,91,UDP,0.0769821,0.0537,1.30389,2.1193,2.0656,0.1326,0.0981,0.0003,1.8282,0.0067,0.881729,0,239.293,14.808,0.254101,30.4985,29.9985,1794.61,29910.1,0,0,0,0,0,0,99.4985,0,0,1,58.8426,0,0,0,0,0,0,0,0
1779698776084,16,25769803777,73014444033,17,UDP,0.0869709,0.0808,2.60364,2.2346,2.1538,1.9635,0.0124,0.0006,0.0073,0.1706,1.31841,0,313.63,14.808,0.328438,30.5017,46.5272,1693.79,39852.4,0,0,0,0,0,0,99.4005,0,100,1.00439,55.7745,0.438837,0,0,0,0,0,0,0
1779698776098,55,98784247809,281702609977345,53,UDP,0.0916656,0.0815,3.63321,3.6928,3.6113,0.8875,0.0078,0.0003,2.6642,0.0518,2.21971,0,440.645,14.8048,0.45545,30.493,61.0859,1731.3,53614.2,0,0,0,0,0,0,99.4141,0,100,1.00247,56.917,0.246508,0,0,0,0,0,0,0
1779698776195,65,281547991154689,281728379781121,59,UDP,0.0776765,0.0685,7.0146,1.3125,1.244,1.2223,0.0073,0.0005,0.0048,0.0096,1.31147,0,430.163,14.7696,0.444933,30.5128,60.8827,1747.8,53096.7,0,0,0,0,0,0,99.4117,0,100,1.00188,57.3884,0.187617,0,0,0,0,0,0,0
1779698776209,26,55834574849,124554051585,29,UDP,0.0732161,0.0504,2.76607,1.0436,0.9932,0.9778,0.0021,0.0001,0.0024,0.0109,1.03823,0,403.91,14.7008,0.418611,30.4842,61.2229,1700.3,50523.8,0,0,0,0,0,0,99.3845,0,100,1.00359,55.9767,0.359066,0,0,0,0,0,0,0
1779698776334,75,281560876056577,281805689192449,77,UDP,0.0737767,0.0474,3.65488,1.5162,1.4688,0.6047,0.0058,0.0001,0.8495,0.0088,0.773333,0,394.502,14.7056,0.409208,30.4989,60.3979,1767.84,49284.7,0,0,0,0,0,0,99.3859,0,100,1.00219,58.0909,0.219058,0,0,0,0,0,0,0
1779698776348,36,281496451547137,167503724545,39,UDP,0.0919453,0.0929,4.08243,3.1888,3.0959,0.0826,0.0101,0.0003,2.9943,0.0089,1.6183,0,440.211,14.7056,0.454917,30.4853,61.2504,1708.19,53684.2,0,0,0,0,0,0,99.4118,0,100,1.00329,56.2178,0.328947,0,0,0,0,0,0,0
1779698776459,85,281569465991169,281857228800001,89,UDP,0.0775556,0.0501,1.07211,1.5537,1.5036,1.4147,0.0679,0.0007,0.0088,0.0122,1.15836,0,303.237,14.6544,0.317891,30.5199,31.3199,1798.27,38144.1,0,0,0,0,0,0,99.5798,0,0,1,58.9214,0,0,0,0,0,0,0,0
1779698776473,46,281500746514433,210453397505,49,UDP,0.0704469,0.0581,4.33685,0.1776,0.1195,0.1009,0.0055,0.0004,0.0053,0.0078,1.54526,0,449.67,14.5984,0.464269,30.4813,61.0737,1718.15,55155.9,0,0,0,0,0,0,99.4353,0,100,1,56.3673,0,0,0,0,0,0,0,0
1779698776487,7,844437815033857,30064771073,7,UDP,0.0848691,0.0733,4.07756,1.3859,1.3126,0.3467,0.0109,0.0003,0.9439,0.0111,1.55501,0,228.485,14.5984,0.243083,30.4873,31.4097,1687.47,27762.9,0,0,0,0,0,0,99.4047,0,100,1.00558,55.6587,0.557809,0,0,0,0,0,0,0
1779698776584,95,563022967865345,399431958529,93,UDP,0.0912366,0.0726,1.44235,4.115,4.0424,0.1015,3.4222,0.0006,0.5071,0.0116,1.22759,0,239.374,14.56,0.253934,30.4974,30.0475,1788.55,29911.6,0,0,0,0,0,0,99.49,0,0,1,58.6459,0,0,0,0,0,0,0,0
1779698776598,56,844485059674113,253403070465,59,UDP,0.101378,0.0724,4.38263,0.6415,0.5691,0.5135,0.037,0.0004,0.0083,0.0103,0.929733,0,433.643,14.6128,0.448256,30.5229,60.9458,1731.56,53374.5,0,0,0,0,0,0,99.4193,0,97.1429,1.00246,56.8695,0.246305,0,0,0,0,0,0,0
1779698776598,17,281483566645249,281547991154689,17,UDP,0.0732869,0.0769,3.48217,0.9585,0.8816,0.0116,0.0107,0.0004,0.8545,0.0048,1.9627,0,279.434,14.6032,0.294037,30.5014,45.5272,1694.13,36737,0,0,0,0,0,0,99.3591,0,100,1.00329,55.7255,0.328767,0,0,0,0,0,0,0
1779698776723,66,107374182401,281736969715713,61,UDP,0.0782064,0.0709,4.67254,1.2519,1.181,0.2906,0.0107,0.0003,0.8498,0.0299,0.888626,0,429.626,14.552,0.444178,30.5127,60.711,1747.62,53011.4,0,0,0,0,0,0,99.4199,0,100,1.00188,57.3827,0.187617,0,0,0,0,0,0,0
1779698776723,27,562967133290497,281582350893057,25,UDP,0.063578,0.0478,3.61064,1.1628,1.115,0.2016,0.014,0.0002,0.8943,0.0051,1.46565,0,358.534,14.5088,0.373043,30.4812,59.6355,1700.02,44772,0,0,0,0,0,0,99.312,0,100,1.00419,56.0066,0.419162,0,0,0,0,0,0,0
1779698776848,76,111669149697,281814279127041,79,UDP,0.0901823,0.0994,3.9321,2.8872,2.7878,1.8154,0.0201,0.0005,0.9398,0.0125,1.23221,0,394.298,14.4576,0.408755,30.4989,60.2979,1767.64,49158.8,0,0,0,0,0,0,99.3855,0,100,1,57.9574,0,0,0,0,0,0,0,0
1779698776848,37,562971428257793,281625300566017,35,UDP,0.10507,0.0973,4.68946,1.3543,1.257,1.2292,0.0107,0.0005,0.0066,0.0105,1.5803,0,388.922,14.416,0.403338,30.4937,61.1874,1708.67,48166.2,0,0,0,0,0,0,99.3489,0,100,1.00395,56.2548,0.394997,0,0,0,0,0,0,0
1779698776973,8,281474976710657,38654705665,9,UDP,0.0705087,0.053,3.38759,0.7725,0.7195,0.6864,0.0105,0.0003,0.004,0.0186,1.89001,0,194.325,14.416,0.208741,30.4995,31.3608,1687.93,23719.4,0,0,0,0,0,0,99.3074,0,100,1.00354,55.539,0.354251,0,0,0,0,0,0,0
1779698776973,86,124554051585,356482285569,83,UDP,0.105587,0.1076,1.51753,4.5601,4.4525,0.423,0.0112,0.0003,4.0083,0.01,1.48007,0,302.469,14.4064,0.316875,30.479,31.079,1795.86,38009.6,0,0,0,0,0,0,99.5766,0,0,1.00131,58.9987,0.131406,0,0,0,0,0,0,0
1779698776987,47,281505041481729,281668250238977,45,UDP,0.0681269,0.0483,4.46179,3.6849,3.6366,0.0727,0.0133,0.0004,3.5447,0.0059,1.46285,0,388.811,14.3936,0.403205,30.4807,61.0281,1717.1,47095.3,0,0,0,0,0,0,99.3373,0,100,1.00292,56.4985,0.292398,0,0,0,0,0,0,0
1779698777098,96,137438953473,281900178472961,99,UDP,0.104586,0.0696,1.26955,1.6447,1.5751,0.0243,0.0017,0.0001,1.5446,0.0045,0.709295,0,239.456,14.3552,0.253811,30.4989,30.0989,1781.43,29915.6,0,0,0,0,0,0,99.4816,0,0,1,58.4098,0,0,0,0,0,0,0,0
1779698777105,18,30064771073,81604378625,19,UDP,0.0851473,0.1012,2.79058,0.6567,0.5555,0.5243,0.0116,0.0005,0.0094,0.0102,2.07001,0,238.062,14.4208,0.252483,30.4876,31.2873,1693.21,29070.1,0,0,0,0,0,0,99.4404,0,100,1.00055,55.5681,0.0546747,0,0,0,0,0,0,0
1779698777126,57,281517926383617,281711199911937,55,UDP,0.0902417,0.083,3.50267,3.0625,2.9795,0.9709,0.0085,0.0004,1.9809,0.0192,1.84625,0,379.422,14.408,0.39383,30.4913,60.9327,1730.21,46900.1,0,0,0,0,0,0,99.3395,0,100,1,56.7443,0,0,0,0,0,0,0,0
1779698777230,67,844489354641409,281745559650305,63,UDP,0.123696,0.0822,5.08333,0.9496,0.8674,0.8347,0.0116,0.0007,0.0113,0.0098,2.34264,0,377.76,14.36,0.39212,30.5135,60.6556,1747.33,46635.5,0,0,0,0,0,0,99.3415,0,100,1.00094,57.3177,0.0937207,0,0,0,0,0,0,0
1779698777230,28,844446404968449,281590940827649,27,UDP,0.0931402,0.0961,3.63825,0.4586,0.3625,0.1102,0.0098,0.0005,0.2338,0.0087,2.29953,0,282.819,14.3136,0.297133,30.4828,43.3158,1699.68,35854.9,0,0,0,0,0,0,99.3827,0,100,1.00179,55.8584,0.179211,0,0,0,0,0,0,0
1779698777362,77,563005787996161,322122547201,75,UDP,0.0874765,0.0739,3.53148,2.1409,2.067,0.27,1.1399,0.0004,0.6559,0.0012,1.81577,0,312.672,14.3216,0.326994,30.4989,35.1321,1767.04,39665.7,0,0,0,0,0,0,99.5444,0,100,1,57.9377,0,0,0,0,0,0,0,0
1779698777376,38,73014444033,281633890500609,37,UDP,0.0870823,0.0885,3.61897,1.3724,1.2839,0.3287,0.003,0,0.9428,0.0094,1.43986,0,300.509,14.3056,0.314814,30.506,42.0407,1709.06,38077.7,0,0,0,0,0,0,99.428,0,100,1.00263,56.1708,0.262812,0,0,0,0,0,0,0
1779698777494,87,281573760958465,281865818734593,91,UDP,0.0834308,0.0622,1.13875,1.4922,1.43,0.5827,0.0091,0.0002,0.8319,0.0063,0.523857,0,257.418,14.2016,0.271619,30.4789,29.9989,1790.73,32258.6,0,0,0,0,0,0,99.535,0,0,1.00131,58.8305,0.131406,0,0,0,0,0,0,0
1779698777501,48,562980018192385,281676840173569,47,UDP,0.11461,0.1007,4.12826,1.1173,1.0166,0.757,0.0247,0.0003,0.227,0.0079,2.18615,0,300.816,14.2112,0.315027,30.4826,39.7474,1717.96,37802.9,0,0,0,0,0,0,99.4531,0,100,1.00219,56.4821,0.219138,0,0,0,0,0,0,0
1779698777501,9,844442110001153,281513631416321,9,UDP,0.148981,0.0876,3.10001,0.6451,0.5575,0.5087,0.0215,0.0011,0.0163,0.011,1.14861,0,168.213,14.2112,0.182424,30.4939,31.3243,1687.59,20322.1,0,0,0,0,0,0,99.1897,0,100,1.00202,55.4538,0.202122,0,0,0,0,0,0,0
1779698777612,97,844510829477889,408021893121,95,UDP,0.0695342,0.0803,0.692884,0.1393,0.059,0.0166,0.0127,0.0011,0.0111,0.0186,0.652497,0,204.814,14.2064,0.219021,30.4988,30.1488,1775.83,25598.2,0,0,0,0,0,0,99.3842,0,0,1,58.2262,0,0,0,0,0,0,0,0
1779698777626,19,34359738369,281556581089281,19,UDP,0.0816273,0.0711,3.65712,1.5629,1.4918,0.4928,0.0125,0.0003,0.9527,0.0338,1.47983,0,203.464,14.216,0.21768,30.5001,31.2497,1693.36,24625.9,0,0,0,0,0,0,99.3345,0,100,1.00219,55.6415,0.218938,0,0,0,0,0,0,0
1779698777633,58,103079215105,261993005057,61,UDP,0.0920464,0.1072,2.61358,1.0271,0.9199,0.8673,0.0123,0.0006,0.0291,0.0112,1.22764,0,296.12,14.2064,0.310326,30.4987,36.7485,1730.88,37359.9,0,0,0,0,0,0,99.4979,0,100,1.00082,56.799,0.0820345,0,0,0,0,0,0,0
1779698777751,68,562984313159681,281754149584897,65,UDP,0.0875115,0.1048,4.02894,0.688,0.5832,0.5536,0.0113,0.0005,0.0079,0.0104,1.95962,0,296.12,14.168,0.310288,30.5044,33.0465,1746.46,36648.2,0,0,0,0,0,0,99.5283,0,100,1.00094,57.3065,0.0937207,0,0,0,0,0,0,0
1779698777765,29,844450699935745,133143986177,31,UDP,0.0776453,0.069,2.69034,3.5376,3.4686,0.1038,0.4314,0.0003,2.9284,0.005,1.18794,0,238.848,14.1088,0.252957,30.4911,31.1816,1699.76,28961,0,0,0,0,0,0,99.4371,0,100,1.00359,55.9462,0.358852,0,0,0,0,0,0,0
1779698777863,78,281565171023873,281822869061633,81,UDP,0.0751223,0.105,6.07339,0.9073,0.8023,0.7827,0.0064,0.0004,0.0051,0.0081,0.744992,0,260.208,14.1168,0.274325,30.4988,30.1655,1766.83,32532.3,0,0,0,0,0,0,99.5354,0,100,1,57.9311,0,0,0,0,0,0,0,0
1779698777876,39,562975723225089,176093659137,41,UDP,0.0849891,0.0711,3.53814,2.2811,2.21,0.2563,0.0039,0.0003,1.9372,0.0126,1.64445,0,247.547,14.1136,0.261661,30.5118,31.0716,1708.9,30035.4,0,0,0,0,0,0,99.458,0,100,1.00197,56.1182,0.19698,0,0,0,0,0,0,0
1779698778002,88,128849018881,365072220161,85,UDP,0.0698615,0.0892,1.65946,0.6681,0.5789,0.545,0.0139,0.0004,0.01,0.01,2.46548,0,214.32,14.0096,0.22833,30.4779,30.0779,1785.88,26885.6,0,0,0,0,0,0,99.4269,0,0,1,58.5958,0,0,0,0,0,0,0,0
1779698778015,49,844472174772225,219043332097,51,UDP,0.0700574,0.0617,4.02254,2.2635,2.2018,0.1387,0.0083,0.0002,2.0536,0.0012,1.55427,0,246.126,14.0064,0.260133,30.5007,30.945,1718.37,29995.5,0,0,0,0,0,0,99.4649,0,100,1.00219,56.462,0.218978,0,0,0,0,0,0,0
1779698778016,10,562954248388609,281522221350913,11,UDP,0.0890892,0.0779,3.53537,3.0904,3.0125,0.51,0.0103,0.0003,2.4614,0.0308,1.605,0,179.581,13.9968,0.193578,30.4924,31.3073,1687.2,23500.7,0,0,0,0,0,0,99.2998,0,100,1.00152,55.4157,0.151515,0,0,0,0,0,0,0
1779698778127,98,281586645860353,416611827713,97,UDP,0.0878904,0.1033,1.76758,3.515,3.4117,0.0212,0.0086,0.0005,3.3717,0.0102,1.43156,0,170.254,14.0144,0.184269,30.4982,30.1982,1769.8,21313.4,0,0,0,0,0,0,99.2592,0,0,1,58.0295,0,0,0,0,0,0,0,0
1779698778127,20,562962838323201,90194313217,21,UDP,0.0934254,0.0987,4.40414,3.1195,3.0208,0.1718,0.0083,0.0005,2.8317,0.009,1.04273,0,214.474,14.0144,0.228488,30.4909,31.2407,1693,26682,0,0,0,0,0,0,99.3888,0,100,1.00329,55.7072,0.328947,0,0,0,0,0,0,0
1779698778140,59,281522221350913,281719789846529,57,UDP,0.0675194,0.0571,4.78337,0.1769,0.1198,0.0952,0.0113,0.0005,0.0059,0.0074,1.24636,0,244.131,14.0144,0.258146,30.4988,30.7488,1730.28,29890.2,0,0,0,0,0,0,99.4696,0,100,1.00247,56.8726,0.246508,0,0,0,0,0,0,0
1779698778265,30,60129542145,141733920769,33,UDP,0.104763,0.0641,3.02971,1.3396,1.2755,0.9342,0.0109,0.0002,0.327,0.0034,0.693506,0,233.392,13.9072,0.247299,30.5008,31.137,1700.41,29540.2,0,0,0,0,0,0,99.4545,0,100,1.00419,55.9832,0.418911,0,0,0,0,0,0,0
1779698778266,69,281552286121985,281762739519489,67,UDP,0.12954,0.0733,2.22514,3.694,3.6207,0.5788,0.0089,0.0001,2.9448,0.0882,1.29069,0,244.106,13.92,0.258026,30.4831,30.5688,1745.37,29831.2,0,0,0,0,0,0,99.4756,0,100,1.00188,57.3643,0.187793,0,0,0,0,0,0,0
1779698778279,0,844424930131969,281479271677953,1,UDP,0.0779286,0.0691,2.83901,3.4765,3.4074,1.3647,0.5354,0.0001,1.5008,0.0065,1.11364,0,403.645,20.7024,0.424347,30.5037,39.6719,1943.72,25341.5,0,0,0,0,0,0,99.1761,0,100,1.0047,64.0207,0.470367,0,0,0,0,0,0,0
1779698778377,1,1,4294967297,1,UDP,0.0764374,0.106,3.81681,2.7514,2.6454,1.6148,0.0096,0.0002,0.9885,0.0325,2.20856,0,183.15,13.9728,0.197123,30.5046,31.3472,1683.38,23524.5,0,0,0,0,0,0,99.309,0,100,1.00329,55.3659,0.328793,0,0,0,0,0,0,0
1779698778390,40,77309411329,281642480435201,39,UDP,0.0750836,0.0555,3.978,1.148,1.0925,0.0981,0.0091,0.0003,0.9752,0.0101,1.72277,0,269.573,13.9632,0.283536,30.4923,31.1122,1708.51,33772,0,0,0,0,0,0,99.5174,0,100,1.00131,56.1044,0.13132,0,0,0,0,0,0,0
1779698778391,79,844493649608705,330712481793,77,UDP,0.0874682,0.0991,3.76996,1.6793,1.5802,1.5484,0.0135,0.0007,0.0091,0.0092,1.51247,0,206.141,13.9632,0.220104,30.4989,30.1656,1767.24,25936.4,0,0,0,0,0,0,99.4059,0,100,1,57.9443,0,0,0,0,0,0,0,0
1779698778515,11,562958543355905,281530811285505,13,UDP,0.0729568,0.0688,4.00556,2.4442,2.3754,0.3491,0.005,0.0001,2.0176,0.0037,1.80993,0,225.838,13.9168,0.239755,30.4985,31.3906,1689.02,27718.3,0,0,0,0,0,0,99.3994,0,100,1.00253,55.5202,0.252781,0,0,0,0,0,0,0
1779698778516,89,844506534510593,373662154753,87,UDP,0.0857536,0.0997,1.26497,3.3171,3.2174,0.1066,0.0114,0.0005,3.0912,0.0082,1.49882,0,170.454,13.9632,0.184418,30.5193,30.0393,1784.8,21279.9,0,0,0,0,0,0,99.2855,0,0,1,58.481,0,0,0,0,0,0,0,0
1779698778536,50,844476469739521,281685430108161,49,UDP,0.0852273,0.0848,2.66449,0.2978,0.213,0.1731,0.0115,0.0005,0.0202,0.0082,1.52271,0,240.342,13.9072,0.25425,30.4865,30.9531,1718.93,30506.6,0,0,0,0,0,0,99.4737,0,100,1.00073,56.4245,0.0729395,0,0,0,0,0,0,0
1779698778640,60,281526516318209,270582939649,63,UDP,0.0980507,0.1037,2.55863,0.224,0.1203,0.0971,0.0085,0.0003,0.0049,0.0098,0.943823,0,240.522,13.9632,0.254485,30.4976,30.7226,1732.56,30373.2,0,0,0,0,0,0,99.4859,0,100,1.00329,56.9967,0.328947,0,0,0,0,0,0,0
1779698778641,99,844515124445185,281908768407553,101,UDP,0.0903902,0.1001,3.18713,0.8313,0.7312,0.7027,0.0114,0.0005,0.0065,0.0106,2.76081,0,135.613,13.9632,0.149576,30.499,30.099,1770.24,16956.1,0,0,0,0,0,0,99.0853,0,0,1,58.0426,0,0,0,0,0,0,0,0
1779698778654,21,38654705665,98784247809,23,UDP,0.0724462,0.0386,3.02203,0.428,0.3894,0.051,0.0095,0.0004,0.3224,0.0065,1.69759,0,252.309,13.9728,0.266282,30.5005,31.2334,1695.05,31639.8,0,0,0,0,0,0,99.4894,0,100,1.00219,55.6962,0.218938,0,0,0,0,0,0,0
1779698778766,31,281492156579841,281599530762241,29,UDP,0.0777927,0.0785,2.90834,2.5435,2.465,0.3482,0.0146,0.0002,2.0493,0.0529,1.63108,0,295.901,13.9168,0.309818,30.4832,44.5887,1701.51,38642,0,0,0,0,0,0,99.3979,0,100,1.00299,55.985,0.299043,0,0,0,0,0,0,0
1779698778779,70,562988608126977,313532612609,73,UDP,0.106582,0.0795,3.8807,2.4179,2.3384,0.3484,0.0093,0.0005,1.972,0.0087,1.38047,0,240.061,13.9072,0.253968,30.4839,30.5125,1748.84,30166.5,0,0,0,0,0,0,99.4825,0,100,1,57.3693,0,0,0,0,0,0,0,0
1779698778904,80,115964116993,339302416385,79,UDP,0.0820158,0.0625,1.24798,0.2712,0.2087,0.1829,0.0115,0.0004,0.0046,0.0097,1.40133,0,205.347,13.9632,0.21931,30.4994,30.1327,1771.33,26108.1,0,0,0,0,0,0,99.4165,0,100,1,58.0776,0,0,0,0,0,0,0,0
1779698778904,2,844429225099265,281487861612545,3,UDP,0.0771478,0.094,4.18996,5.2359,5.1419,1.6596,0.0088,0.0001,3.4649,0.0086,2.12127,0,218.517,13.9728,0.23249,30.4991,31.3416,1684.93,27870.1,0,0,0,0,0,0,99.4147,0,100,1.00423,55.4791,0.423131,0,0,0,0,0,0,0
1779698778918,41,81604378625,184683593729,43,UDP,0.146396,0.0718,2.24581,0.8954,0.8236,0.7582,0.0056,0.0005,0.0326,0.0272,0.825808,0,295.594,13.9728,0.309566,30.5056,42.5599,1711.87,38431.1,0,0,0,0,0,0,99.4363,0,100,1.00263,56.2641,0.262812,0,0,0,0,0,0,0
1779698779029,90,281578055925761,382252089345,89,UDP,0.0716749,0.0715,1.66373,0.6317,0.5602,0.5399,0.0086,0.0003,0.0045,0.0072,1.56484,0,170.173,13.9072,0.18408,30.4792,30.0792,1783.4,21503.9,0,0,0,0,0,0,99.2835,0,0,1,58.5118,0,0,0,0,0,0,0,0
1779698779030,51,281509336449025,227633266689,53,UDP,0.0820746,0.0665,3.1742,0.9309,0.8644,0.3156,0.0136,0.0021,0.529,0.0062,1.89357,0,295.286,13.9168,0.309203,30.4878,40.3986,1721.76,38100.9,0,0,0,0,0,0,99.4518,0,100,1,56.4738,0,0,0,0,0,0,0,0
1779698779030,12,12884901889,47244640257,11,UDP,0.08839,0.0898,3.47567,1.574,1.4842,0.0084,0.0133,0.0003,1.4557,0.0068,1.7005,0,271.176,13.9168,0.285093,30.4998,31.315,1689.8,34378.1,0,0,0,0,0,0,99.5212,0,98.7013,1.00354,55.5997,0.354251,0,0,0,0,0,0,0
1779698779154,100,141733920769,281917358342145,103,UDP,0.0908771,0.124,1.60611,0.7179,0.5939,0.5069,0.0456,0.0014,0.0224,0.019,0.608876,0,135.613,13.9632,0.149576,30.4995,30.0495,1776.67,16927.8,0,0,0,0,0,0,99.0852,0,0,1,58.2525,0,0,0,0,0,0,0,0
1779698779168,61,281530811285505,279172874241,65,UDP,0.0773718,0.0677,2.96541,0.707,0.6393,0.5677,0.0486,0.0009,0.0128,0.0102,1.22323,0,293.253,13.9632,0.307216,30.5131,37.5604,1736.55,37563.1,0,0,0,0,0,0,99.478,0,100,1.00329,57.0986,0.328677,0,0,0,0,0,0,0
1779698779169,22,42949672961,107374182401,25,UDP,0.0969531,0.1259,2.98546,0.2429,0.117,0.0998,0.0088,0.0002,0.0057,0.0027,1.43443,0,306.614,13.9728,0.320587,30.5028,47.8115,1697.11,40872.2,0,0,0,0,0,0,99.3946,0,100,1.00164,55.7292,0.164114,0,0,0,0,0,0,0
1779698779279,32,844454994903041,150323855361,35,UDP,0.0872514,0.1172,3.06033,2.7697,2.6525,1.6506,0.153,0.0006,0.8388,0.0101,1.48596,0,388.446,13.9168,0.402363,30.486,61.2083,1704,48451.4,0,0,0,0,0,0,99.3519,0,100,1.00419,56.1287,0.419162,0,0,0,0,0,0,0
1779698779293,71,562992903094273,281771329454081,69,UDP,0.0750762,0.0866,2.26129,1.5799,1.4933,0.0214,0.009,0.0006,1.4568,0.0061,1.13071,0,285.522,13.9072,0.299429,30.4833,33.7974,1752.06,36112.2,0,0,0,0,0,0,99.5188,0,100,1.00188,57.584,0.187793,0,0,0,0,0,0,0
1779698779405,3,4294967297,12884901889,3,UDP,0.0756388,0.0651,3.6883,2.7333,2.6682,0.5837,0.0059,0.0002,2.0675,0.0111,1.67505,0,258.506,13.9632,0.272469,30.5058,31.3769,1686.93,32155.9,0,0,0,0,0,0,99.488,0,100,1.00329,55.4805,0.328793,0,0,0,0,0,0,0
1779698779405,81,563010082963457,281831458996225,83,UDP,0.0775506,0.0787,2.1894,1.6201,1.5414,0.0774,0.0066,0.0005,1.4308,0.0266,0.508275,0,241.11,13.9632,0.255074,30.4996,30.0996,1774.94,30389.1,0,0,0,0,0,0,99.4896,0,0,1,58.1956,0,0,0,0,0,0,0,0
1779698779432,42,844463584837633,281651070369793,41,UDP,0.0567028,0.0585,3.32164,1.942,1.8835,1.8022,0.0027,0.0002,0.0684,0.0102,1.06912,0,379.512,13.96,0.393472,30.4928,61.0656,1713.22,47344.3,0,0,0,0,0,0,99.3433,0,100,1.00263,56.332,0.262985,0,0,0,0,0,0,0
1779698779544,52,94489280513,236223201281,55,UDP,0.0902514,0.09,2.3982,1.1288,1.0388,0.1428,0.0067,0.0002,0.8779,0.0114,1.16258,0,404.357,13.9168,0.418274,30.4865,60.8842,1724.4,50478.1,0,0,0,0,0,0,99.3895,0,100,1.00513,56.8527,0.512821,0,0,0,0,0,0,0
1779698779544,13,281479271677953,55834574849,13,UDP,0.0689712,0.0615,3.81061,1.7569,1.6954,0.7088,0.0089,0.0002,0.9685,0.0092,1.4091,0,320.018,13.9072,0.333925,30.4863,48.8672,1691.88,41920.9,0,0,0,0,0,0,99.403,0,100,1.00354,55.6932,0.35443,0,0,0,0,0,0,0
1779698779544,91,563014377930753,281874408669185,93,UDP,0.116332,0.125,1.79052,0.7784,0.6534,0.5754,0.0115,0.0003,0.0084,0.0581,0.86846,0,197.501,13.9072,0.211408,30.4797,29.9997,1783.42,24838.4,0,0,0,0,0,0,99.3961,0,0,1,58.5118,0,0,0,0,0,0,0,0
1779698779669,62,281535106252801,287762808833,67,UDP,0.0749928,0.0735,1.83413,1.6265,1.553,0.0133,0.0083,0.0004,1.5276,0.0038,0.672203,0,374.816,13.9632,0.388779,30.4978,60.7956,1738.47,46757.1,0,0,0,0,0,0,99.3373,0,100,1.00082,57.05,0.0820345,0,0,0,0,0,0,0
1779698779669,23,281487861612545,281565171023873,21,UDP,0.0598686,0.0525,3.20462,1.161,1.1085,0.968,0.0071,0.0001,0.0441,0.0893,1.43309,0,393.939,13.9632,0.407902,30.4953,61.3071,1698.84,49147.2,0,0,0,0,0,0,99.3576,0,100,1.00494,55.9835,0.494234,0,0,0,0,0,0,0
1779698779794,72,281556581089281,281779919388673,71,UDP,0.0805464,0.0659,2.75513,1.8325,1.7666,1.7521,0.0031,0.0001,0.0055,0.0059,0.672258,0,354.362,13.9072,0.368269,30.4848,60.5411,1755.63,44540.9,0,0,0,0,0,0,99.3097,0,100,1,57.5904,0,0,0,0,0,0,0,0
1779698779794,33,844459289870337,281608120696833,31,UDP,0.0779145,0.0653,3.17092,2.921,2.8557,0.1405,0.4593,0.0003,2.2495,0.0064,1.86311,0,458.52,13.9072,0.472427,30.5019,61.1674,1705.96,56138.6,0,0,0,0,0,0,99.4426,0,98.1818,1.00239,56.0633,0.238949,0,0,0,0,0,0,0
1779698779919,82,844497944576001,347892350977,81,UDP,0.0784158,0.081,1.13631,1.6051,1.5241,1.2144,0.2888,0.0006,0.0131,0.0078,1.20318,0,276.229,13.9632,0.290192,30.4999,30.2666,1778.96,34699.9,0,0,0,0,0,0,99.5506,0,0,1.00109,58.3906,0.109409,0,0,0,0,0,0,0
1779698779932,4,562949953421313,281496451547137,5,UDP,0.0865817,0.0888,3.51021,3.0745,2.9857,1.0498,0.015,0.0004,1.8939,0.027,1.71895,0,262.626,13.9728,0.276598,30.4996,31.4706,1689.02,32823.7,0,0,0,0,0,0,99.4945,0,100,1.00329,55.5604,0.328793,0,0,0,0,0,0,0
1779698779933,43,844467879804929,281659660304385,43,UDP,0.0805126,0.0652,2.09966,0.7667,0.7015,0.6755,0.0129,0.0004,0.0084,0.0047,0.524876,0,439.366,13.9632,0.45333,30.4987,61.0774,1715.59,53876.6,0,0,0,0,0,0,99.4212,0,100,1.00197,56.362,0.197109,0,0,0,0,0,0,0
1779698780057,53,281513631416321,244813135873,57,UDP,0.074176,0.0988,2.76881,1.8638,1.765,1.6922,0.0111,0.0007,0.0546,0.0071,1.18714,0,445.29,13.9072,0.459197,30.4863,60.9059,1726.78,55188.5,0,0,0,0,0,0,99.4396,0,100,1.00219,56.7655,0.219138,0,0,0,0,0,0,0
1779698780058,14,17179869185,64424509441,15,UDP,0.0647531,0.0668,3.64274,0.3377,0.2709,0.1527,0.1037,0.0002,0.0072,0.0073,1.75433,0,349.15,13.9168,0.363067,30.4962,57.3015,1694.73,44474.2,0,0,0,0,0,0,99.3405,0,100,1.00101,55.628,0.100959,0,0,0,0,0,0,0
1779698780058,92,563018672898049,281882998603777,95,UDP,0.072465,0.0615,1.47174,1.1822,1.1207,0.2057,0.8474,0.0002,0.0629,0.0047,0.905272,0,222.914,13.9072,0.236821,30.4797,30.1597,1783.42,27891,0,0,0,0,0,0,99.4329,0,0,1,58.5118,0,0,0,0,0,0,0,0
1779698780176,63,281539401220097,296352743425,69,UDP,0.0984906,0.0921,1.61993,0.4879,0.3958,0.3144,0.01,0.0004,0.0085,0.0629,1.0612,0,428.434,13.9168,0.44235,30.4985,60.7721,1741.97,53224.3,0,0,0,0,0,0,99.4221,0,100,1.00164,57.2102,0.164204,0,0,0,0,0,0,0
1779698780210,24,47244640257,281573760958465,23,UDP,0.0865618,0.0759,3.0554,2.2016,2.1257,0.1385,0.0062,0.0004,1.9739,0.0071,1.52677,0,413.216,13.9632,0.427179,30.4866,61.2231,1700.49,51957.6,0,0,0,0,0,0,99.3991,0,100,1.00384,55.9923,0.383982,0,0,0,0,0,0,0
1779698780308,73,562997198061569,281788509323265,73,UDP,0.100934,0.1071,5.13557,0.8313,0.7242,0.6814,0.0235,0.0005,0.0098,0.0095,0.85703,0,401.875,13.9072,0.415782,30.4842,60.3684,1758.85,50135.7,0,0,0,0,0,0,99.3965,0,100,1.00094,57.7514,0.0938086,0,0,0,0,0,0,0
1779698780321,34,64424509441,281616710631425,33,UDP,0.101554,0.0997,2.94417,3.1063,3.0066,1.661,0.0117,0.0003,1.3214,0.0125,1.35056,0,442.221,13.9072,0.456128,30.4958,61.1007,1708.82,53937.7,0,0,0,0,0,0,99.4236,0,100,1.00119,56.1014,0.119332,0,0,0,0,0,0,0
1779698780433,83,844502239543297,281840048930817,85,UDP,0.0829267,0.075,1.16217,1.543,1.468,1.4049,0.0333,0.0011,0.0171,0.0127,0.966876,0,311.907,13.9632,0.32587,30.5,32.4999,1783.23,39289.2,0,0,0,0,0,0,99.5786,0,0,1.00109,58.5306,0.109409,0,0,0,0,0,0,0
1779698780446,44,85899345921,193273528321,45,UDP,0.105727,0.0561,2.44159,0.708,0.6519,0.065,0.0157,0.0006,0.5668,0.0044,1.03172,0,477.221,13.9632,0.491184,30.4929,61.0259,1718.18,58843.8,0,0,0,0,0,0,99.4705,0,100,1.00131,56.4209,0.13132,0,0,0,0,0,0,0
1779698780460,5,844433520066561,281505041481729,7,UDP,0.283962,0.0771,3.86718,2.8625,2.7854,0.9178,0.0201,0.0003,1.8444,0.0031,1.8933,0,264.24,13.9632,0.278203,30.4988,31.3555,1690.2,32853.9,0,0,0,0,0,0,99.4993,0,100,1.00235,55.5486,0.234632,0,0,0,0,0,0,0
1779698780571,93,133143986177,281891588538369,97,UDP,0.0830528,0.0721,1.46604,0.4138,0.3417,0.3131,0.0047,0.0008,0.0092,0.0147,1.59247,0,250.467,13.9632,0.26443,30.5194,30.0794,1784.81,31264.5,0,0,0,0,0,0,99.5072,0,0,1.00131,58.5577,0.131234,0,0,0,0,0,0,0
1779698780572,54,844480764706817,281694020042753,51,UDP,0.0835604,0.0983,2.23966,1.918,1.8197,1.7638,0.0165,0.0009,0.0209,0.0185,1.24626,0,436.035,13.9264,0.449962,30.5078,60.949,1730.64,53721.2,0,0,0,0,0,0,99.4239,0,100,1.00146,56.8104,0.145879,0,0,0,0,0,0,0
1779698780572,15,21474836481,281539401220097,15,UDP,0.0866895,0.0961,3.30534,2.289,2.1929,0.1797,0.0107,0.0006,1.9932,0.0093,1.71028,0,316.08,13.9072,0.329987,30.494,46.8097,1695.72,40080,0,0,0,0,0,0,99.3979,0,100,1.00253,55.7487,0.252781,0,0,0,0,0,0,0
1779698780696,64,281543696187393,304942678017,71,UDP,0.0781062,0.08,1.79889,2.3136,2.2336,1.831,0.0125,0.001,0.384,0.0061,1.28351,0,432.01,13.9728,0.445982,30.4991,60.7233,1744.4,53217.2,0,0,0,0,0,0,99.4249,0,100,1.00082,57.242,0.0820345,0,0,0,0,0,0,0
1779698780697,25,51539607553,115964116993,27,UDP,0.0861812,0.1012,2.79894,4.0577,3.9565,0.5483,0.0212,0.0001,3.3722,0.0148,1.22566,0,419.885,13.9632,0.433848,30.4928,61.1855,1702.53,51297.4,0,0,0,0,0,0,99.3934,0,100,1.00219,55.9562,0.219058,0,0,0,0,0,0,0
1779698780815,74,563001493028865,281797099257857,75,UDP,0.0887593,0.0667,4.19494,1.984,1.9173,0.0594,0.0048,0.0003,1.8283,0.0248,0.903372,0,394.272,13.9072,0.408179,30.4837,60.3674,1761.74,49261.1,0,0,0,0,0,0,99.3807,0,100,1.00188,57.9014,0.187793,0,0,0,0,0,0,0
1779698780835,35,68719476737,158913789953,37,UDP,0.0914412,0.0743,3.32606,1.4192,1.3449,0.4275,0.009,0.0002,0.8957,0.0127,1.81125,0,468.779,13.9168,0.482696,30.478,61.1559,1710.28,57698,0,0,0,0,0,0,99.4577,0,100,1.00119,56.1821,0.119403,0,0,0,0,0,0,0
1779698780947,84,120259084289,281848638865409,87,UDP,0.0939512,0.0977,1.0753,1.6891,1.5914,1.5719,0.0056,0.0005,0.0101,0.0038,0.731941,0,305.157,13.9632,0.31912,30.4999,31.3332,1787.23,38233.8,0,0,0,0,0,0,99.5902,0,0,1.00109,58.6619,0.109409,0,0,0,0,0,0,0
1779698780960,6,8589934593,21474836481,5,UDP,0.0911707,0.0957,3.33813,2.3698,2.2741,0.0793,0.0095,0.0008,2.1749,0.0104,0.928961,0,256.842,13.9632,0.270805,30.4998,31.2995,1691.71,30465.7,0,0,0,0,0,0,99.4633,0,100,1.00282,55.6225,0.28169,0,0,0,0,0,0,0
1779698780974,45,90194313217,201863462913,47,UDP,0.0928257,0.0878,3.33159,3.4496,3.3618,1.3376,0.0016,0.0002,2.0123,0.0103,1.9082,0,472.506,13.9632,0.486469,30.5105,60.961,1721.06,57242.5,0,0,0,0,0,0,99.4612,0,100,1.00263,56.5572,0.262812,0,0,0,0,0,0,0
1779698781072,94,281582350893057,390842023937,91,UDP,0.07508,0.0537,1.40948,0.78,0.7263,0.0988,0.0138,0.0004,0.6105,0.0032,1.15835,0,242.032,13.9072,0.255939,30.4779,29.9979,1783.32,29978,0,0,0,0,0,0,99.4997,0,0,1,58.5118,0,0,0,0,0,0,0,0
1779698781085,16,25769803777,73014444033,17,UDP,0.087659,0.0732,2.44599,2.0728,1.9996,0.9278,0.0013,0.0001,1.0208,0.0497,0.904899,0,324.32,13.9072,0.338227,30.4944,45.9646,1697.24,39906,0,0,0,0,0,0,99.4095,0,100,1.00405,55.883,0.405063,0,0,0,0,0,0,0
1779698781099,55,98784247809,281702609977345,53,UDP,0.0898049,0.0813,3.43564,2.583,2.5017,1.3936,0.0033,0.0003,1.0201,0.0847,1.48443,0,438.738,13.9296,0.452667,30.4831,60.9883,1732.42,53751.4,0,0,0,0,0,0,99.4182,0,100,1.00219,56.9569,0.219138,0,0,0,0,0,0,0
1779698781197,65,281547991154689,281728379781121,59,UDP,0.0795164,0.0761,5.85204,1.3592,1.2831,1.1968,0.0108,0.0003,0.0047,0.0708,1.39816,0,436.024,13.9552,0.449979,30.4982,60.7963,1747.34,53271.6,0,0,0,0,0,0,99.4162,0,100,1.00164,57.3875,0.164204,0,0,0,0,0,0,0
1779698781210,26,55834574849,124554051585,29,UDP,0.0662797,0.0504,2.53556,1.5913,1.5409,0.8442,0.0033,0.0001,0.6923,0.0011,1.19062,0,411.134,14.0144,0.425149,30.4938,61.1376,1704.59,50596.1,0,0,0,0,0,0,99.3855,0,100,1.00329,56.0833,0.328947,0,0,0,0,0,0,0
1779698781335,75,281560876056577,281805689192449,77,UDP,0.0707322,0.0655,3.39488,2.6159,2.5504,1.3888,0.0031,0.0001,1.1489,0.0096,0.650618,0,397.19,14.0096,0.4112,30.4837,60.339,1765.4,49335,0,0,0,0,0,0,99.3873,0,100,1.00188,58.0216,0.187793,0,0,0,0,0,0,0
1779698781349,36,281496451547137,167503724545,39,UDP,0.0932863,0.0937,3.26312,0.485,0.3913,0.3676,0.0087,0.0004,0.0059,0.0091,1.43088,0,445.805,14.0096,0.459814,30.4773,61.1362,1712.09,53869.2,0,0,0,0,0,0,99.4165,0,100,1.00299,56.3439,0.299043,0,0,0,0,0,0,0
1779698781461,85,281569465991169,281857228800001,89,UDP,0.0784316,0.0791,0.894284,0.3984,0.3193,0.0157,0.0102,0.0005,0.2813,0.0121,0.947908,0,306.283,14.0608,0.320344,30.4996,31.1329,1791.48,38167.3,0,0,0,0,0,0,99.5841,0,0,1.00109,58.802,0.109409,0,0,0,0,0,0,0
1779698781474,46,281500746514433,210453397505,49,UDP,0.0677053,0.0613,3.13444,0.5447,0.4834,0.4568,0.01,0.0006,0.0074,0.0092,1.20917,0,453.946,14.1168,0.468062,30.493,60.9661,1722.79,55314.4,0,0,0,0,0,0,99.439,0,100,1,56.4977,0,0,0,0,0,0,0,0
1779698781488,7,844437815033857,30064771073,7,UDP,0.0810197,0.0905,3.21478,1.708,1.6175,1.5801,0.0118,0.0015,0.0144,0.0112,1.15565,0,227.778,14.1168,0.241894,30.4954,31.2949,1692.98,27813.6,0,0,0,0,0,0,99.41,0,100,1.00518,55.8033,0.517647,0,0,0,0,0,0,0
1779698781586,95,563022967865345,399431958529,93,UDP,0.0936085,0.1071,1.7352,1.7453,1.6382,0.2157,0.6134,0.001,0.7999,0.0092,1.09315,0,242.635,14.1552,0.25679,30.5198,30.1598,1784.83,29997,0,0,0,0,0,0,99.4727,0,0,1.00131,58.5577,0.131234,0,0,0,0,0,0,0
1779698781599,56,844485059674113,253403070465,59,UDP,0.0947318,0.0614,3.69342,1.5731,1.5117,1.4428,0.0137,0.0005,0.008,0.0472,0.715206,0,438.11,14.1216,0.452232,30.5097,60.8638,1735.32,53529.6,0,0,0,0,0,0,99.4228,0,97.2222,1.00219,57.0022,0.218978,0,0,0,0,0,0,0
1779698781600,17,281483566645249,281547991154689,17,UDP,0.07069,0.0714,3.21597,4.1531,4.0817,2.0203,0.0086,0.0001,2.043,0.0098,2.19881,0,281.118,14.112,0.29523,30.4939,44.3491,1699.52,36614.6,0,0,0,0,0,0,99.3746,0,100,1.00303,55.9024,0.30349,0,0,0,0,0,0,0
1779698781717,66,107374182401,281736969715713,61,UDP,0.0821142,0.0855,4.0232,2.1121,2.0266,0.3803,0.1646,0.0004,1.4037,0.078,0.689277,0,435.538,14.1728,0.44971,30.499,60.6481,1750.64,53191.1,0,0,0,0,0,0,99.4233,0,100,1.00164,57.4943,0.164204,0,0,0,0,0,0,0
1779698781718,27,562967133290497,281582350893057,25,UDP,0.0653909,0.0893,3.32574,3.3374,3.2481,1.264,0.0019,0.0003,1.9736,0.0086,1.35129,0,363.232,14.2064,0.377438,30.4914,59.6665,1706.35,44825.1,0,0,0,0,0,0,99.3143,0,100,1.00384,56.1766,0.383982,0,0,0,0,0,0,0
1779698781843,76,111669149697,281814279127041,79,UDP,0.0789268,0.0504,3.1084,0.2659,0.2155,0.1741,0.0087,0.0005,0.0272,0.0055,1.45382,0,397.267,14.2576,0.411525,30.5142,60.257,1769.77,49231.5,0,0,0,0,0,0,99.387,0,100,1.00094,58.0525,0.0937207,0,0,0,0,0,0,0
1779698781849,37,562971428257793,281625300566017,35,UDP,0.0959751,0.0602,4.48343,4.7694,4.7092,0.6465,3.2067,0.0006,0.8509,0.0051,1.65769,0,391.653,14.2992,0.405952,30.5036,61.0982,1715.84,48238.4,0,0,0,0,0,0,99.3505,0,100,1.00359,56.4522,0.358852,0,0,0,0,0,0,0
1779698781974,8,281474976710657,38654705665,9,UDP,0.0690111,0.0801,2.83828,0.9024,0.8223,0.7799,0.0178,0.0012,0.0115,0.0131,1.58937,0,202.902,14.3088,0.217211,30.5072,31.2641,1695.15,23837.2,0,0,0,0,0,0,99.3151,0,100,1.00329,55.7482,0.328793,0,0,0,0,0,0,0
1779698781975,86,124554051585,356482285569,83,UDP,0.110145,0.1305,1.69059,4.2073,4.0768,0.0479,3.9564,0.0018,0.0499,0.0226,2.12429,0,306.974,14.3088,0.321283,30.4991,30.9325,1794.65,38069.9,0,0,0,0,0,0,99.5817,0,0,1.00109,58.907,0.109409,0,0,0,0,0,0,0
1779698781988,47,281505041481729,281668250238977,45,UDP,0.0659534,0.0595,3.74403,4.5653,4.5058,0.0563,0.009,0.0001,4.429,0.0115,1.94967,0,390.304,14.3088,0.404613,30.4928,60.9256,1724.25,47264.8,0,0,0,0,0,0,99.3422,0,100,1.00263,56.6949,0.262985,0,0,0,0,0,0,0
1779698782100,96,137438953473,281900178472961,99,UDP,0.0973876,0.0895,1.14394,1.3358,1.2463,0.2441,0.011,0.0004,0.9762,0.015,0.821911,0,243.394,14.3472,0.257741,30.5188,30.1188,1783.81,30017,0,0,0,0,0,0,99.4799,0,0,1,58.4495,0,0,0,0,0,0,0,0
1779698782100,18,30064771073,81604378625,19,UDP,0.0890206,0.1083,2.26655,0.5655,0.4572,0.4121,0.0226,0.0003,0.01,0.0125,1.19159,0,245.053,14.304,0.259357,30.4811,31.1886,1700.51,29190.4,0,0,0,0,0,0,99.4461,0,100,1.0005,55.8173,0.0504796,0,0,0,0,0,0,0
1779698782127,57,281517926383617,281711199911937,55,UDP,0.0898928,0.0937,2.94988,0.5072,0.4135,0.1963,0.1889,0.0005,0.0134,0.0149,1.60294,0,387.653,14.3136,0.401966,30.481,60.851,1736.75,47072.8,0,0,0,0,0,0,99.3439,0,100,1,56.9781,0,0,0,0,0,0,0,0
1779698782225,67,844489354641409,281745559650305,63,UDP,0.113097,0.0774,4.07922,0.6237,0.5463,0.4846,0.0356,0.0014,0.0142,0.0119,1.42108,0,384.427,14.3648,0.398792,30.4986,60.5972,1753.32,46811.6,0,0,0,0,0,0,99.3455,0,100,1.00082,57.5357,0.0820345,0,0,0,0,0,0,0
1779698782231,28,844446404968449,281590940827649,27,UDP,0.0868775,0.0903,2.90176,3.3385,3.2482,1.9204,0.1913,0.0002,1.1315,0.005,1.84025,0,291.691,14.4112,0.306102,30.4926,42.223,1708.15,35905.4,0,0,0,0,0,0,99.3999,0,100,1.00164,56.1106,0.164204,0,0,0,0,0,0,0
1779698782356,77,563005787996161,322122547201,75,UDP,0.0897351,0.0784,3.3621,1.1316,1.0532,0.7972,0.0083,0.0003,0.2452,0.0025,2.4045,0,321.022,14.3936,0.335416,30.4842,35.284,1771.6,39731,0,0,0,0,0,0,99.5417,0,100,1,58.1153,0,0,0,0,0,0,0,0
1779698782377,38,73014444033,281633890500609,37,UDP,0.083802,0.0764,3.33447,2.152,2.0756,0.1314,0.0046,0.0003,1.9061,0.0335,1.19339,0,309.022,14.4192,0.323442,30.4974,40.9661,1717.6,38129,0,0,0,0,0,0,99.4447,0,100,1.00239,56.454,0.238949,0,0,0,0,0,0,0
1779698782488,87,281573760958465,281865818734593,91,UDP,0.0892033,0.1195,1.34143,0.5086,0.3891,0.3539,0.0137,0.0015,0.0121,0.0094,0.899479,0,263.357,14.5008,0.277858,30.4998,29.9998,1794.42,32369.6,0,0,0,0,0,0,99.5366,0,0,1.00109,58.8983,0.109409,0,0,0,0,0,0,0
1779698782502,48,562980018192385,281676840173569,47,UDP,0.109155,0.0952,3.0669,0.7071,0.6119,0.5819,0.0123,0.0008,0.0069,0.0108,1.13847,0,309.074,14.5136,0.323587,30.4938,38.7921,1727.55,37885.3,0,0,0,0,0,0,99.469,0,100,1.00197,56.7641,0.197109,0,0,0,0,0,0,0
1779698782502,9,844442110001153,281513631416321,9,UDP,0.126491,0.0759,3.09336,2.2351,2.1592,1.1605,0.0253,0.0002,0.9604,0.013,1.30257,0,175.088,14.5136,0.189602,30.501,31.2292,1696.6,20433.4,0,0,0,0,0,0,99.1992,0,100,1.00188,55.7289,0.187617,0,0,0,0,0,0,0
1779698782614,97,844510829477889,408021893121,95,UDP,0.0785403,0.1123,0.773043,0.1955,0.0832,0.0403,0.0178,0.0012,0.0151,0.01,1.1645,0,208.368,14.5088,0.222877,30.4798,30.1199,1783.43,25688.5,0,0,0,0,0,0,99.3923,0,0,1,58.5118,0,0,0,0,0,0,0,0
1779698782627,58,103079215105,261993005057,61,UDP,0.0927433,0.0967,2.19609,1.2149,1.1182,0.0878,0.0568,0.0003,0.9601,0.0135,1.01404,0,308.01,14.5184,0.322528,30.4877,36.043,1740.2,37486.6,0,0,0,0,0,0,99.51,0,100,1.00073,57.1203,0.0729395,0,0,0,0,0,0,0
1779698782628,19,34359738369,281556581089281,19,UDP,0.0819709,0.0753,3.49044,1.8047,1.7294,0.1812,0.0042,0.0006,1.5326,0.0114,1.94765,0,209.853,14.5088,0.224362,30.4924,31.1536,1702.61,24749.4,0,0,0,0,0,0,99.3422,0,100,1.00202,55.95,0.202122,0,0,0,0,0,0,0
1779698782753,68,562984313159681,281754149584897,65,UDP,0.0874057,0.0739,3.30469,1.3337,1.2598,1.233,0.0136,0.0005,0.0088,0.0044,1.35143,0,303.901,14.5568,0.318458,30.4914,32.7158,1755.61,36815.6,0,0,0,0,0,0,99.5374,0,100,1.00082,57.6243,0.0820345,0,0,0,0,0,0,0
1779698782766,29,844450699935745,133143986177,31,UDP,0.0744208,0.0772,2.47362,2.3427,2.2655,0.0095,0.0138,0.0008,2.2328,0.0094,1.7547,0,247.536,14.616,0.262152,30.5004,31.0834,1710.37,29126.2,0,0,0,0,0,0,99.444,0,100,1.00329,56.2614,0.328767,0,0,0,0,0,0,0
1779698782864,78,281565171023873,281822869061633,81,UDP,0.0785139,0.0832,4.71556,0.1323,0.0491,0.0116,0.0119,0.0005,0.0079,0.0177,0.584146,0,264.176,14.5984,0.278774,30.4849,30.1421,1775.13,32602.5,0,0,0,0,0,0,99.5369,0,100,1,58.2296,0,0,0,0,0,0,0,0
1779698782878,39,562975723225089,176093659137,41,UDP,0.081637,0.0845,3.63592,3.7958,3.7113,1.7828,1.0857,0.0007,0.8415,0.0013,1.35859,0,257.312,14.6112,0.271923,30.502,31.011,1719.6,30229.2,0,0,0,0,0,0,99.4592,0,100,1.00179,56.4776,0.179104,0,0,0,0,0,0,0
1779698783003,88,128849018881,365072220161,85,UDP,0.0782938,0.075,1.41477,0.2753,0.2003,0.0559,0.1257,0.0003,0.013,0.0057,1.39664,0,221.846,14.7056,0.236552,30.5,30.0666,1794.7,27028,0,0,0,0,0,0,99.4324,0,0,1,58.8426,0,0,0,0,0,0,0,0
1779698783016,49,844472174772225,219043332097,51,UDP,0.0728062,0.0703,4.05865,1.6717,1.6014,1.5738,0.0128,0.0005,0.008,0.0068,2.48676,0,257.2,14.7184,0.271918,30.5117,30.8516,1730.57,30211.9,0,0,0,0,0,0,99.4722,0,100,1.00197,56.8299,0.19698,0,0,0,0,0,0,0
1779698783017,10,562954248388609,281522221350913,11,UDP,0.0820236,0.0775,2.97538,1.6645,1.587,0.626,0.0059,0.0003,0.9438,0.0113,1.4172,0,177.853,14.7056,0.192558,30.5008,31.2147,1698.02,23410.6,0,0,0,0,0,0,99.3015,0,100,1.00141,55.7496,0.140647,0,0,0,0,0,0,0
1779698783128,98,281586645860353,416611827713,97,UDP,0.0927989,0.1226,1.61366,0.5735,0.4509,0.4221,0.0155,0.0011,0.0092,0.0041,1.42875,0,174.269,14.7008,0.18897,30.4791,30.1592,1783.39,21407.9,0,0,0,0,0,0,99.2698,0,0,1,58.5118,0,0,0,0,0,0,0,0
1779698783128,20,562962838323201,90194313217,21,UDP,0.0887288,0.0711,3.69511,1.3242,1.2531,0.9911,0.0048,0.0005,0.2503,0.0069,0.930484,0,212.413,14.7008,0.227114,30.4841,31.1455,1704.13,26672.1,0,0,0,0,0,0,99.3924,0,100,1.00405,56.1287,0.405268,0,0,0,0,0,0,0
1779698783141,59,281522221350913,281719789846529,57,UDP,0.0690664,0.0884,4.2274,3.4743,3.3859,0.1222,0.0065,0.0004,3.2411,0.0161,1.46172,0,256.456,14.7104,0.271166,30.4872,30.6872,1742.31,30130.4,0,0,0,0,0,0,99.4764,0,100,1.00219,57.2739,0.219138,0,0,0,0,0,0,0
1779698783266,30,60129542145,141733920769,33,UDP,0.0913196,0.0911,2.20735,1.1338,1.0427,0.1212,0.0072,0.0003,0.9084,0.0059,0.752355,0,231.6,14.808,0.246408,30.509,31.0422,1712.95,29491,0,0,0,0,0,0,99.4567,0,100,1.00384,56.3613,0.383772,0,0,0,0,0,0,0
1779698783267,69,281552286121985,281762739519489,67,UDP,0.112258,0.0771,1.94646,1.8426,1.7655,0.718,0.0099,0.0004,1.0249,0.0127,1.34666,0,248.789,14.8048,0.263594,30.4991,30.5241,1758.6,29991,0,0,0,0,0,0,99.4804,0,100,1.00164,57.7553,0.164204,0,0,0,0,0,0,0
1779698783280,0,844424930131969,281479271677953,1,UDP,0.0717156,0.0412,2.28332,0.6876,0.6464,0.6019,0.0284,0.0002,0.0061,0.01,1.35514,0,472.234,20.5888,0.492822,30.497,41.107,1985.72,27586.9,0,0,0,0,0,0,99.2189,0,100,1.00483,65.4264,0.483092,0,0,0,0,0,0,0
1779698783378,1,1,4294967297,1,UDP,0.0822677,0.1071,3.58074,2.4099,2.3028,0.3838,0.0082,0.0003,1.8998,0.011,1.553,0,177.934,14.752,0.192686,30.4979,31.271,1694.1,23439.2,0,0,0,0,0,0,99.3071,0,100,1.00307,55.7185,0.306883,0,0,0,0,0,0,0
1779698783391,40,77309411329,281642480435201,39,UDP,0.0684781,0.0476,3.62358,3.5126,3.465,0.0978,0.4139,0.0002,2.9506,0.0027,1.55262,0,269.59,14.752,0.284342,30.4836,31.0108,1720.81,33765,0,0,0,0,0,0,99.5208,0,100,1.00119,56.5176,0.119403,0,0,0,0,0,0,0
1779698783392,79,844493649608705,330712481793,77,UDP,0.0870678,0.0908,3.35852,1.1859,1.0951,0.959,0.0184,0.0013,0.0121,0.1056,1.53503,0,212.72,14.752,0.227472,30.4849,30.142,1778.21,26029.8,0,0,0,0,0,0,99.4103,0,100,1,58.3308,0,0,0,0,0,0,0,0
1779698783517,11,562958543355905,281530811285505,13,UDP,0.0770695,0.0882,3.37897,2.3693,2.2811,1.2981,0.0536,0.0002,0.9186,0.0108,0.972949,0,222,14.808,0.236808,30.5058,31.2913,1700.58,27720.6,0,0,0,0,0,0,99.4037,0,100,1.00282,55.9033,0.28169,0,0,0,0,0,0,0
1779698783517,89,844506534510593,373662154753,87,UDP,0.0830895,0.0693,1.1225,0.1078,0.0385,0.0129,0.003,0.0002,0.0089,0.0137,1.51839,0,177.725,14.752,0.192477,30.4993,30.0327,1794.66,21435.8,0,0,0,0,0,0,99.2923,0,0,1,58.8426,0,0,0,0,0,0,0,0
1779698783530,50,844476469739521,281685430108161,49,UDP,0.0832038,0.0723,2.12099,0.6012,0.5289,0.4869,0.0126,0.0007,0.0187,0.0107,1.37864,0,242.723,14.808,0.257531,30.4975,30.8575,1732.12,30489.6,0,0,0,0,0,0,99.4769,0,100,1.00131,56.87,0.13132,0,0,0,0,0,0,0
1779698783642,60,281526516318209,270582939649,63,UDP,0.0931841,0.075,2.18028,0.7588,0.6838,0.1602,0.0074,0.0005,0.5121,0.0041,0.805125,0,242.805,14.752,0.257557,30.4874,30.6651,1744.98,30371.3,0,0,0,0,0,0,99.4843,0,100,1.00292,57.4035,0.292398,0,0,0,0,0,0,0
1779698783642,99,844515124445185,281908768407553,101,UDP,0.0889097,0.0984,2.52495,0.4466,0.3482,0.2792,0.0135,0.0009,0.0093,0.0462,1.70458,0,137.046,14.752,0.151798,30.4791,30.0791,1784.99,16991,0,0,0,0,0,0,99.0932,0,0,1,58.5643,0,0,0,0,0,0,0,0
1779698783655,21,38654705665,98784247809,23,UDP,0.0704541,0.0618,2.52536,0.1379,0.0761,0.0511,0.0163,0.0009,0.0078,0.0009,1.6177,0,248.88,14.752,0.263632,30.4936,31.1394,1706.55,31599.9,0,0,0,0,0,0,99.4915,0,100,1.00202,56.0773,0.202122,0,0,0,0,0,0,0
1779698783767,31,281492156579841,281599530762241,29,UDP,0.0748859,0.0625,2.41495,2.1507,2.0882,0.1777,0.0061,0.0002,1.8587,0.0457,1.24646,0,297.067,14.808,0.311875,30.4934,43.3906,1713.99,38516.9,0,0,0,0,0,0,99.4136,0,100,1.00274,56.3627,0.273973,0,0,0,0,0,0,0
1779698783774,70,562988608126977,313532612609,73,UDP,0.111653,0.1429,3.15494,1.4599,1.317,1.1825,0.0217,0.0012,0.0219,0.0909,0.755001,0,242.723,14.808,0.257531,30.4985,30.4485,1761.61,30188.2,0,0,0,0,0,0,99.4854,0,100,1.00082,57.808,0.0820345,0,0,0,0,0,0,0
1779698783899,80,115964116993,339302416385,79,UDP,0.0904824,0.1404,1.08421,0.6881,0.5477,0.5084,0.0203,0.0003,0.0094,0.0096,0.885017,0,208.163,14.752,0.222915,30.4848,30.1134,1781.69,26095.3,0,0,0,0,0,0,99.4175,0,100,1,58.4452,0,0,0,0,0,0,0,0
1779698783899,2,844429225099265,281487861612545,3,UDP,0.0754444,0.0731,3.41563,0.9726,0.8995,0.8672,0.0123,0.0007,0.0089,0.0111,2.07361,0,212.541,14.752,0.227293,30.4924,31.252,1695.52,27783.2,0,0,0,0,0,0,99.416,0,100,1.00395,55.8245,0.39491,0,0,0,0,0,0,0
1779698783919,41,81604378625,184683593729,43,UDP,0.132703,0.0897,2.24679,1.2507,1.161,1.1329,0.0112,0.0005,0.0087,0.0082,1.46795,0,297.605,14.752,0.312357,30.4967,41.4377,1723.92,38320.1,0,0,0,0,0,0,99.4502,0,100,1.00239,56.6631,0.238949,0,0,0,0,0,0,0
1779698784031,90,281578055925761,382252089345,89,UDP,0.0724978,0.0674,1.67559,2.7235,2.6561,0.4055,0.0092,0.0003,2.23,0.0114,1.18343,0,173.603,14.808,0.188411,30.4997,30.0664,1794.68,21536.9,0,0,0,0,0,0,99.2877,0,0,1,58.8426,0,0,0,0,0,0,0,0
1779698784031,51,281509336449025,227633266689,53,UDP,0.0769254,0.0636,3.13099,0.3386,0.275,0.0219,0.0108,0.0004,0.2326,0.0097,2.46627,0,297.733,14.808,0.312541,30.4992,39.379,1734.69,38012.7,0,0,0,0,0,0,99.4657,0,100,1,56.8767,0,0,0,0,0,0,0,0
1779698784031,12,12884901889,47244640257,11,UDP,0.0906396,0.0933,2.97075,1.9501,1.8568,1.8263,0.0126,0.0005,0.0078,0.0101,0.788485,0,264.432,14.808,0.27924,30.5071,31.2212,1701.32,34283.7,0,0,0,0,0,0,99.5229,0,98.7013,1.00329,55.9511,0.328793,0,0,0,0,0,0,0
1779698784156,100,141733920769,281917358342145,103,UDP,0.103747,0.1141,1.46281,1.1836,1.0695,0.9262,0.0136,0.0008,0.0092,0.1205,0.455111,0,136.517,14.752,0.151269,30.48,30.08,1790.16,16955.3,0,0,0,0,0,0,99.0913,0,0,1,58.7323,0,0,0,0,0,0,0,0
1779698784169,61,281530811285505,279172874241,65,UDP,0.0816862,0.0864,2.71222,2.5195,2.4331,1.3259,0.005,0.0004,1.0242,0.078,1.11287,0,297.784,14.752,0.312536,30.5011,36.7435,1748.52,37526.1,0,0,0,0,0,0,99.4908,0,100,1.00292,57.4938,0.292184,0,0,0,0,0,0,0
1779698784170,22,42949672961,107374182401,25,UDP,0.0954329,0.0837,2.47671,0.3658,0.2821,0.2559,0.0109,0.0006,0.0085,0.0068,1.25083,0,300.933,14.752,0.315685,30.4953,46.458,1708.43,40622.4,0,0,0,0,0,0,99.4092,0,100,1.00152,56.1076,0.151515,0,0,0,0,0,0,0
1779698784274,32,844454994903041,150323855361,35,UDP,0.0932242,0.0894,2.73236,4.3106,4.2212,1.581,0.0143,0.0002,2.5272,0.0987,1.91695,0,385.709,14.808,0.400517,30.4953,61.1072,1716.23,48431.2,0,0,0,0,0,0,99.3541,0,100,1.00384,56.4948,0.383982,0,0,0,0,0,0,0
1779698784294,71,562992903094273,281771329454081,69,UDP,0.073302,0.0636,2.32246,1.9361,1.8725,1.8187,0.0049,0.0002,0.0398,0.0091,2.2753,0,290.206,14.808,0.305014,30.4984,33.3483,1764.46,36133.3,0,0,0,0,0,0,99.5269,0,100,1.00164,57.9491,0.164204,0,0,0,0,0,0,0
1779698784399,3,4294967297,12884901889,3,UDP,0.0699859,0.0518,3.09412,0.265,0.2132,0.1545,0.006,0.0002,0.0462,0.0065,1.52397,0,256.533,14.7616,0.271294,30.4984,31.2982,1697.46,32149.7,0,0,0,0,0,0,99.4906,0,100,1.00307,55.8281,0.306883,0,0,0,0,0,0,0
1779698784406,81,563010082963457,281831458996225,83,UDP,0.0807637,0.1026,2.04392,1.192,1.0894,1.0038,0.0093,0.0005,0.0061,0.0702,0.558786,0,246.205,14.752,0.260957,30.4845,30.0845,1784.76,30443.4,0,0,0,0,0,0,99.4929,0,0,1,58.5464,0,0,0,0,0,0,0,0
1779698784433,42,844463584837633,281651070369793,41,UDP,0.0569959,0.0622,2.87067,2.3038,2.2416,1.0826,0.0055,0.0002,1.0365,0.117,1.38317,0,381.626,14.752,0.396378,30.4844,60.9687,1725.1,47376.9,0,0,0,0,0,0,99.3458,0,100,1.00239,56.725,0.239091,0,0,0,0,0,0,0
1779698784545,52,94489280513,236223201281,55,UDP,0.0798145,0.0367,2.3784,2.1597,2.123,0.0649,0.3446,0.0001,1.6975,0.016,1.26058,0,407.469,14.808,0.422277,30.4979,60.7958,1737.06,50523.7,0,0,0,0,0,0,99.3917,0,100,1.00461,57.2194,0.461133,0,0,0,0,0,0,0
1779698784545,13,281479271677953,55834574849,13,UDP,0.0670461,0.0564,3.03412,2.1726,2.1162,0.2523,0.0079,0.0002,1.8472,0.0088,1.13806,0,317.174,14.8176,0.331992,30.4944,47.5484,1703.33,41758.5,0,0,0,0,0,0,99.4174,0,100,1.00329,56.0409,0.328947,0,0,0,0,0,0,0
1779698784545,91,563014377930753,281874408669185,93,UDP,0.106054,0.0883,1.70474,0.6423,0.554,0.5359,0.0073,0.0002,0.006,0.0048,1.33471,0,202.8,14.808,0.217608,30.4997,29.9997,1794.68,24923.6,0,0,0,0,0,0,99.3982,0,0,1,58.8426,0,0,0,0,0,0,0,0
1779698784663,62,281535106252801,287762808833,67,UDP,0.0770867,0.0955,1.78599,1.1744,1.0789,1.0552,0.0093,0.0004,0.0043,0.0101,0.719252,0,380.653,14.752,0.395405,30.4877,60.7087,1750.24,46849.9,0,0,0,0,0,0,99.3409,0,100,1.00073,57.45,0.0729395,0,0,0,0,0,0,0
1779698784663,23,281487861612545,281565171023873,21,UDP,0.0617462,0.0445,3.03881,2.1524,2.1079,0.2178,0.0064,0.0001,1.8546,0.0291,1.31522,0,390.456,14.7616,0.405218,30.4884,61.223,1710.12,49121.8,0,0,0,0,0,0,99.3595,0,100,1.00456,56.3467,0.456158,0,0,0,0,0,0,0
1779698784795,72,281556581089281,281779919388673,71,UDP,0.0785145,0.0742,2.21874,1.2943,1.2201,0.297,0.007,0.0002,0.8756,0.0405,0.807906,0,361.76,14.808,0.376568,30.4992,60.4734,1767.55,44625.7,0,0,0,0,0,0,99.3131,0,100,1,57.9541,0,0,0,0,0,0,0,0
1779698784795,33,844459289870337,281608120696833,31,UDP,0.0778148,0.0685,2.52157,1.4159,1.3474,0.0534,0.009,0.0003,1.0769,0.2081,1.15846,0,458.706,14.8176,0.473523,30.5107,61.088,1718.18,56239.6,0,0,0,0,0,0,99.4453,0,98.2143,1.00219,56.4373,0.218938,0,0,0,0,0,0,0
1779698784920,82,844497944576001,347892350977,81,UDP,0.0800339,0.0534,3.659,21.4916,21.4382,0.0372,21.1513,0.0005,0.2265,0.0232,5.9404,0,281.738,14.7392,0.296477,30.4851,30.2851,1787.99,34773.1,0,0,0,0,0,0,99.5494,0,0,1.00094,58.7064,0.0938086,0,0,0,0,0,0,0
1779698784933,4,562949953421313,281496451547137,5,UDP,0.0842203,0.05,3.20044,3.9363,3.8863,2.0674,0.9339,0.0009,0.8786,0.0064,2.44385,0,249.547,14.7456,0.264293,30.493,31.4126,1699.29,32715.1,0,0,0,0,0,0,99.4934,0,100,1.00307,55.8983,0.306883,0,0,0,0,0,0,0
1779698784934,43,844467879804929,281659660304385,43,UDP,0.0784737,0.0741,1.7873,1.2402,1.1661,1.0035,0.0159,0.0015,0.0136,0.1331,0.650174,0,443.371,14.7488,0.45812,30.4889,60.9961,1727.18,54015.7,0,0,0,0,0,0,99.4244,0,100,1.00179,56.7509,0.179211,0,0,0,0,0,0,0
1779698785058,53,281513631416321,244813135873,57,UDP,0.0706332,0.0692,2.35608,1.365,1.2958,0.2631,0.0014,0.0002,0.953,0.0783,1.47309,0,452.424,14.7536,0.467178,30.4976,60.8752,1738.52,55324.8,0,0,0,0,0,0,99.442,0,100,1.00197,57.1176,0.197109,0,0,0,0,0,0,0
1779698785059,14,17179869185,64424509441,15,UDP,0.061003,0.0548,2.92999,0.8634,0.8086,0.6658,0.0696,0.0001,0.0619,0.0113,1.42212,0,325.101,14.7408,0.339842,30.5036,55.5234,1705.29,44200.2,0,0,0,0,0,0,99.3576,0,100,1.00141,55.9831,0.140647,0,0,0,0,0,0,0
1779698785059,92,563018672898049,281882998603777,95,UDP,0.095349,0.2304,1.57537,2.8317,2.6013,0.5388,0.0123,0.0002,1.7051,0.3451,1.31595,0,229.13,14.7312,0.243861,30.4987,30.132,1793.02,28015.1,0,0,0,0,0,0,99.4403,0,0,1,58.7902,0,0,0,0,0,0,0,0
1779698785177,63,281539401220097,296352743425,69,UDP,0.0991669,0.0603,1.85751,3.5442,3.4839,0.0803,0.0096,0.0003,3.3884,0.0056,1.57349,0,438.264,14.7024,0.452966,30.5106,60.71,1752.66,53398.8,0,0,0,0,0,0,99.4252,0,100,1.00146,57.5281,0.145879,0,0,0,0,0,0,0
1779698785211,24,47244640257,281573760958465,23,UDP,0.0884082,0.0817,2.66353,1.6952,1.6135,1.4979,0.0181,0.0009,0.0868,0.0107,1.24605,0,415.162,14.624,0.429786,30.48,61.1291,1710.29,51952.9,0,0,0,0,0,0,99.4009,0,100,1.00354,56.3109,0.35443,0,0,0,0,0,0,0
1779698785309,73,562997198061569,281788509323265,73,UDP,0.0944013,0.0792,4.00346,1.2633,1.1841,0.1375,0.0089,0.0004,1.0262,0.0115,1.10781,0,406.573,14.6416,0.421214,30.4992,60.3235,1767.81,50222.4,0,0,0,0,0,0,99.3981,0,100,1.00082,58.0098,0.0820345,0,0,0,0,0,0,0
1779698785322,34,64424509441,281616710631425,33,UDP,0.0892696,0.0635,2.26822,0.8285,0.765,0.0291,0.7222,0.0003,0.0067,0.007,1.10209,0,441.854,14.6288,0.456483,30.5053,61.0273,1718.85,54047,0,0,0,0,0,0,99.4249,0,100,1.00109,56.4073,0.109349,0,0,0,0,0,0,0
1779698785434,83,844502239543297,281840048930817,85,UDP,0.0828673,0.0746,1.5428,1.752,1.6774,0.666,0.01,0.0005,0.9003,0.1011,1.55264,0,316.59,14.5344,0.331125,30.4846,32.2274,1787.96,39328.5,0,0,0,0,0,0,99.5836,0,0,1.00094,58.7064,0.0938086,0,0,0,0,0,0,0
1779698785447,44,85899345921,193273528321,45,UDP,0.0925226,0.0583,2.20975,1.9399,1.8816,1.0718,0.0024,0.0003,0.8059,0.0015,0.876619,0,478.768,14.544,0.493312,30.4854,60.9708,1727.31,58936.6,0,0,0,0,0,0,99.4713,0,100,1.00119,56.7278,0.119403,0,0,0,0,0,0,0
1779698785461,5,844433520066561,281505041481729,7,UDP,0.233138,0.0743,3.48846,2.5446,2.4703,0.5296,0.0058,0.0002,1.9253,0.0096,1.39955,0,258.749,14.5216,0.27327,30.4921,31.2651,1698.52,32819.9,0,0,0,0,0,0,99.5018,0,100,1.00219,55.8257,0.21901,0,0,0,0,0,0,0
1779698785572,93,133143986177,281891588538369,97,UDP,0.0881061,0.1111,1.41982,1.9824,1.8713,1.8409,0.0142,0.0009,0.009,0.0072,1.28544,0,256.099,14.4832,0.270582,30.4997,30.0664,1789.08,31389.4,0,0,0,0,0,0,99.5113,0,0,1.00109,58.7232,0.109409,0,0,0,0,0,0,0
1779698785573,54,844480764706817,281694020042753,51,UDP,0.0840172,0.0798,1.8592,0.7234,0.6436,0.5251,0.0912,0.0009,0.0159,0.0114,1.45054,0,441.746,14.5488,0.456294,30.5172,60.8744,1739.44,53871.1,0,0,0,0,0,0,99.427,0,100,1.00131,57.0735,0.131234,0,0,0,0,0,0,0
1779698785573,15,21474836481,281539401220097,15,UDP,0.0816988,0.0763,2.88556,3.1021,3.0258,0.094,0.0058,0.0002,2.9158,0.0102,1.63486,0,310.661,14.5392,0.3252,30.5017,45.624,1704.41,39991.1,0,0,0,0,0,0,99.4127,0,100,1.00235,56.0103,0.234632,0,0,0,0,0,0,0
1779698785691,64,281543696187393,304942678017,71,UDP,0.0769438,0.0724,1.46767,0.2054,0.133,0.1084,0.0115,0.0005,0.0047,0.0084,1.1414,0,440.568,14.4544,0.455022,30.4876,60.6642,1751.31,53422.3,0,0,0,0,0,0,99.4281,0,100,1.00073,57.485,0.0729395,0,0,0,0,0,0,0
1779698785691,25,51539607553,115964116993,27,UDP,0.0942278,0.1088,2.28354,0.5151,0.4063,0.3851,0.007,0.0005,0.009,0.0052,1.36503,0,414.701,14.432,0.429133,30.4853,61.0937,1710.32,51338.4,0,0,0,0,0,0,99.3955,0,100,1.00202,56.2164,0.202224,0,0,0,0,0,0,0
1779698785816,74,563001493028865,281797099257857,75,UDP,0.0911002,0.0947,3.15201,0.769,0.6743,0.642,0.015,0.0007,0.0136,0.0037,0.59768,0,400.912,14.4688,0.415381,30.4996,60.3742,1767.68,49370,0,0,0,0,0,0,99.3826,0,100,1.00164,58.0525,0.164204,0,0,0,0,0,0,0
1779698785836,35,68719476737,158913789953,37,UDP,0.0850143,0.0404,3.12726,3.5205,3.4801,0.1128,0.1954,0.0002,3.1686,0.0033,1.1997,0,458.456,14.4368,0.472893,30.4874,61.0748,1718.09,57664.1,0,0,0,0,0,0,99.4578,0,100,1.00109,56.4158,0.109409,0,0,0,0,0,0,0
1779698785948,84,120259084289,281848638865409,87,UDP,0.0969752,0.1258,1.32285,0.3157,0.1899,0.133,0.0101,0.0005,0.0073,0.0395,1.85652,0,308.4,14.3424,0.322742,30.485,31.1422,1787.99,38278.3,0,0,0,0,0,0,99.5932,0,0,1.00094,58.7064,0.0938086,0,0,0,0,0,0,0
1779698785961,6,8589934593,21474836481,5,UDP,0.0881901,0.0582,2.83416,1.8082,1.75,0.3001,0.0016,0.0003,1.4468,0.0015,1.20941,0,250.882,14.3296,0.265211,30.4934,31.2264,1698.35,30525.5,0,0,0,0,0,0,99.4651,0,100,1.00263,55.8422,0.262927,0,0,0,0,0,0,0
1779698785975,45,90194313217,201863462913,47,UDP,0.104463,0.1401,2.82985,1.4617,1.3216,0.3122,0.0095,0.0003,0.9595,0.0404,1.70002,0,470.803,14.3296,0.485133,30.5009,60.8746,1727.46,57389.5,0,0,0,0,0,0,99.4639,0,100,1.00239,56.7718,0.238949,0,0,0,0,0,0,0
1779698786073,94,281582350893057,390842023937,91,UDP,0.0684028,0.0641,1.2358,0.5544,0.4903,0.4294,0.0128,0.0004,0.0468,0.0013,1.17449,0,247.614,14.3472,0.261962,30.4998,30.0998,1785.09,30141.8,0,0,0,0,0,0,99.4854,0,0,1,58.5279,0,0,0,0,0,0,0,0
1779698786086,16,25769803777,73014444033,17,UDP,0.0862589,0.0737,2.00488,0.4364,0.3627,0.338,0.0094,0.0003,0.0047,0.0106,1.12074,0,310.32,14.3472,0.324667,30.5022,44.8251,1704.12,39826.6,0,0,0,0,0,0,99.4237,0,100,1.00376,56.0789,0.37594,0,0,0,0,0,0,0
1779698786100,55,98784247809,281702609977345,53,UDP,0.0939232,0.1384,2.84398,0.3776,0.2392,0.1294,0.0074,0.0003,0.0874,0.015,1.96156,0,442.362,14.3344,0.456696,30.4937,60.8875,1738.3,53903.9,0,0,0,0,0,0,99.4222,0,100,1.00329,57.1928,0.328947,0,0,0,0,0,0,0
1779698786198,65,281547991154689,281728379781121,59,UDP,0.0822172,0.1057,4.59327,1.8091,1.7034,1.6799,0.0113,0.0007,0.0085,0.0037,2.01314,0,440.467,14.3088,0.454776,30.5092,60.7072,1751.91,53469.6,0,0,0,0,0,0,99.4207,0,100,1.00146,57.5062,0.145879,0,0,0,0,0,0,0
1779698786211,26,55834574849,124554051585,29,UDP,0.0631517,0.0534,2.0973,0.8466,0.7932,0.1139,0.6472,0,0.0276,0.0045,0.978974,0,406.56,14.24,0.4208,30.4862,61.0493,1710.37,50612.6,0,0,0,0,0,0,99.3874,0,100,1.00304,56.2733,0.303644,0,0,0,0,0,0,0
1779698786330,75,281560876056577,281805689192449,77,UDP,0.0693278,0.0494,2.76454,0.3617,0.3123,0.2501,0.024,0,0.0313,0.0069,0.934903,0,398.394,14.2448,0.412638,30.4992,60.2984,1767.35,49394.5,0,0,0,0,0,0,99.3886,0,100,1.00164,58.0427,0.164204,0,0,0,0,0,0,0
1779698786350,36,281496451547137,167503724545,39,UDP,0.0847404,0.0723,2.3963,0.4406,0.3683,0.3428,0.0094,0.0004,0.0041,0.012,1.02515,0,444.102,14.2448,0.458347,30.4877,61.042,1717.8,54006.5,0,0,0,0,0,0,99.4202,0,100,1.00274,56.4986,0.273973,0,0,0,0,0,0,0
1779698786462,85,281569465991169,281857228800001,89,UDP,0.082239,0.0766,1.07299,1.2289,1.1523,1.1189,0.0076,0.0003,0.0046,0.0212,0.736552,0,308.357,14.1936,0.32255,30.5134,30.9991,1788.98,38220.5,0,0,0,0,0,0,99.5876,0,0,1.00094,58.6842,0.0937207,0,0,0,0,0,0,0
1779698786469,46,281500746514433,210453397505,49,UDP,0.0756665,0.144,2.74476,2.6269,2.4829,0.4826,0.0134,0.001,1.9454,0.0415,1.37265,0,453.69,14.1376,0.467827,30.4849,60.8788,1726.84,55441.9,0,0,0,0,0,0,99.442,0,100,1,56.6458,0,0,0,0,0,0,0,0
1779698786490,7,844437815033857,30064771073,7,UDP,0.0825214,0.0976,2.87926,2.0285,1.9309,0.9918,0.0098,0.0003,0.9106,0.0187,0.81991,0,223.65,14.1472,0.237797,30.4889,31.2218,1698,27822.9,0,0,0,0,0,0,99.4132,0,100,1.00483,55.9614,0.483092,0,0,0,0,0,0,0
1779698786587,95,563022967865345,399431958529,93,UDP,0.0884971,0.0858,1.42069,0.5479,0.4621,0.3843,0.0111,0.0005,0.004,0.0627,0.984354,0,246.64,14.0992,0.260739,30.4994,30.1328,1781.07,30135.4,0,0,0,0,0,0,99.4797,0,0,1.00109,58.4606,0.109409,0,0,0,0,0,0,0
1779698786601,56,844485059674113,253403070465,59,UDP,0.100016,0.1156,2.58622,0.2976,0.182,0.1399,0.0206,0.0008,0.0151,0.0064,0.544614,0,441.683,14.1424,0.455826,30.5179,60.7758,1738.52,53696.2,0,0,0,0,0,0,99.4263,0,97.2222,1.00197,57.0794,0.19698,0,0,0,0,0,0,0
1779698786601,17,281483566645249,281547991154689,17,UDP,0.0729693,0.0761,2.53871,0.9124,0.8363,0.0629,0.008,0.0003,0.7569,0.0085,1.54752,0,275.922,14.1424,0.290064,30.5009,43.3381,1704.36,36462.2,0,0,0,0,0,0,99.3873,0,100,1.00282,56.0366,0.28169,0,0,0,0,0,0,0
1779698786719,66,107374182401,281736969715713,61,UDP,0.0826058,0.0884,3.08721,1.2317,1.1433,0.9385,0.0039,0.0002,0.1916,0.0093,0.456123,0,441.35,14.0912,0.455442,30.5101,60.5758,1751.83,53410.5,0,0,0,0,0,0,99.4271,0,100,1.00146,57.5018,0.145879,0,0,0,0,0,0,0
1779698786719,27,562967133290497,281582350893057,25,UDP,0.0664227,0.069,3.01053,1.766,1.697,0.6961,0.0055,0.0001,0.9859,0.0095,1.08351,0,360.71,14.048,0.374758,30.4843,59.6919,1710.16,44845.2,0,0,0,0,0,0,99.3159,0,100,1.00354,56.2987,0.35443,0,0,0,0,0,0,0
1779698786844,76,111669149697,281814279127041,79,UDP,0.082033,0.1206,2.63167,1.8004,1.6798,1.6158,0.0179,0.0012,0.0133,0.0328,1.21072,0,399.582,14.0064,0.413589,30.4993,60.2486,1767.36,49320,0,0,0,0,0,0,99.3882,0,100,1.00082,57.9951,0.0820345,0,0,0,0,0,0,0
1779698786851,37,562971428257793,281625300566017,35,UDP,0.0851234,0.0678,3.83659,1.1272,1.0594,0.1104,0.8721,0.0002,0.0711,0.0058,1.45301,0,390.342,13.9552,0.404298,30.4948,61.0062,1718.21,48284.2,0,0,0,0,0,0,99.3534,0,100,1.00329,56.5296,0.328947,0,0,0,0,0,0,0
1779698786976,8,281474976710657,38654705665,9,UDP,0.0682179,0.0695,2.67992,1.215,1.1455,0.196,0.0078,0.0003,0.938,0.0037,1.84102,0,198.011,13.9552,0.211966,30.5001,31.1933,1698.43,23898.1,0,0,0,0,0,0,99.3202,0,100,1.00307,55.8571,0.306883,0,0,0,0,0,0,0
1779698786976,86,124554051585,356482285569,83,UDP,0.108133,0.1059,1.82101,1.6136,1.5077,1.3307,0.0104,0.0006,0.0091,0.1575,1.76607,0,308.126,13.9456,0.322072,30.4846,30.8274,1787.28,38133.2,0,0,0,0,0,0,99.5854,0,0,1.00094,58.6839,0.0938086,0,0,0,0,0,0,0
1779698786983,47,281505041481729,281668250238977,45,UDP,0.0698831,0.0641,3.62048,1.9747,1.9106,1.6264,0.0111,0.0002,0.0041,0.269,1.77549,0,389.562,13.9328,0.403494,30.4842,60.8412,1725.82,47394.6,0,0,0,0,0,0,99.3461,0,100,1.00239,56.749,0.239091,0,0,0,0,0,0,0
1779698787101,18,30064771073,81604378625,19,UDP,0.0875757,0.0786,2.25976,1.7338,1.6552,0.0529,0.0126,0.0004,1.5813,0.0084,1.01519,0,241.213,13.9632,0.255176,30.4896,31.1036,1703.72,29259,0,0,0,0,0,0,99.4502,0,100,1.00047,55.9049,0.0468604,0,0,0,0,0,0,0
1779698787101,96,137438953473,281900178472961,99,UDP,0.0949405,0.089,1.02728,0.9649,0.8759,0.8497,0.0066,0.0007,0.0068,0.0128,0.830637,0,246.307,13.9072,0.260214,30.4997,30.0997,1776.28,30146.3,0,0,0,0,0,0,99.4855,0,0,1,58.2393,0,0,0,0,0,0,0,0
1779698787129,57,281517926383617,281711199911937,55,UDP,0.0833735,0.0807,2.34916,1.0776,0.9969,0.4442,0.0075,0.0004,0.5297,0.0155,1.09876,0,390.014,13.9504,0.403965,30.493,60.7861,1737.46,47240.8,0,0,0,0,0,0,99.346,0,100,1,56.979,0,0,0,0,0,0,0,0
1779698787226,67,844489354641409,281745559650305,63,UDP,0.10105,0.0705,3.38227,3.0161,2.9456,0.1119,0.008,0.0004,2.8132,0.0125,1.11685,0,389.664,13.9632,0.403627,30.5105,60.5321,1752.47,47023.3,0,0,0,0,0,0,99.3499,0,100,1.00073,57.4803,0.0728863,0,0,0,0,0,0,0
1779698787233,28,844446404968449,281590940827649,27,UDP,0.0833093,0.0689,2.63213,2.2507,2.1818,0.3305,0.0014,0.0002,1.8407,0.0092,1.70723,0,291.64,13.9072,0.305547,30.4855,41.2985,1710.48,35947.8,0,0,0,0,0,0,99.4144,0,100,1.00152,56.193,0.151592,0,0,0,0,0,0,0
1779698787358,77,563005787996161,322122547201,75,UDP,0.0890583,0.0977,2.50332,1.0841,0.9864,0.9661,0.0126,0.0003,0.0041,0.0036,1.31374,0,329.227,13.9728,0.3432,30.4995,36.2994,1768.52,39909.9,0,0,0,0,0,0,99.5327,0,100,1,57.9852,0,0,0,0,0,0,0,0
1779698787372,38,73014444033,281633890500609,37,UDP,0.0823869,0.0743,2.59906,0.1408,0.0665,0.0348,0.0143,0.0009,0.0077,0.0097,1.99259,0,308.715,13.8656,0.322581,30.4891,40.069,1718.89,38167.1,0,0,0,0,0,0,99.4585,0,100,1.00329,56.5625,0.328947,0,0,0,0,0,0,0
1779698787490,87,281573760958465,281865818734593,91,UDP,0.0903416,0.0557,1.08936,0.3442,0.2885,0.224,0.0448,0.0003,0.0065,0.0132,0.61015,0,263.152,13.8944,0.277046,30.4855,29.9998,1786.19,32444.4,0,0,0,0,0,0,99.5377,0,0,1.00094,58.6463,0.0938086,0,0,0,0,0,0,0
1779698787497,48,562980018192385,281676840173569,47,UDP,0.107386,0.0779,2.66958,0.2141,0.1362,0.1145,0.0109,0.0004,0.0041,0.0067,1.63317,0,309.406,13.9072,0.323314,30.4855,38.0114,1728.55,37957.4,0,0,0,0,0,0,99.482,0,100,1.00179,56.8023,0.179211,0,0,0,0,0,0,0
1779698787504,9,844442110001153,281513631416321,9,UDP,0.115155,0.0736,2.89834,2.8263,2.7527,0.8193,0.0937,0.0003,1.7924,0.0473,1.15157,0,171.118,13.9168,0.185035,30.4945,31.1609,1699.48,20497.3,0,0,0,0,0,0,99.2057,0,100,1.00175,55.8284,0.175131,0,0,0,0,0,0,0
1779698787615,97,844510829477889,408021893121,95,UDP,0.0828403,0.1239,1.2367,0.628,0.5041,0.4619,0.0182,0.0009,0.0141,0.0099,2.51269,0,211.619,13.9632,0.225582,30.4995,30.0995,1777.07,25815.4,0,0,0,0,0,0,99.3992,0,0,1,58.2656,0,0,0,0,0,0,0,0
1779698787629,58,103079215105,261993005057,61,UDP,0.092556,0.0748,2.15644,2.4639,2.3891,1.3592,0.017,0.0002,0.9852,0.0277,0.788751,0,309.56,13.9632,0.323523,30.4986,35.4584,1740.7,37607.1,0,0,0,0,0,0,99.5203,0,100,1.00066,57.1122,0.0656168,0,0,0,0,0,0,0
1779698787629,19,34359738369,281556581089281,19,UDP,0.0950014,0.098,2.59592,0.5386,0.4406,0.4178,0.0118,0.0005,0.0064,0.0046,1.04061,0,206.653,13.9632,0.220616,30.5,31.0712,1705.66,24826.6,0,0,0,0,0,0,99.3479,0,100,1.00188,56.0281,0.187617,0,0,0,0,0,0,0
1779698787747,68,562984313159681,281754149584897,65,UDP,0.0853575,0.0701,2.78522,1.8731,1.803,0.0255,0.0063,0.0003,1.7639,0.0073,1.62997,0,308.203,13.9632,0.322166,30.5034,32.4363,1754.47,37005.5,0,0,0,0,0,0,99.5455,0,100,1.00073,57.559,0.0728863,0,0,0,0,0,0,0
1779698787768,29,844450699935745,133143986177,31,UDP,0.0776534,0.0709,2.06645,0.3967,0.3258,0.2749,0.0212,0.0007,0.0166,0.0131,1.39739,0,246.461,13.9072,0.260368,30.4923,30.9997,1712.5,29255.1,0,0,0,0,0,0,99.4496,0,100,1.00303,56.3323,0.30349,0,0,0,0,0,0,0
1779698787865,78,281565171023873,281822869061633,81,UDP,0.0772533,0.0794,3.82733,1.8432,1.7638,0.8873,0.0075,0.0002,0.8668,0.0022,0.963141,0,266.619,13.9728,0.280592,30.4983,30.1483,1771.5,32692,0,0,0,0,0,0,99.538,0,100,1,58.0852,0,0,0,0,0,0,0,0
1779698787879,39,562975723225089,176093659137,41,UDP,0.0840197,0.0975,2.97132,1.158,1.0605,0.9559,0.0211,0.0004,0.0065,0.077,1.22592,0,255.976,13.9632,0.269939,30.5104,30.9436,1721.76,30376.7,0,0,0,0,0,0,99.4627,0,100,1.00164,56.5246,0.164114,0,0,0,0,0,0,0
1779698788004,88,128849018881,365072220161,85,UDP,0.0796499,0.0922,1.75938,2.3252,2.233,0.2511,0.0074,0.0004,1.9693,0.0052,1.69488,0,221.514,13.9072,0.235421,30.4852,30.0566,1786.62,27122,0,0,0,0,0,0,99.4362,0,0,1,58.6064,0,0,0,0,0,0,0,0
1779698788018,49,844472174772225,219043332097,51,UDP,0.0749469,0.0916,3.58583,3.4803,3.3887,0.3493,0.0654,0.0006,2.9672,0.0068,2.40876,0,257.379,13.9072,0.271286,30.5009,30.7736,1731.24,30389.5,0,0,0,0,0,0,99.4781,0,100,1.00179,56.8621,0.179104,0,0,0,0,0,0,0
1779698788018,10,562954248388609,281522221350913,11,UDP,0.0775524,0.0419,3.15474,4.6049,4.563,0.5523,3.1184,0.0004,0.8909,0.0014,1.46424,0,178.946,13.8944,0.19284,30.4937,31.1467,1700.58,23340.8,0,0,0,0,0,0,99.3004,0,100,1.00131,55.8416,0.131291,0,0,0,0,0,0,0
1779698788129,98,281586645860353,416611827713,97,UDP,0.0912833,0.1153,1.47,0.2125,0.0972,0.0209,0.0094,0.0003,0.0044,0.0625,1.45089,0,175.523,13.9632,0.189486,30.5,30.1333,1777.1,21497.1,0,0,0,0,0,0,99.2777,0,0,1,58.2656,0,0,0,0,0,0,0,0
1779698788129,20,562962838323201,90194313217,21,UDP,0.0891572,0.0966,2.75314,0.7178,0.6212,0.6054,0.0024,0.0003,0.0049,0.0085,0.62329,0,213.424,13.9632,0.227387,30.4927,31.064,1707.09,26672.8,0,0,0,0,0,0,99.3956,0,100,1.00376,56.1942,0.376117,0,0,0,0,0,0,0
1779698788143,59,281522221350913,281719789846529,57,UDP,0.0719377,0.0677,3.79516,1.6172,1.5495,1.5267,0.0123,0.0004,0.0077,0.0028,1.94456,0,256.253,13.9632,0.270216,30.4982,30.6181,1742.59,30320.1,0,0,0,0,0,0,99.4823,0,100,1.00197,57.2503,0.197109,0,0,0,0,0,0,0
1779698788261,69,281552286121985,281762739519489,67,UDP,0.106265,0.1033,1.84794,2.5634,2.4601,0.0261,0.0108,0.0005,2.4098,0.0134,1.59482,0,256.253,13.9072,0.27016,30.4882,30.466,1756.36,30217.8,0,0,0,0,0,0,99.4865,0,100,1.00146,57.692,0.145985,0,0,0,0,0,0,0
1779698788268,30,60129542145,141733920769,33,UDP,0.092426,0.0637,2.39457,5.1441,5.0804,0.9373,0.0078,0.0003,4.0296,0.1057,1.67559,0,231.6,13.9072,0.245507,30.5005,30.962,1714.91,29449.3,0,0,0,0,0,0,99.4586,0,100,1.00354,56.4246,0.354251,0,0,0,0,0,0,0
1779698788282,0,844424930131969,281479271677953,1,UDP,0.0708072,0.0698,2.18144,0.7046,0.6348,0.6075,0.0118,0.0007,0.0088,0.0067,2.39899,0,408.675,20.7216,0.429397,30.5034,42.5124,2023.49,29055,0,0,0,0,0,0,99.235,0,100,1.00453,66.6366,0.452675,0,0,0,0,0,0,0
1779698788379,1,1,4294967297,1,UDP,0.0692854,0.0316,3.05419,0.3598,0.3282,0.0577,0.2638,0.0002,0.0035,0.0032,2.33311,0,179.018,13.9504,0.192968,30.5042,31.1915,1697.2,23372.8,0,0,0,0,0,0,99.3085,0,100,1.00288,55.7983,0.287592,0,0,0,0,0,0,0
1779698788386,79,844493649608705,330712481793,77,UDP,0.0828042,0.0778,2.92161,3.1445,3.0667,0.162,0.0105,0.0002,2.8856,0.0086,1.11805,0,217.744,13.9728,0.231717,30.4993,30.1743,1774.26,26178.4,0,0,0,0,0,0,99.4141,0,100,1,58.1738,0,0,0,0,0,0,0,0
1779698788393,40,77309411329,281642480435201,39,UDP,0.067681,0.0739,2.9585,1.4321,1.3582,1.0595,0.2598,0.0003,0.0281,0.0108,1.03319,0,266.16,13.9632,0.280123,30.4939,30.9271,1722.89,33724.4,0,0,0,0,0,0,99.5231,0,100,1.00109,56.5613,0.109409,0,0,0,0,0,0,0
1779698788518,11,562958543355905,281530811285505,13,UDP,0.0709142,0.0481,3.79265,5.0269,4.9788,0.0097,0.0111,0.0005,4.9443,0.0137,1.15535,0,222.419,13.9072,0.236326,30.4991,31.2323,1703.12,27726.4,0,0,0,0,0,0,99.4025,0,100,1.00263,55.9886,0.262927,0,0,0,0,0,0,0
1779698788518,89,844506534510593,373662154753,87,UDP,0.0795897,0.0625,1.43753,4.0334,3.9709,0.9612,0.0101,0.0003,2.9883,0.0113,1.99245,0,177.494,13.9632,0.191458,30.5128,30.0271,1787.57,21542.4,0,0,0,0,0,0,99.297,0,0,1,58.5843,0,0,0,0,0,0,0,0
1779698788532,50,844476469739521,281685430108161,49,UDP,0.0780092,0.0602,1.69541,0.4409,0.3807,0.3516,0.0066,0.0007,0.0073,0.0152,0.932766,0,239.293,13.9072,0.2532,30.4884,30.7793,1732.68,30436.9,0,0,0,0,0,0,99.4788,0,100,1.00119,56.8985,0.119403,0,0,0,0,0,0,0
1779698788643,60,281526516318209,270582939649,63,UDP,0.0835884,0.0565,1.68505,0.483,0.4265,0.0296,0.3841,0.0003,0.0037,0.0091,0.541065,0,239.293,13.9632,0.253256,30.4988,30.5988,1745.03,30325.4,0,0,0,0,0,0,99.4857,0,100,1.00263,57.3669,0.262985,0,0,0,0,0,0,0
1779698788643,99,844515124445185,281908768407553,101,UDP,0.104664,0.1146,2.1214,1.5412,1.4266,0.3805,0.0024,0.0003,1.0319,0.0118,0.917798,0,141.142,13.9632,0.155106,30.499,30.0657,1778.38,17099.5,0,0,0,0,0,0,99.1029,0,0,1,58.3093,0,0,0,0,0,0,0,0
1779698788657,21,38654705665,98784247809,23,UDP,0.0720575,0.0654,1.92802,0.6533,0.5879,0.5604,0.0114,0.0005,0.0075,0.0086,1.04889,0,249.392,13.9632,0.263355,30.5011,31.058,1709.32,31569.4,0,0,0,0,0,0,99.4934,0,100,1.00188,56.1463,0.187617,0,0,0,0,0,0,0
1779698788768,31,281492156579841,281599530762241,29,UDP,0.0740158,0.0736,2.09322,1.5116,1.438,0.5457,0.0076,0.0003,0.8791,0.0056,1.261,0,293.714,13.9072,0.307621,30.486,42.3759,1715.86,38378,0,0,0,0,0,0,99.4265,0,100,1.00253,56.4259,0.252908,0,0,0,0,0,0,0
1779698788775,70,562988608126977,313532612609,73,UDP,0.0984858,0.0537,3.57292,4.8054,4.7517,0.0608,0.0078,0.0003,4.6811,0.002,1.17661,0,239.456,13.9072,0.253363,30.4874,30.443,1759.03,30159.6,0,0,0,0,0,0,99.4794,0,100,1.00073,57.7389,0.0729395,0,0,0,0,0,0,0
1779698788900,80,115964116993,339302416385,79,UDP,0.0982003,0.0925,1.07491,1.6638,1.5713,1.5445,0.0146,0.0006,0.0089,0.0033,0.711734,0,204.733,13.9632,0.218696,30.4994,30.0995,1777.17,26032.5,0,0,0,0,0,0,99.4171,0,100,1,58.2689,0,0,0,0,0,0,0,0
1779698788900,2,844429225099265,281487861612545,3,UDP,0.0678385,0.0443,3.02493,0.2649,0.2206,0.0561,0.0089,0.0004,0.1515,0.0041,2.42479,0,214.146,13.9632,0.228109,30.4992,31.1864,1698.65,27719.9,0,0,0,0,0,0,99.4151,0,100,1.0037,55.9009,0.370066,0,0,0,0,0,0,0
1779698788921,41,81604378625,184683593729,43,UDP,0.121859,0.0754,2.18755,1.7271,1.6517,0.5579,0.001,0.0003,1.0828,0.01,1.183,0,293.714,13.9632,0.307677,30.5046,40.5006,1725.67,38185.5,0,0,0,0,0,0,99.4613,0,100,1.00274,56.7256,0.273823,0,0,0,0,0,0,0
1779698789025,90,281578055925761,382252089345,89,UDP,0.0786905,0.0803,1.5546,1.1119,1.0316,0.9458,0.0104,0.0054,0.0118,0.0636,0.974211,0,170.173,13.9072,0.18408,30.4855,30.0569,1786.64,21499,0,0,0,0,0,0,99.2887,0,0,1.00094,58.6614,0.0938086,0,0,0,0,0,0,0
1779698789025,51,281509336449025,227633266689,53,UDP,0.0801507,0.073,2.60891,1.0806,1.0076,0.9913,0.0098,0.0003,0.0036,0.0029,1.55013,0,294.2,13.9072,0.308107,30.4902,38.5446,1735.03,37900.2,0,0,0,0,0,0,99.4766,0,100,1,56.9046,0,0,0,0,0,0,0,0
1779698789025,12,12884901889,47244640257,11,UDP,0.087235,0.063,2.601,2.2444,2.1814,0.8726,0.0029,0.0006,1.3032,0.0027,1.18639,0,266.979,13.9072,0.280886,30.5,31.1399,1703.79,34222.9,0,0,0,0,0,0,99.5247,0,98.7013,1.00351,56.0579,0.350877,0,0,0,0,0,0,0
1779698789157,100,141733920769,281917358342145,103,UDP,0.103556,0.105,1.42629,0.4056,0.3006,0.2772,0.0122,0.0005,0.0074,0.0038,1.06902,0,134.709,13.9632,0.148672,30.4996,30.0329,1782.68,16935.7,0,0,0,0,0,0,99.0952,0,0,1,58.4492,0,0,0,0,0,0,0,0
1779698789164,61,281530811285505,279172874241,65,UDP,0.0851886,0.0946,2.19945,0.6957,0.6011,0.569,0.0122,0.0005,0.0135,0.0064,0.804235,0,294.149,13.9632,0.308112,30.5108,36.0892,1748.2,37450.1,0,0,0,0,0,0,99.5004,0,100,1.00263,57.4481,0.262812,0,0,0,0,0,0,0
1779698789164,22,42949672961,107374182401,25,UDP,0.093199,0.0877,2.11125,1.8598,1.7721,1.6993,0.0408,0.0006,0.0214,0.0106,0.822196,0,302.059,13.9632,0.316022,30.5026,45.2969,1711.06,40417.7,0,0,0,0,0,0,99.4219,0,100,1.00188,56.2008,0.187617,0,0,0,0,0,0,0
1779698789275,32,844454994903041,150323855361,35,UDP,0.0937061,0.0908,2.45919,0.3762,0.2854,0.2213,0.0132,0.0006,0.0101,0.0408,1.97544,0,382.982,13.9072,0.39689,30.4881,61.0224,1717.95,48388.6,0,0,0,0,0,0,99.3555,0,100,1.00354,56.5478,0.35443,0,0,0,0,0,0,0
1779698789289,71,562992903094273,281771329454081,69,UDP,0.0749578,0.0827,2.31605,2.2256,2.1429,0.8733,0.0384,0.0003,1.2231,0.0081,1.39928,0,286.776,13.9072,0.300683,30.4875,32.9985,1761.56,36101.4,0,0,0,0,0,0,99.5326,0,100,1.00146,57.8642,0.145985,0,0,0,0,0,0,0
1779698789400,3,4294967297,12884901889,3,UDP,0.0803054,0.1397,2.91917,1.4213,1.2816,0.3533,0.0079,0.0002,0.8967,0.0237,1.63744,0,249.328,13.9632,0.263291,30.5051,31.2174,1700.47,32088.5,0,0,0,0,0,0,99.4923,0,100,1.00288,55.9043,0.287592,0,0,0,0,0,0,0
1779698789407,81,563010082963457,281831458996225,83,UDP,0.0799755,0.0757,2.03302,1.0637,0.988,0.9056,0.003,0.0002,0.0706,0.0088,1.56621,0,242.749,13.9632,0.256712,30.4994,30.0744,1779.86,30431.4,0,0,0,0,0,0,99.4945,0,0,1,58.3574,0,0,0,0,0,0,0,0
1779698789435,42,844463584837633,281651070369793,41,UDP,0.0549517,0.0499,2.44845,2.1918,2.1419,0.122,0.0474,0.0001,1.9633,0.0092,1.10663,0,376.608,13.9504,0.390558,30.4943,60.8887,1726.68,47352.3,0,0,0,0,0,0,99.3472,0,100,1.00219,56.747,0.219058,0,0,0,0,0,0,0
1779698789539,52,94489280513,236223201281,55,UDP,0.0787314,0.052,2.14043,1.4024,1.3504,1.135,0.208,0.0001,0.0056,0.0018,0.887953,0,405.664,13.9072,0.419571,30.4887,60.7229,1737.17,50540,0,0,0,0,0,0,99.3932,0,100,1.00419,57.2162,0.419162,0,0,0,0,0,0,0
1779698789539,13,281479271677953,55834574849,13,UDP,0.0678384,0.0813,2.56614,0.6933,0.612,0.5924,0.0077,0.0002,0.0052,0.0067,0.963614,0,311.531,13.9072,0.325438,30.4879,46.3918,1705.66,41570.5,0,0,0,0,0,0,99.4296,0,100,1.00307,56.1171,0.307018,0,0,0,0,0,0,0
1779698789539,91,563014377930753,281874408669185,93,UDP,0.0938758,0.0568,2.19908,3.1968,3.14,0.22,2.0247,0.0003,0.889,0.0063,1.80829,0,200.045,13.9072,0.213952,30.4856,30.057,1786.65,24935.4,0,0,0,0,0,0,99.3868,0,0,1,58.6064,0,0,0,0,0,0,0,0
1779698789664,62,281535106252801,287762808833,67,UDP,0.0768421,0.063,1.52409,1.0395,0.9765,0.9051,0.0069,0.0003,0.0043,0.0602,0.358823,0,377.888,13.9504,0.391838,30.4982,60.6364,1749.56,46887.4,0,0,0,0,0,0,99.3433,0,100,1.00197,57.479,0.197109,0,0,0,0,0,0,0
1779698789664,23,281487861612545,281565171023873,21,UDP,0.0594495,0.0528,2.72778,2.5123,2.4595,0.364,0.0063,0.0002,2.0826,0.0066,0.921105,0,384.158,13.9728,0.398131,30.4959,61.149,1712.7,49042.4,0,0,0,0,0,0,99.3604,0,100,1.00423,56.3993,0.42333,0,0,0,0,0,0,0
1779698789796,72,281556581089281,281779919388673,71,UDP,0.0790439,0.0629,2.17039,1.6767,1.6138,0.6452,0.0079,0.0003,0.9535,0.0072,0.840928,0,358.176,13.9072,0.372083,30.4878,60.4201,1764.29,44641.5,0,0,0,0,0,0,99.315,0,100,1,57.8688,0,0,0,0,0,0,0,0
1779698789796,33,844459289870337,281608120696833,31,UDP,0.0775629,0.0878,2.0148,0.204,0.1162,0.0831,0.0151,0.0006,0.0071,0.0109,0.899673,0,448.517,13.9168,0.462434,30.502,61.0195,1719.82,56226,0,0,0,0,0,0,99.4466,0,98.2456,1.00202,56.4977,0.202122,0,0,0,0,0,0,0
1779698789921,82,844497944576001,347892350977,81,UDP,0.0812206,0.0836,2.58504,0.554,0.4704,0.3936,0.0082,0.0005,0.0595,0.0091,5.56591,0,279.301,13.976,0.293277,30.4993,30.2744,1782.86,34790.4,0,0,0,0,0,0,99.5517,0,0,1.00082,58.5037,0.0820345,0,0,0,0,0,0,0
1779698789928,4,562949953421313,281496451547137,5,UDP,0.081938,0.086,2.72602,1.3511,1.2651,1.2468,0.0106,0.0004,0.0042,0.0035,1.56845,0,256.134,14.008,0.270142,30.4994,31.3491,1702.51,32671.2,0,0,0,0,0,0,99.4952,0,100,1.00329,56.0045,0.328812,0,0,0,0,0,0,0
1779698789935,43,844467879804929,281659660304385,43,UDP,0.0798765,0.0776,1.70823,0.8321,0.7545,0.7161,0.0175,0.0007,0.0103,0.0106,0.86742,0,433.515,13.9856,0.447501,30.498,60.9293,1728.92,54029.8,0,0,0,0,0,0,99.426,0,100,1.00164,56.7827,0.164204,0,0,0,0,0,0,0
1779698790053,53,281513631416321,244813135873,57,UDP,0.0714457,0.0461,2.07386,1.7048,1.6587,0.734,0.0054,0.0001,0.9124,0.0069,1.28321,0,441.819,13.9808,0.4558,30.4888,60.7776,1739.35,55316.1,0,0,0,0,0,0,99.4435,0,100,1.00179,57.1511,0.179211,0,0,0,0,0,0,0
1779698790053,14,17179869185,64424509441,15,UDP,0.061857,0.0688,2.73787,1.8955,1.8267,1.7327,0.0131,0,0.0759,0.005,1.1948,0,341.378,14.0128,0.35539,30.4967,55.222,1708.38,44098.5,0,0,0,0,0,0,99.3603,0,100,1.00131,56.0919,0.131291,0,0,0,0,0,0,0
1779698790060,92,563018672898049,281882998603777,95,UDP,0.0921516,0.0972,1.25898,0.3012,0.204,0.1826,0.012,0.0008,0.0071,0.0023,1.28574,0,227.645,13.984,0.241629,30.4853,30.1139,1786.63,28078.7,0,0,0,0,0,0,99.445,0,0,1,58.6064,0,0,0,0,0,0,0,0
1779698790178,63,281539401220097,296352743425,69,UDP,0.09452,0.0939,2.0973,4.9835,4.8896,0.4054,0.0855,0.0004,4.3906,0.0081,2.58668,0,434.058,14.032,0.44809,30.4989,60.6778,1752.76,53483.6,0,0,0,0,0,0,99.4253,0,100,1.00131,57.545,0.13132,0,0,0,0,0,0,0
1779698790213,24,47244640257,281573760958465,23,UDP,0.0861061,0.0612,2.23782,2.2363,2.1751,1.4109,0.0081,0.0004,0.7395,0.0166,1.21843,0,406.203,14.1104,0.420314,30.4886,61.0915,1714.12,51869,0,0,0,0,0,0,99.3996,0,100,1.00329,56.4065,0.328947,0,0,0,0,0,0,0
1779698790303,73,562997198061569,281788509323265,73,UDP,0.0890573,0.0555,3.37253,1.3148,1.2593,0.2884,0.0084,0.0003,0.953,0.0095,0.633245,0,408.44,14.0832,0.422523,30.4883,60.3099,1766.99,50315,0,0,0,0,0,0,99.3994,0,100,1.00073,57.9985,0.0729395,0,0,0,0,0,0,0
1779698790317,34,64424509441,281616710631425,33,UDP,0.0911298,0.091,2.09897,0.9676,0.8766,0.8366,0.0174,0.0009,0.0148,0.0078,1.18833,0,436.342,14.1056,0.450448,30.4971,60.9788,1722.25,54084.9,0,0,0,0,0,0,99.4264,0,100,1.00101,56.5295,0.100959,0,0,0,0,0,0,0
1779698790435,83,844502239543297,281840048930817,85,UDP,0.0813328,0.075,1.421,1.0509,0.9759,0.9585,0.0069,0.0002,0.0043,0.0062,0.802471,0,315.781,14.1808,0.329962,30.4995,31.9745,1786.07,39347.1,0,0,0,0,0,0,99.5878,0,0,1.00082,58.6087,0.0820345,0,0,0,0,0,0,0
1779698790442,44,85899345921,193273528321,45,UDP,0.0852055,0.0922,1.89419,0.5578,0.4656,0.4451,0.0034,0.0003,0.0065,0.0106,1.59495,0,471.006,14.1904,0.485197,30.4946,60.9059,1731.16,58930.9,0,0,0,0,0,0,99.4727,0,100,1.00109,56.8315,0.109409,0,0,0,0,0,0,0
1779698790463,5,844433520066561,281505041481729,7,UDP,0.185344,0.1173,3.13621,3.6125,3.4952,0.5268,0.0128,0.0004,2.9433,0.0123,1.35792,0,252.411,14.2032,0.266614,30.4988,31.1985,1703.32,32740.5,0,0,0,0,0,0,99.5029,0,100,1.00205,55.9635,0.205255,0,0,0,0,0,0,0
1779698790567,93,133143986177,281891588538369,97,UDP,0.0948724,0.0948,1.41407,1.9961,1.9013,1.8408,0.0135,0.0005,0.0077,0.0393,0.913757,0,256.15,14.232,0.270382,30.5138,30.0566,1787.63,31479,0,0,0,0,0,0,99.5142,0,0,1.00094,58.6392,0.0937207,0,0,0,0,0,0,0
1779698790567,54,844480764706817,281694020042753,51,UDP,0.0791288,0.0633,1.62051,0.1941,0.1308,0.1016,0.0094,0.0004,0.0069,0.0129,1.32297,0,443.282,14.1856,0.457467,30.5063,60.8127,1742.5,54010.7,0,0,0,0,0,0,99.4297,0,100,1.00119,57.1874,0.119332,0,0,0,0,0,0,0
1779698790567,15,21474836481,281539401220097,15,UDP,0.0823178,0.1017,2.48099,1.0237,0.922,0.7718,0.0707,0.0002,0.0445,0.035,1.32748,0,312.862,14.176,0.327038,30.4948,44.5959,1708.91,39932.1,0,0,0,0,0,0,99.4258,0,100,1.00219,56.1621,0.21901,0,0,0,0,0,0,0
1779698790692,64,281543696187393,304942678017,71,UDP,0.0783821,0.0619,1.36961,1.6463,1.5844,0.8941,0.0073,0.0005,0.6597,0.0233,0.765542,0,436.165,14.28,0.450445,30.4993,60.6186,1754.7,53532.9,0,0,0,0,0,0,99.43,0,100,1.00066,57.5702,0.0656168,0,0,0,0,0,0,0
1779698790692,25,51539607553,115964116993,27,UDP,0.0884298,0.0878,1.65477,0.2554,0.1676,0.1334,0.0139,0.001,0.0116,0.0087,0.789315,0,414.624,14.2832,0.428907,30.4938,61.0162,1715.69,51373.8,0,0,0,0,0,0,99.3974,0,100,1.00188,56.3693,0.187705,0,0,0,0,0,0,0
1779698790817,74,563001493028865,281797099257857,75,UDP,0.0938205,0.0965,2.73142,1.1281,1.0316,0.9072,0.0567,0.0009,0.0065,0.0612,0.618601,0,401.438,14.2752,0.415714,30.4876,60.353,1769.48,49458.5,0,0,0,0,0,0,99.3845,0,100,1.00146,58.1241,0.145985,0,0,0,0,0,0,0
1779698790838,35,68719476737,158913789953,37,UDP,0.0807703,0.0887,2.69908,1.3684,1.2797,0.4627,0.7953,0.0001,0.0132,0.0085,1.14214,0,459.296,14.2784,0.473574,30.4812,60.9932,1723.25,57645.6,0,0,0,0,0,0,99.4593,0,100,1.00101,56.5919,0.10101,0,0,0,0,0,0,0
1779698790949,84,120259084289,281848638865409,87,UDP,0.088675,0.0746,1.51781,2.1215,2.0469,1.1296,0.0055,0.0003,0.9038,0.008,1.125,0,307,14.3728,0.321373,30.4988,31.0238,1789.03,38289.6,0,0,0,0,0,0,99.5949,0,0,1.00082,58.7071,0.0820345,0,0,0,0,0,0,0
1779698790956,6,8589934593,21474836481,5,UDP,0.0756695,0.0551,2.31851,1.5966,1.5415,0.0713,0.0054,0.0004,1.4625,0.0023,1.17719,0,243.494,14.3952,0.25789,30.5001,31.1748,1704.67,30520,0,0,0,0,0,0,99.4654,0,100,1.00246,56.0283,0.246407,0,0,0,0,0,0,0
1779698790977,45,90194313217,201863462913,47,UDP,0.0966388,0.0723,2.59883,0.7036,0.6313,0.6089,0.0065,0.0003,0.0048,0.0111,2.05352,0,469.306,14.3856,0.483691,30.509,60.8013,1733.35,57495.3,0,0,0,0,0,0,99.466,0,100,1.00219,56.9387,0.218938,0,0,0,0,0,0,0
1779698791067,94,281582350893057,390842023937,91,UDP,0.0637053,0.0548,1.4005,3.2087,3.1539,0.2098,0.3897,0.0002,2.5464,0.008,1.35376,0,244.874,14.368,0.259242,30.4854,30.0854,1786.64,30208.5,0,0,0,0,0,0,99.489,0,0,1,58.6064,0,0,0,0,0,0,0,0
1779698791081,16,25769803777,73014444033,17,UDP,0.0882466,0.1016,1.70177,0.3925,0.2909,0.2632,0.0104,0.0003,0.0074,0.0099,0.921348,0,313.949,14.368,0.328317,30.4951,43.89,1710.23,39787.3,0,0,0,0,0,0,99.4358,0,100,1.00351,56.2789,0.350877,0,0,0,0,0,0,0
1779698791102,55,98784247809,281702609977345,53,UDP,0.0921349,0.0785,2.30443,0.3765,0.298,0.2662,0.0133,0.0007,0.0083,0.0102,1.25822,0,448.774,14.3808,0.463155,30.486,60.8084,1743.74,54104.7,0,0,0,0,0,0,99.4263,0,100,1.00299,57.369,0.299043,0,0,0,0,0,0,0
1779698791199,65,281547991154689,281728379781121,59,UDP,0.0812804,0.0785,4.1846,2.5658,2.4873,0.4868,0.0065,0.0002,1.9816,0.0124,1.54036,0,441.35,14.4064,0.455757,30.4992,60.6385,1756.86,53641.2,0,0,0,0,0,0,99.4243,0,100,1.00131,57.6789,0.13132,0,0,0,0,0,0,0
1779698791206,26,55834574849,124554051585,29,UDP,0.0670967,0.0792,1.70142,0.6442,0.565,0.0512,0.4931,0.0002,0.0193,0.0014,0.559797,0,406.586,14.4752,0.421061,30.4947,60.975,1717.46,50628.2,0,0,0,0,0,0,99.389,0,100,1.00282,56.4786,0.281822,0,0,0,0,0,0,0
1779698791331,75,281560876056577,281805689192449,77,UDP,0.0685885,0.0553,2.69201,1.6866,1.6313,0.6653,0.0064,0.0001,0.9582,0.0014,1.49473,0,405.749,14.48,0.420229,30.4877,60.3311,1772.07,49540.9,0,0,0,0,0,0,99.386,0,100,1.00146,58.2088,0.145985,0,0,0,0,0,0,0
1779698791352,36,281496451547137,167503724545,39,UDP,0.0804872,0.0574,2.38235,2.1386,2.0812,0.1187,0.0082,0.0002,1.866,0.0883,1.08083,0,442.285,14.4704,0.456755,30.4809,60.9618,1724.8,54104.8,0,0,0,0,0,0,99.4231,0,100,1.00253,56.7294,0.252908,0,0,0,0,0,0,0
1779698791463,85,281569465991169,281857228800001,89,UDP,0.0891923,0.1253,1.04623,0.1764,0.0511,0.006,0.0185,0.0005,0.0124,0.0142,0.950479,0,307.325,14.5216,0.321846,30.4997,30.8747,1792.28,38245.5,0,0,0,0,0,0,99.5903,0,0,1.00082,58.8121,0.0820345,0,0,0,0,0,0,0
1779698791477,46,281500746514433,210453397505,49,UDP,0.0811787,0.0909,2.10227,1.2508,1.1599,1.0936,0.0111,0.0002,0.0051,0.0501,1.06008,0,453.6,14.5776,0.468178,30.4937,60.8042,1734.74,55545.4,0,0,0,0,0,0,99.4444,0,100,1,56.8885,0,0,0,0,0,0,0,0
1779698791491,7,844437815033857,30064771073,7,UDP,0.0795354,0.0798,2.13355,1.0263,0.9465,0.9111,0.0137,0.001,0.0091,0.0126,0.785828,0,217.187,14.5776,0.231765,30.4959,31.1456,1705.76,27780.9,0,0,0,0,0,0,99.4153,0,100,1.00453,56.1872,0.452675,0,0,0,0,0,0,0
1779698791588,95,563022967865345,399431958529,93,UDP,0.0877631,0.1112,1.28377,1.7665,1.6553,1.6075,0.0135,0.0007,0.0075,0.0268,0.839805,0,245.245,14.616,0.259861,30.5136,30.1136,1787.62,30209.6,0,0,0,0,0,0,99.4842,0,0,1.00094,58.6392,0.0937207,0,0,0,0,0,0,0
1779698791595,56,844485059674113,253403070465,59,UDP,0.0894436,0.0536,2.58817,1.9078,1.8542,0.6434,0.091,0.0002,1.1163,0.0035,1.25208,0,449.974,14.5728,0.464547,30.5076,60.7425,1746.1,53928.8,0,0,0,0,0,0,99.4266,0,97.2222,1.00179,57.3373,0.179104,0,0,0,0,0,0,0
1779698791595,17,281483566645249,281547991154689,17,UDP,0.0705983,0.0615,2.66691,4.273,4.2115,0.7312,0.0072,0.0002,3.3325,0.1406,1.6596,0,278.499,14.5728,0.293072,30.4945,42.4497,1712.19,36352.6,0,0,0,0,0,0,99.3989,0,100,1.00263,56.2954,0.262927,0,0,0,0,0,0,0
1779698791720,66,107374182401,281736969715713,61,UDP,0.0829935,0.0879,2.96791,1.3418,1.2539,1.2394,0.0052,0.0003,0.005,0.0043,1.43633,0,443.322,14.624,0.457946,30.499,60.518,1759.44,53610.8,0,0,0,0,0,0,99.4304,0,100,1.00131,57.7643,0.13132,0,0,0,0,0,0,0
1779698791720,27,562967133290497,281582350893057,25,UDP,0.0648846,0.0751,2.33036,1.8588,1.7837,0.8208,0.0105,0.0001,0.9423,0.0101,1.1121,0,357.933,14.6672,0.3726,30.4924,59.7138,1718.96,44837.7,0,0,0,0,0,0,99.3168,0,100,1.00329,56.5587,0.328947,0,0,0,0,0,0,0
1779698791845,76,111669149697,281814279127041,79,UDP,0.0866235,0.0831,2.10968,0.3347,0.2516,0.2243,0.0094,0.0009,0.0062,0.0117,1.31393,0,408.301,14.7184,0.423019,30.5101,60.2203,1775.39,49510.2,0,0,0,0,0,0,99.3909,0,100,1.00073,58.2325,0.0728863,0,0,0,0,0,0,0
1779698791845,37,562971428257793,281625300566017,35,UDP,0.112923,0.3106,3.07132,0.7558,0.4452,0.3081,0.0254,0.0032,0.014,0.0977,1.05981,0,387.616,14.76,0.402376,30.503,60.929,1727.96,48297.3,0,0,0,0,0,0,99.3555,0,100,1.00303,56.8209,0.30349,0,0,0,0,0,0,0
1779698791970,8,281474976710657,38654705665,9,UDP,0.0695751,0.0829,2.29281,2.4248,2.3419,0.9901,0.0108,0.0002,1.3261,0.0149,1.42727,0,187.453,14.7696,0.202222,30.5065,31.1189,1707.68,23869.1,0,0,0,0,0,0,99.3226,0,100,1.00288,56.1385,0.287592,0,0,0,0,0,0,0
1779698791977,86,124554051585,356482285569,83,UDP,0.103451,0.1031,1.69507,1.5475,1.4444,1.4004,0.0144,0.0008,0.0101,0.0195,1.08727,0,308.28,14.7696,0.32305,30.499,30.749,1794.64,38183.4,0,0,0,0,0,0,99.5883,0,0,1.00082,58.8909,0.0820345,0,0,0,0,0,0,0
1779698791984,47,281505041481729,281668250238977,45,UDP,0.0699908,0.0732,2.95028,2.3468,2.2736,0.8708,0.0086,0.0003,1.3907,0.0035,1.18433,0,390.253,14.7696,0.405022,30.4937,60.7708,1735.84,47509.9,0,0,0,0,0,0,99.3494,0,100,1.00219,57.0493,0.219058,0,0,0,0,0,0,0
1779698792102,18,30064771073,81604378625,19,UDP,0.0862658,0.0783,2.35131,1.676,1.5977,0.4474,0.0096,0.0004,1.1238,0.0169,1.47366,0,241.75,14.752,0.256502,30.4835,31.03,1713.06,29322.9,0,0,0,0,0,0,99.4539,0,100,1.00044,56.2209,0.0437445,0,0,0,0,0,0,0
1779698792102,96,137438953473,281900178472961,99,UDP,0.100959,0.0935,0.975875,1.2778,1.1843,1.1401,0.0148,0.0004,0.0183,0.0111,0.579631,0,245.77,14.808,0.260578,30.5138,30.0852,1786.94,30228.1,0,0,0,0,0,0,99.4893,0,0,1,58.5618,0,0,0,0,0,0,0,0
1779698792130,57,281517926383617,281711199911937,55,UDP,0.081561,0.0804,1.87887,0.4339,0.3535,0.3335,0.0059,0.0005,0.0049,0.0092,0.824366,0,391.443,14.752,0.406195,30.4849,60.7154,1747.17,47394.9,0,0,0,0,0,0,99.3498,0,100,1,57.3125,0,0,0,0,0,0,0,0
1779698792227,67,844489354641409,281745559650305,63,UDP,0.0937651,0.0786,2.8158,0.5833,0.5047,0.4875,0.0085,0.0006,0.0064,0.0023,1.13554,0,389.126,14.752,0.403878,30.4992,60.4785,1761.62,47184.7,0,0,0,0,0,0,99.3534,0,100,1.00066,57.7972,0.0656168,0,0,0,0,0,0,0
1779698792234,28,844446404968449,281590940827649,27,UDP,0.11055,0.2904,2.46093,0.7357,0.4453,0.195,0.2117,0.0033,0.0304,0.0082,2.21087,0,287.083,14.808,0.301891,30.4936,40.5058,1720.51,35943.2,0,0,0,0,0,0,99.4261,0,100,1.00141,56.5014,0.140713,0,0,0,0,0,0,0
1779698792359,77,563005787996161,322122547201,75,UDP,0.0888931,0.1038,1.98038,0.3537,0.2499,0.2149,0.016,0.0005,0.0061,0.0129,0.95245,0,342.067,14.752,0.356819,30.4887,37.7776,1776.93,40226.7,0,0,0,0,0,0,99.5194,0,100,1,58.2813,0,0,0,0,0,0,0,0
1779698792373,38,73014444033,281633890500609,37,UDP,0.0817587,0.091,2.07472,0.3632,0.2722,0.2016,0.0563,0.0007,0.0115,0.0028,1.1627,0,304.414,14.8496,0.319264,30.4976,39.31,1729.44,38158.2,0,0,0,0,0,0,99.4696,0,100,1.00303,56.8796,0.30349,0,0,0,0,0,0,0
1779698792491,87,281573760958465,281865818734593,91,UDP,0.0843989,0.0696,1.23179,0.1208,0.0512,0.0329,0.0097,0.0004,0.0054,0.0032,1.34863,0,262.163,14.808,0.276971,30.5,30.05,1794.3,32485.3,0,0,0,0,0,0,99.5304,0,0,1.00082,58.8778,0.0820345,0,0,0,0,0,0,0
1779698792498,48,562980018192385,281676840173569,47,UDP,0.101438,0.0724,2.3734,2.4799,2.4075,0.4178,0.0039,0.0002,1.947,0.0388,2.04177,0,306.206,14.808,0.321014,30.4948,37.3602,1738.73,37983.6,0,0,0,0,0,0,99.4924,0,100,1.00164,57.1111,0.164204,0,0,0,0,0,0,0
1779698792498,9,844442110001153,281513631416321,9,UDP,0.103427,0.0872,2.81091,3.2338,3.1466,0.0475,0.0067,0.0002,3.0818,0.0106,1.01424,0,162.48,14.808,0.177288,30.5013,31.0886,1708.96,20485.8,0,0,0,0,0,0,99.2091,0,100,1.00164,56.1211,0.164136,0,0,0,0,0,0,0
1779698792616,97,844510829477889,408021893121,95,UDP,0.0885855,0.1207,1.24093,0.7394,0.6187,0.531,0.0183,0.0013,0.0179,0.0515,1.91741,0,209.827,14.752,0.224579,30.4853,30.0853,1786.63,25874.5,0,0,0,0,0,0,99.4034,0,0,1,58.6064,0,0,0,0,0,0,0,0
1779698792623,19,34359738369,281556581089281,19,UDP,0.0898151,0.0445,2.30427,1.2604,1.2159,0.2611,0.0071,0.0002,0.9427,0.005,0.806123,0,202.88,14.7616,0.217642,30.4935,31.0266,1714.96,24862.2,0,0,0,0,0,0,99.3489,0,100,1.00175,56.3389,0.175131,0,0,0,0,0,0,0
1779698792630,58,103079215105,261993005057,61,UDP,0.0855897,0.0535,2.80985,7.9591,7.9056,0.7063,0.0015,0.0003,7.1901,0.0077,2.2397,0,306.621,14.752,0.321373,30.4898,34.9987,1750.1,37672.7,0,0,0,0,0,0,99.5257,0,100,1.0006,57.4338,0.0596659,0,0,0,0,0,0,0
1779698792748,68,562984313159681,281754149584897,65,UDP,0.0903987,0.1239,2.44575,0.7155,0.5916,0.5461,0.0162,0.0007,0.0169,0.0124,1.28229,0,306.462,14.752,0.321214,30.4928,32.2124,1763.4,37135.3,0,0,0,0,0,0,99.5517,0,100,1.00066,57.8681,0.0656168,0,0,0,0,0,0,0
1779698792769,29,844450699935745,133143986177,31,UDP,0.0757805,0.0832,2.39283,1.2462,1.163,1.1272,0.0092,0.0003,0.0052,0.0214,2.60149,0,238.229,14.8176,0.253046,30.5002,30.9429,1722.49,29292.7,0,0,0,0,0,0,99.4526,0,100,1.00282,56.6338,0.28169,0,0,0,0,0,0,0
1779698792866,78,281565171023873,281822869061633,81,UDP,0.077072,0.0874,3.33903,1.5653,1.4779,1.456,0.0105,0.0006,0.0078,0.0036,0.657092,0,271.715,14.752,0.286467,30.4875,30.132,1779.56,32833.5,0,0,0,0,0,0,99.5403,0,100,1,58.3703,0,0,0,0,0,0,0,0
1779698792880,39,562975723225089,176093659137,41,UDP,0.0810448,0.085,2.60811,1.2266,1.1416,0.1826,0.0061,0.0003,0.9428,0.0101,0.885276,0,246.818,14.7616,0.261579,30.502,30.8865,1731.26,30413.4,0,0,0,0,0,0,99.4663,0,100,1.00152,56.8449,0.151515,0,0,0,0,0,0,0
1779698793005,88,128849018881,365072220161,85,UDP,0.0782057,0.0808,1.53662,1.2811,1.2003,1.1542,0.0086,0.0003,0.0077,0.0298,1.0894,0,217.443,14.808,0.232251,30.4994,30.0494,1794.67,27129.2,0,0,0,0,0,0,99.4377,0,0,1,58.8426,0,0,0,0,0,0,0,0
1779698793019,49,844472174772225,219043332097,51,UDP,0.0750141,0.0717,2.90642,0.8552,0.7835,0.7413,0.0347,0.0004,0.0048,0.0027,1.49763,0,247.688,14.8176,0.262506,30.5094,30.726,1741.33,30437.3,0,0,0,0,0,0,99.4809,0,100,1.00164,57.169,0.164114,0,0,0,0,0,0,0
1779698793019,10,562954248388609,281522221350913,11,UDP,0.0702375,0.0483,3.09291,1.3258,1.2775,0.1017,0.9207,0.0003,0.2484,0.0067,1.36753,0,185.888,14.808,0.200696,30.5005,31.1002,1709.99,23334.4,0,0,0,0,0,0,99.2983,0,100,1.00123,56.1333,0.123052,0,0,0,0,0,0,0
1779698793130,98,281586645860353,416611827713,97,UDP,0.0894137,0.0778,1.24002,0.4118,0.334,0.3172,0.0084,0.0002,0.0053,0.0031,0.925636,0,172.963,14.752,0.187715,30.4854,30.1139,1786.64,21514.5,0,0,0,0,0,0,99.2818,0,0,1,58.6064,0,0,0,0,0,0,0,0
1779698793130,20,562962838323201,90194313217,21,UDP,0.0893969,0.0647,2.41729,2.137,2.0723,1.0418,0.0016,0.0001,1.0175,0.0114,0.850257,0,218.928,14.752,0.23368,30.4864,30.9929,1716.21,26718.9,0,0,0,0,0,0,99.3995,0,100,1.00351,56.4919,0.351031,0,0,0,0,0,0,0
1779698793144,59,281522221350913,281719789846529,57,UDP,0.0731617,0.0689,3.37284,3.6072,3.5383,0.9979,0.0084,0.0002,2.4733,0.0587,2.23378,0,247.227,14.7616,0.261989,30.4901,30.581,1751.97,30374,0,0,0,0,0,0,99.4849,0,100,1.00179,57.5633,0.179211,0,0,0,0,0,0,0
1779698793262,30,60129542145,141733920769,33,UDP,0.0912418,0.0589,2.31612,1.3679,1.309,1.2342,0.012,0.0005,0.0534,0.0094,2.61051,0,237.386,14.808,0.252194,30.5077,30.8934,1724.63,29465.4,0,0,0,0,0,0,99.4612,0,100,1.00329,56.7168,0.328793,0,0,0,0,0,0,0
1779698793262,69,281552286121985,281762739519489,67,UDP,0.0964915,0.0735,1.54983,1.3604,1.2869,0.3063,0.01,0.0007,0.957,0.0136,1.22005,0,246.766,14.8176,0.261584,30.4994,30.4394,1765.94,30280.6,0,0,0,0,0,0,99.4888,0,100,1.00131,57.977,0.13132,0,0,0,0,0,0,0
1779698793283,0,844424930131969,281479271677953,1,UDP,0.0724305,0.0761,1.76306,0.5475,0.4714,0.4425,0.0118,0.0003,0.0078,0.0093,1.52059,0,479.402,20.608,0.50001,30.4974,43.6585,2055.98,30870.5,0,0,0,0,0,0,99.2625,0,100,1.00426,67.7022,0.426026,0,0,0,0,0,0,0
1779698793373,1,1,4294967297,1,UDP,0.0710919,0.0762,2.86707,3.219,3.1428,0.7015,0.0016,0.0003,2.4304,0.0093,1.97748,0,186.915,14.752,0.201667,30.4982,31.1215,1705.84,23372.4,0,0,0,0,0,0,99.3114,0,100,1.00271,56.0839,0.270688,0,0,0,0,0,0,0
1779698793387,79,844493649608705,330712481793,77,UDP,0.0866595,0.114,2.47738,0.7012,0.5872,0.5438,0.0192,0.0013,0.0137,0.0105,1.13055,0,210.637,14.7616,0.225398,30.488,30.1547,1782.13,26195,0,0,0,0,0,0,99.4158,0,100,1,58.4534,0,0,0,0,0,0,0,0
1779698793394,40,77309411329,281642480435201,39,UDP,0.0683777,0.063,2.82446,3.6675,3.6045,1.6506,0.03,0.0001,1.9223,0.0016,1.36288,0,271.477,14.752,0.286229,30.4871,30.8408,1732.22,33741,0,0,0,0,0,0,99.526,0,100,1.00101,56.8758,0.10101,0,0,0,0,0,0,0
1779698793519,11,562958543355905,281530811285505,13,UDP,0.067362,0.0627,3.52482,2.5255,2.4628,0.0254,1.5468,0.0001,0.8839,0.0067,0.918478,0,229.362,14.808,0.24417,30.5055,31.1929,1712.37,27785.5,0,0,0,0,0,0,99.4005,0,100,1.00246,56.2715,0.246407,0,0,0,0,0,0,0
1779698793519,89,844506534510593,373662154753,87,UDP,0.082753,0.0985,1.33937,1.2799,1.1814,1.099,0.0358,0.0002,0.0048,0.0418,1.8819,0,171.914,14.752,0.186666,30.4997,30.0247,1794.68,21536.4,0,0,0,0,0,0,99.2976,0,0,1,58.8426,0,0,0,0,0,0,0,0
1779698793533,50,844476469739521,281685430108161,49,UDP,0.0803081,0.0967,1.88716,0.3524,0.2557,0.2328,0.0103,0.0006,0.008,0.0046,1.72503,0,246.026,14.808,0.260834,30.4973,30.714,1742.51,30462.8,0,0,0,0,0,0,99.4817,0,100,1.00109,57.1991,0.109409,0,0,0,0,0,0,0
1779698793637,60,281526516318209,270582939649,63,UDP,0.0870333,0.0974,1.80714,3.6689,3.5715,0.5307,0.0079,0.0003,3.0236,0.0093,1.09764,0,246.154,14.752,0.260906,30.4895,30.5441,1754.01,30365.6,0,0,0,0,0,0,99.4882,0,100,1.00239,57.6659,0.239091,0,0,0,0,0,0,0
1779698793644,99,844515124445185,281908768407553,101,UDP,0.102699,0.0897,1.94686,1.1829,1.0932,0.8273,0.0073,0.0006,0.0111,0.2475,0.630774,0,137.149,14.752,0.151901,30.4856,30.057,1787.79,17106.2,0,0,0,0,0,0,99.1061,0,0,1,58.6439,0,0,0,0,0,0,0,0
1779698793651,21,38654705665,98784247809,23,UDP,0.0730456,0.0794,1.82834,1.2747,1.1953,1.1681,0.0095,0.0004,0.0049,0.0128,0.920275,0,257.046,14.752,0.271798,30.4944,30.9876,1718.3,31606.9,0,0,0,0,0,0,99.4961,0,100,1.00175,56.4466,0.175131,0,0,0,0,0,0,0
1779698793762,31,281492156579841,281599530762241,29,UDP,0.0815444,0.1408,2.37604,3.001,2.8602,0.9303,0.0249,0.0022,1.8903,0.0147,0.895516,0,299.602,14.8672,0.314469,30.5082,41.506,1726.03,38311.5,0,0,0,0,0,0,99.4384,0,100,1.00235,56.7086,0.234632,0,0,0,0,0,0,0
1779698793776,70,562988608126977,313532612609,73,UDP,0.0843809,0.0543,3.31573,2.3473,2.293,0.0247,1.5547,0.0005,0.7085,0.0051,0.91969,0,246.68,14.7696,0.26145,30.4983,30.4583,1767.72,30226.8,0,0,0,0,0,0,99.4727,0,100,1.00066,57.9993,0.0656168,0,0,0,0,0,0,0
1779698793901,80,115964116993,339302416385,79,UDP,0.0958299,0.0914,1.37562,4.12,4.0286,0.0557,0.0088,0.0004,3.9568,0.0073,1.59173,0,211.005,14.6624,0.225667,30.4883,30.0883,1783.34,26070.5,0,0,0,0,0,0,99.4187,0,100,1,58.4927,0,0,0,0,0,0,0,0
1779698793901,2,844429225099265,281487861612545,3,UDP,0.0756373,0.0607,2.54131,0.2036,0.1429,0.125,0.0073,0.0002,0.0032,0.0074,2.06295,0,221.915,14.6624,0.236578,30.4933,31.1283,1706.53,27721,0,0,0,0,0,0,99.4156,0,100,1.00348,56.1591,0.348297,0,0,0,0,0,0,0
1779698793915,41,81604378625,184683593729,43,UDP,0.11378,0.0956,1.9085,0.1991,0.1035,0.078,0.0082,0.0004,0.0069,0.0104,1.12693,0,298.859,14.6496,0.313509,30.4966,39.7087,1733.79,38121.9,0,0,0,0,0,0,99.4714,0,100,1.00253,56.9954,0.252781,0,0,0,0,0,0,0
1779698794026,90,281578055925761,382252089345,89,UDP,0.0807392,0.0977,1.38301,0.1409,0.0432,0.012,0.0099,0.0004,0.0112,0.0101,0.95685,0,177.469,14.6672,0.192136,30.5,30.05,1792.5,21584.7,0,0,0,0,0,0,99.2933,0,0,1.00082,58.8187,0.0820345,0,0,0,0,0,0,0
1779698794026,51,281509336449025,227633266689,53,UDP,0.0799416,0.0754,2.33402,4.1822,4.1068,1.5251,0.0075,0.0004,2.5602,0.014,1.75758,0,298.987,14.68,0.313667,30.4995,37.8493,1743.37,37856.4,0,0,0,0,0,0,99.4864,0,100,1,57.1607,0,0,0,0,0,0,0,0
1779698794026,12,12884901889,47244640257,11,UDP,0.0909273,0.0978,2.10211,0.4261,0.3283,0.2911,0.0175,0.0004,0.01,0.0097,1.31234,0,278.139,14.6896,0.292829,30.5063,31.0812,1712.07,34257.1,0,0,0,0,0,0,99.5272,0,98.7179,1.00329,56.3062,0.328812,0,0,0,0,0,0,0
1779698794158,100,141733920769,281917358342145,103,UDP,0.100199,0.0813,1.34436,1.0767,0.9954,0.9667,0.0116,0.0006,0.0068,0.0103,0.727156,0,141.859,14.56,0.156419,30.4857,30.0286,1788.03,17049.7,0,0,0,0,0,0,99.104,0,0,1,58.6514,0,0,0,0,0,0,0,0
1779698794165,61,281530811285505,279172874241,65,UDP,0.103096,0.235,2.30484,0.9034,0.6684,0.544,0.0126,0.002,0.025,0.0868,2.12793,0,298.962,14.56,0.313522,30.5009,35.5541,1754.73,37443.1,0,0,0,0,0,0,99.5091,0,100,1.00239,57.6679,0.238949,0,0,0,0,0,0,0
1779698794165,22,42949672961,107374182401,25,UDP,0.0906133,0.0845,2.09327,1.6928,1.6083,0.6193,0.0099,0.0002,0.9751,0.004,0.751554,0,321.102,14.5696,0.335672,30.4959,44.8775,1718.41,40399.2,0,0,0,0,0,0,99.4279,0,100,1.00175,56.4475,0.175131,0,0,0,0,0,0,0
1779698794276,32,844454994903041,150323855361,35,UDP,0.0851705,0.0729,2.22376,0.7014,0.6285,0.0826,0.0099,0.0013,0.5319,0.0041,1.72927,0,398.883,14.5872,0.41347,30.4957,60.9772,1725.46,48493.1,0,0,0,0,0,0,99.357,0,100,1.00329,56.7664,0.328947,0,0,0,0,0,0,0
1779698794290,71,562992903094273,281771329454081,69,UDP,0.0797627,0.0843,1.92794,0.5489,0.4646,0.3565,0.0022,0.0002,0.0965,0.0094,1.40178,0,291.358,14.5776,0.305936,30.4985,32.7184,1767.62,36133.1,0,0,0,0,0,0,99.5379,0,100,1.00131,58.0335,0.13132,0,0,0,0,0,0,0
1779698794401,3,4294967297,12884901889,3,UDP,0.0786854,0.0677,2.567,0.3939,0.3262,0.3062,0.0079,0.0002,0.0064,0.0057,1.6872,0,256.125,14.4704,0.270595,30.4989,31.1458,1706.84,32084.2,0,0,0,0,0,0,99.4946,0,100,1.00271,56.1156,0.270688,0,0,0,0,0,0,0
1779698794408,81,563010082963457,281831458996225,83,UDP,0.0820031,0.1009,2.07884,1.2594,1.1585,0.1525,0.0058,0.0003,0.9903,0.0099,1.82625,0,246.512,14.4704,0.260982,30.4883,30.0661,1783.08,30473.9,0,0,0,0,0,0,99.4966,0,0,1,58.484,0,0,0,0,0,0,0,0
1779698794435,42,844463584837633,281651070369793,41,UDP,0.0539505,0.0574,2.49169,3.3852,3.3278,1.1434,0.0669,0.0001,2.1061,0.0114,1.10397,0,389.381,14.4672,0.403848,30.4871,60.8358,1732.97,47454,0,0,0,0,0,0,99.3499,0,100,1.00202,56.9575,0.202224,0,0,0,0,0,0,0
1779698794540,52,94489280513,236223201281,55,UDP,0.0830476,0.0784,2.01919,2.5849,2.5065,1.4462,0.0597,0.0001,0.9926,0.008,0.85471,0,417.656,14.4848,0.432141,30.4981,60.6795,1743.29,50679.1,0,0,0,0,0,0,99.3957,0,100,1.00384,57.3801,0.383982,0,0,0,0,0,0,0
1779698794540,13,281479271677953,55834574849,13,UDP,0.0715808,0.057,2.16088,1.1764,1.1194,1.0193,0.0096,0.0004,0.0045,0.086,0.962092,0,333.603,14.4848,0.348088,30.495,46.2424,1712.22,41578.7,0,0,0,0,0,0,99.4322,0,100,1.00288,56.3091,0.287711,0,0,0,0,0,0,0
1779698794547,91,563014377930753,281874408669185,93,UDP,0.0880033,0.0917,1.88214,0.6182,0.5265,0.0627,0.2934,0.0003,0.1593,0.0111,1.41072,0,203.522,14.4752,0.217997,30.4989,30.0739,1789.43,24997.7,0,0,0,0,0,0,99.3847,0,0,1,58.6721,0,0,0,0,0,0,0,0
1779698794665,62,281535106252801,287762808833,67,UDP,0.0735682,0.066,1.69703,1.2675,1.2015,0.1968,0.0135,0.0002,0.983,0.0082,1.1769,0,387.384,14.3776,0.401762,30.4899,60.598,1753.92,47027.9,0,0,0,0,0,0,99.3465,0,100,1.00179,57.6278,0.179211,0,0,0,0,0,0,0
1779698794665,23,281487861612545,281565171023873,21,UDP,0.0661317,0.1175,2.83747,3.1048,2.9873,1.0195,0.0209,0.0001,1.8633,0.0836,0.714528,0,401.773,14.368,0.416141,30.49,61.0734,1718.28,49121.7,0,0,0,0,0,0,99.3633,0,100,1.00395,56.5781,0.395083,0,0,0,0,0,0,0
1779698794790,72,281556581089281,281779919388673,71,UDP,0.0904222,0.1847,1.97775,1.5903,1.4056,0.0856,0.0086,0.0001,1.0671,0.2443,1.02521,0,367.336,14.3824,0.381718,30.4989,60.3578,1767.64,44768.8,0,0,0,0,0,0,99.3184,0,100,1,57.9574,0,0,0,0,0,0,0,0
1779698794790,33,844459289870337,281608120696833,31,UDP,0.0764603,0.0535,1.99582,0.9693,0.9158,0.7981,0.1011,0.0008,0.0072,0.0094,1.66021,0,463.981,14.3728,0.478354,30.5092,60.9471,1725.32,56352.9,0,0,0,0,0,0,99.4492,0,98.2456,1.00188,56.6567,0.187617,0,0,0,0,0,0,0
1779698794922,82,844497944576001,347892350977,81,UDP,0.080908,0.0587,2.32935,1.867,1.8083,0.6146,0.0072,0.0003,1.1765,0.01,3.42696,0,281.067,14.2784,0.295346,30.4886,30.2663,1783.09,34828.8,0,0,0,0,0,0,99.5538,0,0,1.00073,58.5266,0.0729395,0,0,0,0,0,0,0
1779698794929,4,562949953421313,281496451547137,5,UDP,0.0815494,0.094,2.2285,0.6505,0.5565,0.5374,0.01,0.0004,0.0043,0.0048,1.05789,0,250.734,14.2752,0.26501,30.4937,31.2816,1707.33,32593.2,0,0,0,0,0,0,99.4965,0,100,1.00309,56.1629,0.309478,0,0,0,0,0,0,0
1779698794936,43,844467879804929,281659660304385,43,UDP,0.0858805,0.1131,1.45832,0.6462,0.5331,0.487,0.0113,0.0004,0.009,0.0258,0.526761,0,445.485,14.2784,0.459763,30.4912,60.8593,1733.26,54158.4,0,0,0,0,0,0,99.4288,0,100,1.00152,56.9308,0.151592,0,0,0,0,0,0,0
1779698795054,53,281513631416321,244813135873,57,UDP,0.0823509,0.078,1.71273,1.4075,1.3295,0.1188,0.0099,0.0002,1.1907,0.0101,0.881903,0,456.202,14.2832,0.470485,30.498,60.7461,1743.19,55458.5,0,0,0,0,0,0,99.4458,0,100,1.00164,57.2512,0.164204,0,0,0,0,0,0,0
1779698795054,14,17179869185,64424509441,15,UDP,0.061444,0.0525,2.6865,3.4184,3.3659,1.3625,0.013,0.0002,1.9798,0.0106,1.14808,0,345.456,14.2896,0.359746,30.5032,54.9957,1713.24,44041.1,0,0,0,0,0,0,99.3628,0,100,1.00123,56.235,0.123052,0,0,0,0,0,0,0
1779698795054,92,563018672898049,281882998603777,95,UDP,0.098481,0.0858,1.16337,0.8175,0.7317,0.71,0.006,0.0008,0.0058,0.0099,1.09946,0,227.594,14.2704,0.241864,30.4997,30.0997,1786.28,28125,0,0,0,0,0,0,99.4485,0,0,1,58.5672,0,0,0,0,0,0,0,0
1779698795179,63,281539401220097,296352743425,69,UDP,0.0855792,0.0478,1.52084,0.1673,0.1195,0.0194,0.0074,0.0005,0.0872,0.0055,1.97234,0,441.722,14.232,0.455954,30.5082,60.6164,1755.15,53641.1,0,0,0,0,0,0,99.4282,0,100,1.00119,57.599,0.119332,0,0,0,0,0,0,0
1779698795213,24,47244640257,281573760958465,23,UDP,0.0781562,0.0485,2.00659,1.2663,1.2178,0.1247,1.0771,0.0005,0.0108,0.0052,0.881374,0,420.952,14.1632,0.435115,30.4824,61.0315,1717.85,51918.4,0,0,0,0,0,0,99.4004,0,100,1.00307,56.5285,0.307018,0,0,0,0,0,0,0
1779698795304,73,562997198061569,281788509323265,73,UDP,0.08267,0.0708,2.95765,1.7142,1.6434,0.0128,0.8456,0.0004,0.7789,0.0061,0.955886,0,416.451,14.1808,0.430632,30.4991,60.3182,1767.53,50488.6,0,0,0,0,0,0,99.3979,0,100,1.00131,58.0295,0.13132,0,0,0,0,0,0,0
1779698795318,34,64424509441,281616710631425,33,UDP,0.0837596,0.0746,1.7458,0.1809,0.1063,0.0668,0.0162,0.0005,0.0131,0.0102,1.403,0,443.539,14.168,0.457707,30.5039,60.9078,1725.7,54180.8,0,0,0,0,0,0,99.4288,0,100,1.00094,56.6261,0.0937207,0,0,0,0,0,0,0
1779698795436,83,844502239543297,281840048930817,85,UDP,0.0838345,0.0963,1.27317,0.7206,0.6243,0.5812,0.0127,0.0006,0.0092,0.0212,0.522652,0,315.499,14.0736,0.329573,30.4886,31.7775,1783.09,39357.3,0,0,0,0,0,0,99.5911,0,0,1.00073,58.5266,0.0729395,0,0,0,0,0,0,0
1779698795443,44,85899345921,193273528321,45,UDP,0.0824589,0.0754,2.41918,3.6777,3.6023,0.5867,0.0108,0.0003,2.9908,0.014,1.91006,0,480.928,14.0736,0.495002,30.4874,60.8363,1733.32,59022.2,0,0,0,0,0,0,99.4749,0,100,1.00101,56.9111,0.10101,0,0,0,0,0,0,0
1779698795456,5,844433520066561,281505041481729,7,UDP,0.159951,0.0756,2.88281,1.7901,1.7145,0.7595,0.0061,0.0003,0.9457,0.0032,1.14101,0,257.173,14.0704,0.271243,30.4931,31.1399,1706.59,32705.7,0,0,0,0,0,0,99.5044,0,100,1.00193,56.0746,0.193199,0,0,0,0,0,0,0
1779698795568,93,133143986177,281891588538369,97,UDP,0.0943664,0.0978,1.3155,0.1437,0.0459,0.0041,0.0083,0.0003,0.005,0.0285,0.975126,0,253.181,14.0224,0.267203,30.4999,30.0499,1783.3,31500.5,0,0,0,0,0,0,99.5157,0,0,1.00082,58.5168,0.0820345,0,0,0,0,0,0,0
1779698795568,54,844480764706817,281694020042753,51,UDP,0.0820642,0.0952,1.52331,1.1351,1.0399,0.9874,0.0159,0.0014,0.017,0.0196,0.876288,0,444.09,14.0784,0.458168,30.5144,60.7455,1743.95,54136.2,0,0,0,0,0,0,99.4322,0,100,1.00109,57.2143,0.109349,0,0,0,0,0,0,0
1779698795568,15,21474836481,281539401220097,15,UDP,0.0803362,0.0577,2.45861,2.6041,2.5464,0.8474,0.0111,0.0003,1.6832,0.0047,1.10822,0,327.31,14.0784,0.341389,30.5015,44.4965,1712.1,39993.6,0,0,0,0,0,0,99.4275,0,100,1.00205,56.2467,0.205255,0,0,0,0,0,0,0
1779698795693,64,281543696187393,304942678017,71,UDP,0.0756144,0.0599,1.38064,2.159,2.0991,0.1625,0.0058,0.0002,1.8654,0.0654,1.03042,0,442.528,13.984,0.456512,30.4903,60.5625,1754.09,53695,0,0,0,0,0,0,99.4326,0,100,1.00119,57.5982,0.119403,0,0,0,0,0,0,0
1779698795693,25,51539607553,115964116993,27,UDP,0.0859681,0.0783,1.75365,1.6804,1.6021,1.5404,0.0076,0.0003,0.0261,0.028,1.08266,0,420.717,13.9712,0.434688,30.4876,60.9485,1717.74,51454.9,0,0,0,0,0,0,99.3996,0,100,1.00175,56.4411,0.175208,0,0,0,0,0,0,0
1779698795818,74,563001493028865,281797099257857,75,UDP,0.0932208,0.0842,2.34235,1.493,1.4088,0.5387,0.0067,0.0002,0.8594,0.004,1.04846,0,408.416,13.9888,0.422405,30.4997,60.3195,1767.44,49619.2,0,0,0,0,0,0,99.3873,0,100,1.00131,58.0256,0.13132,0,0,0,0,0,0,0
1779698795832,35,68719476737,158913789953,37,UDP,0.0776583,0.0616,1.95301,0.8214,0.7598,0.0719,0.6797,0.0001,0.0035,0.0047,0.818263,0,462.291,13.976,0.476267,30.4897,60.9222,1724.94,57655.6,0,0,0,0,0,0,99.4609,0,100,1.00094,56.6278,0.0937646,0,0,0,0,0,0,0
1779698795950,84,120259084289,281848638865409,87,UDP,0.0887652,0.0976,1.56105,0.7223,0.6247,0.5931,0.0089,0.0005,0.011,0.0117,1.28921,0,305.182,13.9072,0.31909,30.4886,30.9331,1783.45,38274.9,0,0,0,0,0,0,99.5959,0,0,1.00073,58.5383,0.0729395,0,0,0,0,0,0,0
1779698795957,6,8589934593,21474836481,5,UDP,0.0710267,0.07,2.03734,1.2295,1.1595,0.0808,0.0079,0.0003,1.0647,0.0061,0.834734,0,252.347,13.9168,0.266264,30.4939,31.1172,1706.71,30579.9,0,0,0,0,0,0,99.4687,0,100,1.00232,56.0986,0.231929,0,0,0,0,0,0,0
1779698795977,45,90194313217,201863462913,47,UDP,0.0952641,0.0771,2.22691,0.629,0.5519,0.4638,0.0099,0.0004,0.0741,0.0041,1.50013,0,471.789,13.9072,0.485696,30.5008,60.7402,1733.75,57609.4,0,0,0,0,0,0,99.468,0,100,1.00202,56.9576,0.202122,0,0,0,0,0,0,0
1779698796075,94,281582350893057,390842023937,91,UDP,0.0673961,0.0727,1.24068,0.5176,0.4449,0.4131,0.0115,0.0004,0.009,0.0113,1.01499,0,242.979,13.9632,0.256942,30.4989,30.0739,1781.43,30228.1,0,0,0,0,0,0,99.4911,0,0,1,58.4098,0,0,0,0,0,0,0,0
1779698796082,16,25769803777,73014444033,17,UDP,0.0870299,0.0821,2.0314,2.4871,2.405,0.4661,0.006,0.0001,1.9301,0.0028,0.862966,0,316.248,13.9632,0.330211,30.5017,43.0847,1712.43,39771.4,0,0,0,0,0,0,99.4465,0,100,1.00329,56.3268,0.328812,0,0,0,0,0,0,0
1779698796103,55,98784247809,281702609977345,53,UDP,0.097091,0.1211,1.9007,0.6241,0.503,0.4679,0.0117,0.0006,0.011,0.0124,0.906373,0,443.194,13.9632,0.457157,30.4951,60.7402,1743.85,54211.8,0,0,0,0,0,0,99.429,0,100,1.00274,57.3414,0.273973,0,0,0,0,0,0,0
1779698796200,65,281547991154689,281728379781121,59,UDP,0.0788472,0.0859,3.33935,1.4374,1.3515,1.3187,0.0083,0.0003,0.0056,0.0189,1.13816,0,442.835,13.9632,0.456798,30.5079,60.5794,1755.79,53796.1,0,0,0,0,0,0,99.4275,0,100,1.00119,57.6205,0.119332,0,0,0,0,0,0,0
1779698796207,26,55834574849,124554051585,29,UDP,0.0674631,0.0793,1.83966,2.21,2.1307,0.1768,0.0125,0.0004,1.8545,0.0869,0.684642,0,409.274,13.9072,0.423181,30.488,60.9093,1718.83,50663,0,0,0,0,0,0,99.3906,0,100,1.00263,56.5256,0.263043,0,0,0,0,0,0,0
1779698796332,75,281560876056577,281805689192449,77,UDP,0.0656456,0.0439,2.27347,0.454,0.4101,0.0572,0.3235,0,0.0224,0.007,1.60342,0,405.79,13.9728,0.419763,30.4993,60.3187,1769.54,49659.8,0,0,0,0,0,0,99.388,0,100,1.00131,58.0952,0.13132,0,0,0,0,0,0,0
1779698796346,36,281496451547137,167503724545,39,UDP,0.0801551,0.0707,2.15677,0.1524,0.0817,0.0597,0.0058,0.0003,0.0065,0.0097,1.29669,0,442.886,13.9632,0.45685,30.4895,60.8933,1726.28,54194.6,0,0,0,0,0,0,99.4257,0,100,1.00235,56.7516,0.234742,0,0,0,0,0,0,0
1779698796464,85,281569465991169,281857228800001,89,UDP,0.0924328,0.102,0.974792,0.443,0.341,0.3156,0.0143,0.0008,0.0069,0.0042,0.844077,0,304.312,13.9632,0.318275,30.5103,30.7991,1787.04,38221.8,0,0,0,0,0,0,99.5918,0,0,1.00073,58.6144,0.0728863,0,0,0,0,0,0,0
1779698796471,46,281500746514433,210453397505,49,UDP,0.0832056,0.1063,2.0694,3.4505,3.3442,0.2556,0.0019,0.0002,3.0425,0.0442,1.5793,0,451.974,13.9072,0.465882,30.4869,60.743,1735.05,55619.2,0,0,0,0,0,0,99.4464,0,100,1,56.9112,0,0,0,0,0,0,0,0
1779698796485,7,844437815033857,30064771073,7,UDP,0.0883459,0.1441,2.12425,3.7616,3.6175,0.0831,0.4352,0.0003,3.0892,0.01,1.49265,0,225.966,13.9168,0.239883,30.4903,31.09,1707.75,27808.3,0,0,0,0,0,0,99.4182,0,100,1.00426,56.2483,0.426026,0,0,0,0,0,0,0
1779698796582,95,563022967865345,399431958529,93,UDP,0.0974343,0.1273,1.10967,0.4918,0.3645,0.3395,0.0128,0.001,0.009,0.0032,0.717978,0,242.672,13.9072,0.256579,30.4994,30.0994,1781.47,30225.1,0,0,0,0,0,0,99.4869,0,0,1.00082,58.4578,0.0820345,0,0,0,0,0,0,0
1779698796596,56,844485059674113,253403070465,59,UDP,0.083732,0.0774,2.08694,0.1172,0.0398,0.0224,0.0077,0.0004,0.0041,0.0056,1.87362,0,444.49,13.9728,0.458462,30.5153,60.714,1746.14,54064.9,0,0,0,0,0,0,99.4277,0,97.2973,1.00164,57.3156,0.164114,0,0,0,0,0,0,0
1779698796596,17,281483566645249,281547991154689,17,UDP,0.0714803,0.0641,2.39938,3.1096,3.0455,0.1269,0.0061,0.0003,2.8026,0.1099,1.76304,0,281.118,13.9632,0.295082,30.5011,41.6844,1714.27,36276.9,0,0,0,0,0,0,99.4093,0,100,1.00246,56.3421,0.246407,0,0,0,0,0,0,0
1779698796721,66,107374182401,281736969715713,61,UDP,0.0811308,0.0746,2.14351,0.3421,0.2675,0.2367,0.0077,0.0001,0.0062,0.0169,0.875803,0,441.542,13.9632,0.455506,30.5083,60.4713,1758.18,53754.9,0,0,0,0,0,0,99.4328,0,100,1.00179,57.7325,0.179104,0,0,0,0,0,0,0
1779698796721,27,562967133290497,281582350893057,25,UDP,0.0662929,0.0645,2.37946,2.4503,2.3858,1.4156,0.0022,0.0001,0.9588,0.0092,0.820416,0,361.453,13.9072,0.37536,30.4864,59.7331,1720.26,44860.8,0,0,0,0,0,0,99.3181,0,100,1.00307,56.6004,0.307018,0,0,0,0,0,0,0
1779698796846,76,111669149697,281814279127041,79,UDP,0.0871336,0.0818,2.10856,1.6279,1.5461,1.516,0.0143,0.0008,0.013,0.0028,1.42873,0,400.875,13.9168,0.414792,30.4998,60.2197,1771.85,49571.4,0,0,0,0,0,0,99.3917,0,100,1.00066,58.1319,0.0656168,0,0,0,0,0,0,0
1779698796846,37,562971428257793,281625300566017,35,UDP,0.105648,0.0945,2.70096,1.4674,1.3729,1.1337,0.0101,0.0004,0.0039,0.2252,1.39016,0,391.2,13.8656,0.405066,30.4957,60.8629,1728.34,48340.5,0,0,0,0,0,0,99.3578,0,100,1.00282,56.8347,0.281822,0,0,0,0,0,0,0
1779698796971,8,281474976710657,38654705665,9,UDP,0.0681778,0.0624,2.34991,4.1179,4.0555,0.9219,0.01,0.0003,3.1149,0.0087,1.96803,0,191.434,13.9072,0.205341,30.4996,31.0525,1709.45,23872.2,0,0,0,0,0,0,99.3256,0,100,1.00271,56.1999,0.270688,0,0,0,0,0,0,0
1779698796978,86,124554051585,356482285569,83,UDP,0.10125,0.076,1.5092,1.2838,1.2078,1.0191,0.0107,0.0002,0.1694,0.0086,1.01895,0,302.512,13.9072,0.316419,30.4887,30.6665,1788.43,38143.2,0,0,0,0,0,0,99.59,0,0,1.00073,58.7017,0.0729395,0,0,0,0,0,0,0
1779698796985,47,281505041481729,281668250238977,45,UDP,0.0773617,0.1419,2.54903,0.3953,0.2534,0.2269,0.0111,0.0005,0.0073,0.0081,1.14499,0,385.056,13.9072,0.398963,30.4866,60.7118,1736.05,47557.9,0,0,0,0,0,0,99.3516,0,100,1.00202,57.0597,0.202224,0,0,0,0,0,0,0
1779698797103,18,30064771073,81604378625,19,UDP,0.0849736,0.0475,2.4361,3.3645,3.317,0.0408,0.5429,0.0003,2.7275,0.0058,1.44054,0,243.938,13.9728,0.25791,30.4907,30.978,1715.15,29395.8,0,0,0,0,0,0,99.4571,0,100,1.00041,56.2747,0.0410004,0,0,0,0,0,0,0
1779698797103,96,137438953473,281900178472961,99,UDP,0.0941656,0.0758,1.05066,1.4265,1.3507,0.4538,0.0071,0.0001,0.8705,0.0193,0.421493,0,240.662,13.9072,0.25457,30.4993,30.0743,1780.86,30209.7,0,0,0,0,0,0,99.4908,0,0,1,58.3902,0,0,0,0,0,0,0,0
1779698797130,57,281517926383617,281711199911937,55,UDP,0.0867955,0.1217,1.58542,1.2171,1.0954,1.0704,0.0098,0.0004,0.0059,0.0093,0.966916,0,385.632,13.9504,0.399582,30.4945,60.6558,1746.89,47462.4,0,0,0,0,0,0,99.3522,0,100,1,57.2852,0,0,0,0,0,0,0,0
1779698797228,67,844489354641409,281745559650305,63,UDP,0.102744,0.0961,2.3625,1.4496,1.3535,1.3207,0.0151,0.0006,0.0076,0.0101,0.752149,0,386.182,13.9632,0.400146,30.5086,60.4353,1760.15,47283.9,0,0,0,0,0,0,99.3557,0,100,1.00119,57.7625,0.119332,0,0,0,0,0,0,0
1779698797235,28,844446404968449,281590940827649,27,UDP,0.103743,0.0725,1.97137,0.5467,0.4742,0.4406,0.0111,0.0006,0.0068,0.0157,1.44272,0,287.53,13.9168,0.301446,30.4874,39.8322,1721.78,35943.1,0,0,0,0,0,0,99.4361,0,100,1.00131,56.5495,0.131349,0,0,0,0,0,0,0
1779698797360,77,563005787996161,322122547201,75,UDP,0.08976,0.0941,1.89387,1.6314,1.5373,1.5058,0.0076,0.0003,0.005,0.0189,0.851231,0,313.667,13.9728,0.32764,30.4995,37.0394,1773.87,40124.4,0,0,0,0,0,0,99.5284,0,100,1,58.1607,0,0,0,0,0,0,0,0
1779698797374,38,73014444033,281633890500609,37,UDP,0.0823042,0.0699,1.90264,1.3369,1.267,0.2355,0.004,0.0001,0.9755,0.052,1.12627,0,302.928,13.9728,0.316901,30.505,38.674,1730.68,38137.5,0,0,0,0,0,0,99.4787,0,100,1.00282,56.8939,0.28169,0,0,0,0,0,0,0
1779698797492,87,281573760958465,281865818734593,91,UDP,0.0791867,0.0504,1.07862,0.4326,0.3822,0.0268,0.3457,0.0002,0.0038,0.0059,0.953613,0,263.248,13.904,0.277152,30.4887,30.0887,1788.03,32531.9,0,0,0,0,0,0,99.5311,0,100,1.00073,58.6885,0.0729395,0,0,0,0,0,0,0
1779698797499,48,562980018192385,281676840173569,47,UDP,0.0954913,0.0784,2.08129,0.6347,0.5563,0.5133,0.0093,0.0005,0.0162,0.0175,1.56041,0,302.621,13.9168,0.316538,30.4879,36.8254,1738.82,37972.1,0,0,0,0,0,0,99.5004,0,100,1.00152,57.1198,0.151592,0,0,0,0,0,0,0
1779698797499,9,844442110001153,281513631416321,9,UDP,0.0944413,0.067,2.67882,1.269,1.202,1.1667,0.014,0.0005,0.0082,0.0131,1.11929,0,167.114,13.9072,0.181021,30.4953,31.0245,1710.69,20509.4,0,0,0,0,0,0,99.2135,0,100,1.00154,56.1835,0.1545,0,0,0,0,0,0,0
1779698797610,97,844510829477889,408021893121,95,UDP,0.0879385,0.0832,1.11327,0.5653,0.4821,0.4536,0.0196,0.0006,0.006,0.0029,1.07823,0,206.627,13.9632,0.22059,30.4998,30.0748,1781.49,25868.9,0,0,0,0,0,0,99.4054,0,0,1,58.4098,0,0,0,0,0,0,0,0
1779698797624,19,34359738369,281556581089281,19,UDP,0.0775881,0.067,1.93443,1.7465,1.6795,1.1258,0.0111,0.0005,0.5357,0.0069,0.942289,0,199.477,13.9632,0.21344,30.5,30.9748,1716.86,24866.6,0,0,0,0,0,0,99.3494,0,100,1.00164,56.3828,0.164136,0,0,0,0,0,0,0
1779698797631,58,103079215105,261993005057,61,UDP,0.0827966,0.0699,2.17567,0.5466,0.4767,0.1388,0.0075,0.0003,0.3236,0.0068,2.11889,0,304.077,13.9728,0.31805,30.499,34.6489,1749.81,37700.8,0,0,0,0,0,0,99.5274,0,100,1.00055,57.404,0.0546747,0,0,0,0,0,0,0
1779698797749,68,562984313159681,281754149584897,65,UDP,0.0915788,0.0959,2.45664,2.9925,2.8966,0.923,0.0087,0.0004,1.9549,0.01,0.951437,0,303.734,13.9728,0.317707,30.502,32.0471,1761.84,37210.2,0,0,0,0,0,0,99.5561,0,100,1.0006,57.7961,0.0596303,0,0,0,0,0,0,0
1779698797763,29,844450699935745,133143986177,31,UDP,0.0774304,0.095,2.25152,0.9304,0.8354,0.5756,0.2393,0.0004,0.0059,0.0146,2.20991,0,234.646,13.9072,0.248554,30.4935,30.88,1723.55,29295.2,0,0,0,0,0,0,99.455,0,100,1.00263,56.6705,0.262927,0,0,0,0,0,0,0
1779698797867,78,281565171023873,281822869061633,81,UDP,0.0826617,0.0825,2.46678,0.3988,0.3163,0.2895,0.0104,0.0005,0.0053,0.0111,0.661093,0,260.424,13.9728,0.274397,30.4989,30.1389,1776.28,32805.6,0,0,0,0,0,0,99.5398,0,100,1,58.2407,0,0,0,0,0,0,0,0
1779698797881,39,562975723225089,176093659137,41,UDP,0.088614,0.0888,2.18793,1.2368,1.148,0.183,0.0096,0.0004,0.9467,0.0087,0.909098,0,240.01,13.9632,0.253973,30.509,30.8232,1732.27,30384,0,0,0,0,0,0,99.4687,0,100,1.00141,56.8589,0.140647,0,0,0,0,0,0,0
1779698798006,88,128849018881,365072220161,85,UDP,0.0812653,0.0718,1.52946,1.1989,1.1271,1.0966,0.0113,0.0005,0.0107,0.0085,0.88534,0,216.675,13.9072,0.230582,30.4883,30.0438,1788.41,27124.2,0,0,0,0,0,0,99.4386,0,0,1.00073,58.7017,0.0729395,0,0,0,0,0,0,0
1779698798020,49,844472174772225,219043332097,51,UDP,0.0740936,0.0646,2.46982,1.7222,1.6576,0.684,0.0091,0.0002,0.955,0.0095,1.31607,0,240.061,13.9072,0.253968,30.5011,30.6703,1741.12,30404.4,0,0,0,0,0,0,99.4824,0,100,1.00152,57.1702,0.151515,0,0,0,0,0,0,0
1779698798020,10,562954248388609,281522221350913,11,UDP,0.0712349,0.0793,2.48461,0.6568,0.5775,0.5491,0.0111,0.0003,0.0036,0.0137,1.04404,0,189.154,13.904,0.203058,30.4947,31.0474,1711.64,23352.7,0,0,0,0,0,0,99.3019,0,100,1.00116,56.1942,0.11583,0,0,0,0,0,0,0
1779698798124,98,281586645860353,416611827713,97,UDP,0.0878373,0.0945,1.50363,0.6105,0.516,0.4531,0.0092,0.0005,0.0058,0.0479,2.2916,0,172.682,13.9632,0.186645,30.4996,30.0996,1781.48,21523.3,0,0,0,0,0,0,99.2847,0,0,1,58.4098,0,0,0,0,0,0,0,0
1779698798124,20,562962838323201,90194313217,21,UDP,0.0872343,0.0862,2.10358,1.2403,1.1541,0.18,0.0075,0.0003,0.9156,0.051,0.589713,0,223.675,13.9728,0.237648,30.4934,30.9433,1718.1,26796.4,0,0,0,0,0,0,99.4033,0,100,1.00329,56.5288,0.328947,0,0,0,0,0,0,0
1779698798145,59,281522221350913,281719789846529,57,UDP,0.0761679,0.0729,2.67264,1.7162,1.6433,0.1592,0.012,0.0003,1.3111,0.161,1.55741,0,242.621,13.9632,0.256584,30.4993,30.5326,1751.42,30370.1,0,0,0,0,0,0,99.4866,0,100,1.00164,57.5194,0.164204,0,0,0,0,0,0,0
1779698798263,30,60129542145,141733920769,33,UDP,0.0885273,0.0791,2.56669,4.0111,3.932,1.5793,0.0092,0.0001,2.3322,0.0113,2.04784,0,240.942,13.9168,0.254859,30.5005,30.8471,1725.62,29508.8,0,0,0,0,0,0,99.4637,0,100,1.00307,56.7505,0.306883,0,0,0,0,0,0,0
1779698798263,69,281552286121985,281762739519489,67,UDP,0.091931,0.0362,1.90898,4.3948,4.3586,0.0604,0.6315,0.0002,3.6657,0.001,1.43102,0,242.826,13.9072,0.256733,30.49,30.3991,1763.42,30286.8,0,0,0,0,0,0,99.4903,0,100,1.00119,57.9051,0.119403,0,0,0,0,0,0,0
1779698798283,0,844424930131969,281479271677953,1,UDP,0.0751972,0.0829,1.68277,0.6224,0.5395,0.5194,0.0018,0.0005,0.0087,0.0096,1.64429,0,490.611,20.76,0.511371,30.5031,44.7882,2085.92,32562,0,0,0,0,0,0,99.2837,0,100,1.00402,68.6589,0.402194,0,0,0,0,0,0,0
1779698798381,1,1,4294967297,1,UDP,0.0683358,0.0621,2.3494,2.0688,2.0067,0.1343,0.0082,0.0001,1.8124,0.0518,1.66624,0,190.075,13.9728,0.204048,30.5034,31.0699,1708.08,23393.6,0,0,0,0,0,0,99.3143,0,100,1.00256,56.1395,0.255568,0,0,0,0,0,0,0
1779698798388,79,844493649608705,330712481793,77,UDP,0.0926344,0.0758,1.98106,0.4559,0.3801,0.3517,0.0095,0.0004,0.0068,0.0121,0.907363,0,209.835,13.9632,0.223798,30.4991,30.1591,1778.45,26198.3,0,0,0,0,0,0,99.4166,0,100,1,58.3115,0,0,0,0,0,0,0,0
1779698798395,40,77309411329,281642480435201,39,UDP,0.0725774,0.0687,2.58409,2.0225,1.9538,0.7248,0.0112,0.0005,1.2094,0.0084,1.23609,0,277.712,13.9728,0.291685,30.4951,30.8094,1733.25,33810.5,0,0,0,0,0,0,99.5286,0,100,1.00094,56.8903,0.0937646,0,0,0,0,0,0,0
1779698798513,89,844506534510593,373662154753,87,UDP,0.0852439,0.0748,1.22,0.1565,0.0817,0.0457,0.0135,0.0009,0.0106,0.0119,1.24481,0,173.091,13.9632,0.187054,30.5108,30.0219,1789.2,21547.5,0,0,0,0,0,0,99.2986,0,0,1,58.6417,0,0,0,0,0,0,0,0
1779698798520,11,562958543355905,281530811285505,13,UDP,0.06876,0.0646,3.33301,1.772,1.7074,0.1054,0.9056,0,0.6952,0.0012,1.25141,0,233.173,13.9168,0.24709,30.4993,31.1344,1713.97,27865.5,0,0,0,0,0,0,99.4054,0,100,1.00232,56.3274,0.231929,0,0,0,0,0,0,0
1779698798534,50,844476469739521,281685430108161,49,UDP,0.0770484,0.0552,1.59467,0.3871,0.3319,0.1188,0.0947,0.0004,0.1098,0.0086,1.21317,0,248.333,13.9168,0.26225,30.4905,30.6905,1742.33,30508,0,0,0,0,0,0,99.4815,0,100,1.00101,57.201,0.10101,0,0,0,0,0,0,0
1779698798638,60,281526516318209,270582939649,63,UDP,0.0838635,0.0818,1.39184,0.5142,0.4324,0.3659,0.0071,0.0004,0.0305,0.0289,0.917423,0,246.922,13.9632,0.260885,30.4989,30.4989,1753.3,30407.4,0,0,0,0,0,0,99.4904,0,100,1.00219,57.6134,0.219058,0,0,0,0,0,0,0
1779698798645,99,844515124445185,281908768407553,101,UDP,0.095244,0.0907,1.5684,0.7342,0.6435,0.5903,0.0169,0.0002,0.0043,0.032,0.423039,0,138.685,13.9632,0.152648,30.4996,30.0496,1782.48,17134.7,0,0,0,0,0,0,99.1097,0,0,1,58.4426,0,0,0,0,0,0,0,0
1779698798652,21,38654705665,98784247809,23,UDP,0.0733628,0.073,1.89731,0.6843,0.6113,0.5849,0.01,0.0005,0.0068,0.0096,1.56907,0,260.949,13.9728,0.274922,30.5007,30.938,1720.05,31669.7,0,0,0,0,0,0,99.4987,0,100,1.00205,56.5094,0.205255,0,0,0,0,0,0,0
1779698798763,31,281492156579841,281599530762241,29,UDP,0.0751871,0.0498,2.27246,2.6934,2.6436,1.1336,0.0079,0.0004,1.4983,0.0038,1.27326,0,309.39,13.8576,0.323248,30.4879,41.1526,1726.45,38335.9,0,0,0,0,0,0,99.443,0,100,1.00219,56.7515,0.219106,0,0,0,0,0,0,0
1779698798777,70,562988608126977,313532612609,73,UDP,0.0865182,0.0564,3.16946,1.7586,1.7022,0.0396,0.9808,0.0001,0.6656,0.0162,1.28168,0,246.435,13.9456,0.260381,30.4891,30.4164,1765.48,30279,0,0,0,0,0,0,99.4765,0,100,1.0006,57.9397,0.0596659,0,0,0,0,0,0,0
1779698798902,80,115964116993,339302416385,79,UDP,0.0998474,0.1096,1.44109,1.0145,0.9049,0.822,0.0097,0.0023,0.0112,0.062,1.20362,0,210.851,14.0528,0.224904,30.4995,30.0795,1780.67,26099.1,0,0,0,0,0,0,99.4199,0,100,1.00066,58.4219,0.0656168,0,0,0,0,0,0,0
1779698798902,2,844429225099265,281487861612545,3,UDP,0.0738793,0.0701,2.05345,0.6799,0.6098,0.5898,0.0076,0.0002,0.0048,0.0076,1.26222,0,225.531,14.0624,0.239594,30.4992,31.0768,1709.38,27747.1,0,0,0,0,0,0,99.4182,0,100,1.00329,56.2309,0.328827,0,0,0,0,0,0,0
1779698798916,41,81604378625,184683593729,43,UDP,0.107036,0.0955,1.63797,0.3782,0.2827,0.2527,0.0114,0.0004,0.0078,0.0108,1.01602,0,305.858,14.0752,0.319933,30.504,39.2011,1735.62,38129.8,0,0,0,0,0,0,99.4787,0,100,1.00235,57.0314,0.234632,0,0,0,0,0,0,0
1779698799027,90,281578055925761,382252089345,89,UDP,0.0798315,0.0701,1.21732,0.8734,0.8033,0.7859,0.0084,0.0003,0.0051,0.0039,0.702003,0,172.707,14.048,0.186755,30.4881,30.0437,1788.4,21584.6,0,0,0,0,0,0,99.2946,0,0,1.00073,58.7017,0.0729395,0,0,0,0,0,0,0
1779698799027,51,281509336449025,227633266689,53,UDP,0.0833771,0.0729,1.96184,0.8692,0.7963,0.7657,0.0122,0.0013,0.0087,0.0097,1.72528,0,304.093,14.0448,0.318138,30.4913,37.2757,1744.28,37867.7,0,0,0,0,0,0,99.4951,0,100,1.0005,57.2347,0.0504796,0,0,0,0,0,0,0
1779698799027,12,12884901889,47244640257,11,UDP,0.0926866,0.1129,1.84627,0.7086,0.5957,0.5567,0.014,0.0009,0.0103,0.0147,1.07422,0,281.162,14.0352,0.295197,30.4997,31.0172,1714.53,34308.9,0,0,0,0,0,0,99.53,0,98.7179,1.00309,56.3888,0.309478,0,0,0,0,0,0,0
1779698799159,100,141733920769,281917358342145,103,UDP,0.100451,0.0916,1.39355,0.7322,0.6406,0.5042,0.111,0.0007,0.0145,0.0109,1.06766,0,135.613,14.1552,0.149768,30.499,30.024,1785.64,17036.9,0,0,0,0,0,0,99.1054,0,0,1,58.5475,0,0,0,0,0,0,0,0
1779698799166,61,281530811285505,279172874241,65,UDP,0.0996299,0.0764,2.20321,2.1356,2.0592,1.0054,0.0018,0.0003,1.0415,0.0105,2.04996,0,303.579,14.1744,0.317754,30.5091,35.1413,1756.15,37485,0,0,0,0,0,0,99.5163,0,100,1.00219,57.6875,0.218938,0,0,0,0,0,0,0
1779698799166,22,42949672961,107374182401,25,UDP,0.088221,0.0622,2.40719,4.9559,4.8937,0.0325,0.0842,0.0003,4.7698,0.0072,2.18777,0,324.848,14.1552,0.339003,30.5023,44.5477,1721.59,40412,0,0,0,0,0,0,99.4333,0,100,1.00164,56.5339,0.164136,0,0,0,0,0,0,0
1779698799277,32,844454994903041,150323855361,35,UDP,0.0840243,0.1003,2.25585,0.5769,0.4766,0.4383,0.0207,0.0009,0.0085,0.0091,2.62167,0,401.107,14.1376,0.415245,30.4895,60.9124,1728.25,48603.1,0,0,0,0,0,0,99.36,0,100,1.00307,56.8575,0.307018,0,0,0,0,0,0,0
1779698799291,71,562992903094273,281771329454081,69,UDP,0.0847465,0.128,1.94048,0.7139,0.5859,0.5572,0.0126,0.0005,0.0066,0.0095,2.00773,0,290.795,14.1376,0.304933,30.4898,32.4897,1767.59,36153,0,0,0,0,0,0,99.5422,0,100,1.00119,58.0424,0.119403,0,0,0,0,0,0,0
1779698799402,3,4294967297,12884901889,3,UDP,0.0715226,0.0566,2.45124,3.1749,3.1183,0.9463,0.0064,0.0002,2.1581,0.0075,1.52965,0,261.499,14.2544,0.275754,30.5045,31.0933,1711.01,32117.8,0,0,0,0,0,0,99.497,0,100,1.00256,56.2337,0.255568,0,0,0,0,0,0,0
1779698799402,81,563010082963457,281831458996225,83,UDP,0.0823468,0.0772,1.97154,2.9835,2.9063,0.0079,0.008,0.0004,2.8828,0.0076,1.40782,0,245.872,14.2448,0.260117,30.4996,30.0596,1782.84,30500,0,0,0,0,0,0,99.4982,0,0,1,58.4544,0,0,0,0,0,0,0,0
1779698799437,42,844463584837633,281651070369793,41,UDP,0.0591901,0.076,1.9156,0.4349,0.3589,0.0179,0.0142,0.0007,0.319,0.0078,0.931888,0,390.501,14.2448,0.404746,30.4947,60.7895,1736.34,47550.3,0,0,0,0,0,0,99.3509,0,100,1.00188,57.046,0.187705,0,0,0,0,0,0,0
1779698799541,52,94489280513,236223201281,55,UDP,0.0851943,0.0923,1.78527,0.7618,0.6695,0.6219,0.009,0.0006,0.011,0.0276,0.857337,0,418.003,14.24,0.432243,30.4906,60.6274,1746.12,50800.1,0,0,0,0,0,0,99.3981,0,100,1.00354,57.4704,0.35443,0,0,0,0,0,0,0
1779698799541,13,281479271677953,55834574849,13,UDP,0.0703744,0.0739,2.21176,2.9934,2.9195,0.8426,0.008,0.0003,2.055,0.0139,0.964289,0,338.358,14.24,0.352598,30.4895,46.2753,1716.21,41620.9,0,0,0,0,0,0,99.4331,0,100,1.00271,56.441,0.270793,0,0,0,0,0,0,0
1779698799541,91,563014377930753,281874408669185,93,UDP,0.0869041,0.0905,1.78486,1.5221,1.4316,0.9858,0.0105,0.0004,0.0039,0.4314,0.970382,0,199.574,14.24,0.213814,30.4886,30.0664,1788.43,24992.6,0,0,0,0,0,0,99.3862,0,0,1,58.6589,0,0,0,0,0,0,0,0
1779698799666,62,281535106252801,287762808833,67,UDP,0.0715802,0.0773,1.88787,3.99,3.9127,0.0763,0.0081,0.0005,3.7869,0.0414,1.21956,0,388.472,14.344,0.402816,30.499,60.5648,1757.18,47155.5,0,0,0,0,0,0,99.3493,0,100,1.00164,57.7088,0.164204,0,0,0,0,0,0,0
1779698799666,23,281487861612545,281565171023873,21,UDP,0.0597685,0.0461,2.30096,1.3351,1.289,0.5318,0.0503,0.0001,0.7041,0.0028,1.00033,0,403.088,14.3472,0.417435,30.4968,61.0312,1722.97,49200.7,0,0,0,0,0,0,99.3634,0,100,1.0037,56.7059,0.370218,0,0,0,0,0,0,0
1779698799791,72,281556581089281,281779919388673,71,UDP,0.0854264,0.0629,2.27912,2.9085,2.8456,0.0738,0.0055,0.0002,2.7546,0.0117,1.15674,0,365.499,14.352,0.379851,30.4902,60.3804,1770.05,44852.8,0,0,0,0,0,0,99.32,0,100,1.0006,58.0877,0.0596659,0,0,0,0,0,0,0
1779698799791,33,844459289870337,281608120696833,31,UDP,0.0739805,0.0684,1.7683,1.6045,1.5361,0.7645,0.7557,0.0004,0.0069,0.009,1.35797,0,465.184,14.3424,0.479526,30.5019,60.8838,1729.81,56472.4,0,0,0,0,0,0,99.4516,0,98.2456,1.00175,56.8109,0.175131,0,0,0,0,0,0,0
1779698799916,82,844497944576001,347892350977,81,UDP,0.0825669,0.0993,1.79617,0.6686,0.5693,0.4654,0.012,0.0008,0.0094,0.0825,1.70034,0,278.635,14.4368,0.293072,30.4996,30.2596,1785.23,34828.7,0,0,0,0,0,0,99.555,0,0,1.00066,58.5715,0.0656168,0,0,0,0,0,0,0
1779698799930,4,562949953421313,281496451547137,5,UDP,0.0872124,0.0808,2.35608,1.747,1.6662,0.7263,0.0058,0.0004,0.9176,0.0165,1.80798,0,264.429,14.4688,0.278898,30.4994,31.2325,1712.94,32618.5,0,0,0,0,0,0,99.4988,0,100,1.00292,56.3272,0.292184,0,0,0,0,0,0,0
1779698799930,43,844467879804929,281659660304385,43,UDP,0.0809348,0.0837,2.0341,4.8791,4.7954,0.6478,0.0101,0.0001,4.1282,0.0093,2.76902,0,442.272,14.4368,0.456709,30.4987,60.7975,1738.34,54238.4,0,0,0,0,0,0,99.4309,0,100,1.00141,57.0774,0.140713,0,0,0,0,0,0,0
1779698800055,53,281513631416321,244813135873,57,UDP,0.0760765,0.0504,2.0836,2.9417,2.8913,0.0216,0.008,0.0002,2.8491,0.0126,1.11505,0,447.541,14.4416,0.461982,30.4905,60.6733,1747.96,55495.7,0,0,0,0,0,0,99.4473,0,100,1.00152,57.4149,0.151592,0,0,0,0,0,0,0
1779698800055,14,17179869185,64424509441,15,UDP,0.0620212,0.0556,2.74576,4.9761,4.9205,0.0756,0.0497,0.0001,4.7898,0.0054,2.26319,0,356.515,14.4544,0.37097,30.4971,54.9136,1718.74,44071.9,0,0,0,0,0,0,99.3648,0,100,1.00116,56.4228,0.11583,0,0,0,0,0,0,0
1779698800055,92,563018672898049,281882998603777,95,UDP,0.099837,0.0793,1.27913,2.5714,2.4921,0.5107,0.0047,0.0003,1.9664,0.0103,1.14656,0,222.013,14.4448,0.236458,30.4889,30.0889,1788.44,28083.8,0,0,0,0,0,0,99.4497,0,0,1,58.6589,0,0,0,0,0,0,0,0
1779698800180,63,281539401220097,296352743425,69,UDP,0.0851185,0.0887,1.33758,0.5148,0.4261,0.3712,0.0206,0.0009,0.0113,0.023,1.38473,0,438.904,14.4928,0.453397,30.4995,60.5823,1759.87,53743.5,0,0,0,0,0,0,99.4301,0,100,1.00109,57.7648,0.109409,0,0,0,0,0,0,0
1779698800208,24,47244640257,281573760958465,23,UDP,0.0727529,0.0665,2.35022,4.1124,4.0459,0.9161,0.0078,0.0002,3.1144,0.0076,1.67139,0,418.771,14.552,0.433323,30.4899,60.9672,1724.18,51945.4,0,0,0,0,0,0,99.402,0,100,1.00288,56.7119,0.287711,0,0,0,0,0,0,0
1779698800305,73,562997198061569,281788509323265,73,UDP,0.0803067,0.0766,2.5249,1.1946,1.118,0.1193,0.0108,0.0002,0.9823,0.0056,0.713248,0,407.442,14.544,0.421986,30.49,60.3072,1772.11,50528.5,0,0,0,0,0,0,99.3988,0,100,1.00119,58.1904,0.119403,0,0,0,0,0,0,0
1779698800319,34,64424509441,281616710631425,33,UDP,0.0809629,0.0729,1.78677,2.0469,1.974,0.1246,0.0074,0.0001,1.8338,0.0082,1.15598,0,443.424,14.5472,0.457971,30.4975,60.8483,1731.9,54264.8,0,0,0,0,0,0,99.4308,0,100,1.00087,56.8381,0.0874891,0,0,0,0,0,0,0
1779698800430,83,844502239543297,281840048930817,85,UDP,0.131586,0.1009,1.16283,0.6624,0.5615,0.5275,0.015,0.0005,0.0077,0.0113,0.488566,0,314.04,14.6416,0.328682,30.4998,31.6198,1787.81,39347.3,0,0,0,0,0,0,99.5935,0,0,1.00066,58.6555,0.0656168,0,0,0,0,0,0,0
1779698800444,44,85899345921,193273528321,45,UDP,0.0871377,0.1282,2.35369,1.0709,0.9427,0.5806,0.3041,0.0006,0.0458,0.0122,2.19205,0,477.523,14.6416,0.492165,30.4955,60.7768,1740.24,59070.1,0,0,0,0,0,0,99.4765,0,100,1.00094,57.1191,0.0937646,0,0,0,0,0,0,0
1779698800458,5,844433520066561,281505041481729,7,UDP,0.131164,0.0706,2.68047,2.7905,2.7199,1.0311,0.0103,0.0003,1.6689,0.0096,0.925243,0,264.074,14.6544,0.278728,30.499,31.0765,1713.54,32722.5,0,0,0,0,0,0,99.5067,0,100,1.00182,56.286,0.182415,0,0,0,0,0,0,0
1779698800569,93,133143986177,281891588538369,97,UDP,0.110493,0.222,1.39522,1.1066,0.8846,0.7433,0.0124,0.0007,0.0425,0.0864,0.833677,0,248.88,14.6928,0.263573,30.5107,30.044,1789.2,31456.7,0,0,0,0,0,0,99.516,0,0,1.00073,58.6844,0.0728863,0,0,0,0,0,0,0
1779698800569,54,844480764706817,281694020042753,51,UDP,0.0763539,0.0612,1.48624,1.3106,1.2494,0.7274,0.0108,0.0007,0.5027,0.0085,0.576962,0,441.034,14.6464,0.45568,30.5053,60.7184,1750.62,54212.1,0,0,0,0,0,0,99.4324,0,100,1.00101,57.4452,0.100959,0,0,0,0,0,0,0
1779698800569,15,21474836481,281539401220097,15,UDP,0.072123,0.0494,2.8453,1.8895,1.8401,0.1095,0.0043,0.0005,1.7189,0.0074,2.5697,0,321.426,14.6368,0.336062,30.4953,43.9613,1718.99,40004.2,0,0,0,0,0,0,99.434,0,100,1.00193,56.478,0.193199,0,0,0,0,0,0,0
1779698800694,64,281543696187393,304942678017,71,UDP,0.0772151,0.0681,1.41206,1.1703,1.1022,0.9804,0.0087,0.0005,0.006,0.1071,0.626995,0,440.248,14.7408,0.454989,30.4988,60.531,1761.43,53805.2,0,0,0,0,0,0,99.4343,0,100,1.00109,57.8173,0.109409,0,0,0,0,0,0,0
1779698800694,25,51539607553,115964116993,27,UDP,0.0919372,0.0876,2.03747,4.0275,3.9399,0.9738,0.006,0.0002,2.9494,0.0107,2.01197,0,416.672,14.744,0.431416,30.4941,60.8883,1725.54,51493.4,0,0,0,0,0,0,99.4011,0,100,1.00164,56.679,0.164204,0,0,0,0,0,0,0
1779698800819,74,563001493028865,281797099257857,75,UDP,0.0894393,0.0699,2.11236,0.7146,0.6447,0.6215,0.0079,0.0003,0.0042,0.0111,1.04987,0,399.275,14.736,0.414011,30.4905,60.3084,1774.21,49645.4,0,0,0,0,0,0,99.3881,0,100,1.00119,58.2585,0.119403,0,0,0,0,0,0,0
1779698800833,35,68719476737,158913789953,37,UDP,0.0765212,0.0869,1.67135,0.537,0.4501,0.4088,0.0151,0.001,0.0148,0.0114,0.607804,0,460.384,14.7392,0.475123,30.4832,60.8599,1732.75,57647.6,0,0,0,0,0,0,99.4621,0,100,1.00088,56.8923,0.0875273,0,0,0,0,0,0,0
1779698800951,84,120259084289,281848638865409,87,UDP,0.0790706,0.062,1.33757,1.3954,1.3334,1.1466,0.0128,0.0006,0.1713,0.0027,0.865636,0,308.725,14.808,0.323533,30.4989,30.8989,1790.15,38305.3,0,0,0,0,0,0,99.5919,0,0,1.00066,58.7343,0.0656168,0,0,0,0,0,0,0
1779698800958,6,8589934593,21474836481,5,UDP,0.0749833,0.0587,2.14519,0.2561,0.1974,0.171,0.0088,0.0002,0.0039,0.0137,2.49542,0,254.638,14.8176,0.269456,30.4997,31.0661,1714.78,30649.2,0,0,0,0,0,0,99.4719,0,100,1.00219,56.346,0.218978,0,0,0,0,0,0,0
1779698800972,45,90194313217,201863462913,47,UDP,0.0941779,0.0749,2.15659,1.5867,1.5118,0.4991,0.0084,0.0003,0.9945,0.0098,1.60019,0,467.642,14.808,0.48245,30.5076,60.6867,1742.1,57669.2,0,0,0,0,0,0,99.4693,0,100,1.00188,57.2111,0.187617,0,0,0,0,0,0,0
1779698801069,94,281582350893057,390842023937,91,UDP,0.0734455,0.0982,1.65299,3.3266,3.2284,1.1401,0.0078,0.0003,1.9819,0.0986,1.14138,0,245.027,14.752,0.259779,30.4887,30.0664,1788.43,30273.4,0,0,0,0,0,0,99.4933,0,0,1,58.6589,0,0,0,0,0,0,0,0
1779698801083,16,25769803777,73014444033,17,UDP,0.083751,0.0722,2.02172,1.5922,1.52,0.5961,0.0089,0.0002,0.899,0.016,0.706499,0,315.827,14.7616,0.330589,30.4957,42.4094,1720.24,39754.2,0,0,0,0,0,0,99.4554,0,100,1.00309,56.5838,0.309478,0,0,0,0,0,0,0
1779698801097,55,98784247809,281702609977345,53,UDP,0.0904275,0.0688,1.79579,0.8089,0.7401,0.7171,0.0074,0.0003,0.0051,0.0105,1.14841,0,435.653,14.7616,0.450414,30.4881,60.6993,1751.66,54231.1,0,0,0,0,0,0,99.4304,0,100,1.00253,57.5994,0.252908,0,0,0,0,0,0,0
1779698801201,65,281547991154689,281728379781121,59,UDP,0.0725143,0.0494,3.27097,3.98,3.9306,0.0983,0.6792,0.0002,3.1479,0.0052,1.24182,0,437.053,14.7616,0.451814,30.4992,60.565,1763.25,53866.1,0,0,0,0,0,0,99.4277,0,100,1.00109,57.8764,0.109409,0,0,0,0,0,0,0
1779698801208,26,55834574849,124554051585,29,UDP,0.0692345,0.0981,1.80022,1.3205,1.2224,1.1311,0.0073,0.0005,0.0108,0.0732,0.601858,0,406.981,14.8176,0.421798,30.4947,60.8645,1727.15,50675.7,0,0,0,0,0,0,99.3917,0,100,1.00247,56.7773,0.246508,0,0,0,0,0,0,0
1779698801333,75,281560876056577,281805689192449,77,UDP,0.0654896,0.0549,2.26429,2.3202,2.2653,0.9338,0.0164,0.0001,1.3069,0.0082,1.26334,0,397.882,14.752,0.412634,30.49,60.2892,1776.3,49666.2,0,0,0,0,0,0,99.3888,0,100,1.00119,58.3278,0.119403,0,0,0,0,0,0,0
1779698801347,36,281496451547137,167503724545,39,UDP,0.0830375,0.117,1.99261,1.6282,1.5112,1.4691,0.0183,0.001,0.0132,0.0106,1.02912,0,437.125,14.7616,0.451886,30.483,60.846,1734.17,54223.4,0,0,0,0,0,0,99.4272,0,100,1.00219,57.0145,0.219106,0,0,0,0,0,0,0
1779698801458,85,281569465991169,281857228800001,89,UDP,0.0838141,0.0586,0.884664,0.3606,0.302,0.1217,0.0599,0.0004,0.1122,0.0082,0.674637,0,308.643,14.752,0.323395,30.4997,30.7597,1792.76,38258.3,0,0,0,0,0,0,99.5908,0,0,1.00066,58.8182,0.0656168,0,0,0,0,0,0,0
1779698801472,46,281500746514433,210453397505,49,UDP,0.0827948,0.0782,2.32493,4.2257,4.1475,0.1595,0.0069,0.0003,3.9416,0.0395,1.59022,0,445.266,14.8176,0.460083,30.4945,60.7034,1743.39,55621.2,0,0,0,0,0,0,99.4472,0,100,1,57.1705,0,0,0,0,0,0,0,0
1779698801486,7,844437815033857,30064771073,7,UDP,0.0791461,0.0877,2.06381,2.3292,2.2415,0.1114,0.2309,0.0002,1.8876,0.0116,1.214,0,224.029,14.8176,0.238846,30.4964,31.0517,1715.77,27819.1,0,0,0,0,0,0,99.4203,0,100,1.00402,56.4878,0.402194,0,0,0,0,0,0,0
1779698801583,95,563022967865345,399431958529,93,UDP,0.0940673,0.0754,1.2586,2.5416,2.4662,0.5656,0.0021,0.0004,1.8882,0.0103,0.760653,0,245.002,14.808,0.25981,30.5105,30.0883,1789.19,30269.5,0,0,0,0,0,0,99.4895,0,0,1.00073,58.6844,0.0728863,0,0,0,0,0,0,0
1779698801597,56,844485059674113,253403070465,59,UDP,0.0853917,0.0637,1.82465,0.9688,0.9051,0.8803,0.01,0.0004,0.0063,0.0085,1.21372,0,443.525,14.7616,0.458286,30.5066,60.6748,1753.77,54171,0,0,0,0,0,0,99.43,0,97.3684,1.00152,57.5753,0.151515,0,0,0,0,0,0,0
1779698801597,17,281483566645249,281547991154689,17,UDP,0.0736162,0.0945,2.48082,3.5821,3.4876,0.5969,0.0064,0.0002,2.8702,0.0141,1.68616,0,274.435,14.7616,0.289197,30.4952,41.021,1721.98,36161,0,0,0,0,0,0,99.4174,0,100,1.00232,56.598,0.231929,0,0,0,0,0,0,0
1779698801722,66,107374182401,281736969715713,61,UDP,0.0796752,0.0738,2.11352,1.1694,1.0956,0.9817,0.0088,0.0002,0.0055,0.0996,1.44103,0,435.307,14.7616,0.450069,30.4993,60.4485,1765.42,53809.7,0,0,0,0,0,0,99.4339,0,100,1.00164,57.9792,0.164204,0,0,0,0,0,0,0
1779698801722,27,562967133290497,281582350893057,25,UDP,0.0697796,0.0975,2.53073,3.1435,3.046,0.2892,1.7896,0.0006,0.9592,0.008,0.62918,0,344.21,14.8176,0.359027,30.4935,59.0624,1728.51,44746.1,0,0,0,0,0,0,99.3248,0,100,1.00288,56.8475,0.287711,0,0,0,0,0,0,0
1779698801847,76,111669149697,281814279127041,79,UDP,0.0897301,0.1174,2.33426,1.6307,1.5133,0.5454,0.0747,0.0004,0.8892,0.004,1.7137,0,397.882,14.808,0.41269,30.5085,60.1988,1779.02,49585.5,0,0,0,0,0,0,99.3922,0,100,1.0006,58.347,0.0596303,0,0,0,0,0,0,0
1779698801847,37,562971428257793,281625300566017,35,UDP,0.100046,0.0985,2.2381,0.8145,0.716,0.6897,0.0102,0.0003,0.0038,0.0123,0.987291,0,377.886,14.7616,0.392648,30.4893,60.8186,1736.13,48266.8,0,0,0,0,0,0,99.358,0,100,1.00263,57.0921,0.263043,0,0,0,0,0,0,0
1779698801972,8,281474976710657,38654705665,9,UDP,0.0687644,0.0722,1.97693,1.1685,1.0963,1.0162,0.0082,0.0006,0.0147,0.0572,1.489,0,188.682,14.808,0.20349,30.5056,30.9944,1717.33,23856.6,0,0,0,0,0,0,99.3277,0,100,1.00256,56.4396,0.255568,0,0,0,0,0,0,0
1779698801979,86,124554051585,356482285569,83,UDP,0.107366,0.1448,1.36759,1.1644,1.0196,0.9713,0.02,0.0005,0.0151,0.0132,0.798226,0,308.562,14.808,0.32337,30.4996,30.6196,1794.68,38185.6,0,0,0,0,0,0,99.5918,0,0,1.00066,58.8812,0.0656168,0,0,0,0,0,0,0
1779698801986,47,281505041481729,281668250238977,45,UDP,0.0707808,0.0594,2.1162,1.938,1.8786,0.8566,0.0091,0.0005,0.9691,0.0438,0.861937,0,377.106,14.8176,0.391923,30.4947,60.6751,1744.34,47527.8,0,0,0,0,0,0,99.3522,0,100,1.00235,57.3357,0.234742,0,0,0,0,0,0,0
1779698802097,96,137438953473,281900178472961,99,UDP,0.0967617,0.1093,0.967559,0.7737,0.6644,0.6238,0.0115,0.0013,0.0116,0.0175,0.593266,0,245.002,14.808,0.25981,30.5108,30.0664,1788.67,30256.2,0,0,0,0,0,0,99.493,0,0,1.00073,58.6669,0.0728863,0,0,0,0,0,0,0
1779698802104,18,30064771073,81604378625,19,UDP,0.077161,0.0606,2.21136,2.1755,2.1149,0.0511,0.1369,0.0001,1.9164,0.0105,1.68787,0,233.162,14.752,0.247914,30.485,30.9202,1722.71,29380.8,0,0,0,0,0,0,99.4587,0,100,1.00039,56.5318,0.0385951,0,0,0,0,0,0,0
1779698802132,57,281517926383617,281711199911937,55,UDP,0.0839013,0.0667,1.59197,1.3196,1.2529,1.2204,0.0188,0.0002,0.0062,0.0075,0.838515,0,380.19,14.7616,0.394952,30.4872,60.6205,1754.44,47466.9,0,0,0,0,0,0,99.3532,0,100,1,57.5469,0,0,0,0,0,0,0,0
1779698802229,67,844489354641409,281745559650305,63,UDP,0.0969949,0.0749,2.20421,1.8705,1.7956,1.7424,0.0373,0.0006,0.0101,0.0058,0.526559,0,381.048,14.7616,0.39581,30.4995,60.4157,1767.24,47312.9,0,0,0,0,0,0,99.3567,0,100,1.00109,58.0066,0.109409,0,0,0,0,0,0,0
1779698802236,28,844446404968449,281590940827649,27,UDP,0.0968128,0.0872,1.54545,0.3109,0.2237,0.1944,0.0102,0.0006,0.007,0.0121,0.921423,0,277.296,14.808,0.292104,30.4942,39.2176,1729.85,35862.9,0,0,0,0,0,0,99.444,0,100,1.00123,56.7969,0.123102,0,0,0,0,0,0,0
1779698802361,77,563005787996161,322122547201,75,UDP,0.0925944,0.097,1.84021,1.3184,1.2214,1.0949,0.0116,0.0005,0.0087,0.1062,0.744973,0,316.08,14.752,0.330832,30.4906,36.3996,1780.25,40068.8,0,0,0,0,0,0,99.5366,0,100,1.00119,58.4567,0.119403,0,0,0,0,0,0,0
1779698802375,38,73014444033,281633890500609,37,UDP,0.0826735,0.0962,2.0629,2.0961,1.9999,0.021,0.0096,0.0002,1.9561,0.0132,1.23556,0,294.038,14.6544,0.308693,30.4846,38.0957,1737.41,38045.2,0,0,0,0,0,0,99.486,0,100,1.00263,57.1429,0.263043,0,0,0,0,0,0,0
1779698802493,87,281573760958465,281865818734593,91,UDP,0.0830842,0.1139,0.93793,0.6531,0.5392,0.4187,0.103,0.001,0.0126,0.0049,0.629499,0,268.738,14.7952,0.283533,30.4992,30.0592,1794.13,32637.3,0,0,0,0,0,0,99.5337,0,100,1.00066,58.8642,0.0656168,0,0,0,0,0,0,0
1779698802500,48,562980018192385,281676840173569,47,UDP,0.103087,0.0811,2.01669,2.7032,2.6221,1.6443,0.0032,0.0003,0.9026,0.072,1.2888,0,293.808,14.7952,0.308603,30.4958,36.3378,1746.71,37883,0,0,0,0,0,0,99.5067,0,100,1.00141,57.3579,0.140713,0,0,0,0,0,0,0
1779698802500,9,844442110001153,281513631416321,9,UDP,0.0849843,0.0607,2.1525,0.826,0.7653,0.7387,0.0109,0.0005,0.0042,0.0115,1.18832,0,164.067,14.7952,0.178862,30.501,30.9675,1718.39,20509.3,0,0,0,0,0,0,99.2166,0,100,1.00146,56.4209,0.145879,0,0,0,0,0,0,0
1779698802611,97,844510829477889,408021893121,95,UDP,0.0877873,0.0949,1.27761,1.8616,1.7667,1.7327,0.0131,0.001,0.0083,0.0126,0.855875,0,210.48,14.688,0.225168,30.4879,30.0657,1787.5,25917.2,0,0,0,0,0,0,99.4081,0,0,1,58.6297,0,0,0,0,0,0,0,0
1779698802625,19,34359738369,281556581089281,19,UDP,0.0741862,0.048,1.66899,0.6724,0.6244,0.6044,0.0097,0.0004,0.0039,0.0064,0.748775,0,198.499,14.688,0.213187,30.4941,30.9175,1723.87,24863.5,0,0,0,0,0,0,99.3521,0,100,1.00154,56.6184,0.1545,0,0,0,0,0,0,0
1779698802632,58,103079215105,261993005057,61,UDP,0.0743115,0.0507,1.92774,1.6824,1.6317,0.6016,1.0182,0.0003,0.007,0.0049,1.5082,0,298.442,14.688,0.31313,30.4907,34.2905,1756.4,37669.6,0,0,0,0,0,0,99.5328,0,100,1.0005,57.6335,0.0504796,0,0,0,0,0,0,0
1779698802750,68,562984313159681,281754149584897,65,UDP,0.0899088,0.053,2.42005,2.8825,2.8295,0.7268,0.0072,0.0002,2.0804,0.0151,1.10141,0,298.962,14.6496,0.313611,30.4937,31.8934,1767.63,37223.8,0,0,0,0,0,0,99.5594,0,100,1.00055,57.9989,0.0546747,0,0,0,0,0,0,0
1779698802764,29,844450699935745,133143986177,31,UDP,0.0752856,0.0806,1.74208,0.5207,0.4401,0.4175,0.0092,0.0004,0.0073,0.0061,1.13621,0,234.928,14.6928,0.249621,30.4999,30.8248,1730.6,29299.4,0,0,0,0,0,0,99.4572,0,100,1.00246,56.8809,0.246407,0,0,0,0,0,0,0
1779698802868,78,281565171023873,281822869061633,81,UDP,0.0852629,0.089,2.33108,3.167,3.078,1.0635,0.0118,0.0004,1.9722,0.0305,1.06223,0,263.997,14.5984,0.278595,30.4904,30.1267,1780.71,32823.8,0,0,0,0,0,0,99.5403,0,100,1,58.4025,0,0,0,0,0,0,0,0
1779698802875,39,562975723225089,176093659137,41,UDP,0.0865935,0.082,2.03904,0.5677,0.4857,0.4336,0.0083,0.0002,0.0335,0.0103,1.30934,0,242.774,14.5856,0.25736,30.5017,30.7683,1738.33,30381.4,0,0,0,0,0,0,99.4712,0,100,1.00131,57.0661,0.131291,0,0,0,0,0,0,0
1779698803007,88,128849018881,365072220161,85,UDP,0.0776316,0.0539,1.40608,0.7375,0.6836,0.5297,0.0078,0.0002,0.1381,0.008,0.702765,0,219.722,14.6032,0.234325,30.4996,30.0396,1792.12,27158.4,0,0,0,0,0,0,99.4402,0,0,1.00066,58.7972,0.0656168,0,0,0,0,0,0,0
1779698803021,49,844472174772225,219043332097,51,UDP,0.0746703,0.0869,2.63155,3.3147,3.2278,2.0316,0.0064,0.0002,1.1766,0.0132,0.982041,0,242.928,14.5904,0.257518,30.5082,30.6224,1747.02,30401.7,0,0,0,0,0,0,99.4841,0,100,1.00141,57.3446,0.140647,0,0,0,0,0,0,0
1779698803021,10,562954248388609,281522221350913,11,UDP,0.0731945,0.0822,1.95054,0.2348,0.1526,0.044,0.0138,0.0003,0.0063,0.0885,0.807995,0,193.8,14.6128,0.208413,30.5005,31.0003,1718.02,23401.1,0,0,0,0,0,0,99.3061,0,100,1.00109,56.3894,0.109369,0,0,0,0,0,0,0
1779698803125,98,281586645860353,416611827713,97,UDP,0.0869786,0.0635,1.54981,2.9823,2.9188,0.0122,0.0085,0.0003,2.8755,0.0226,2.04582,0,175.421,14.496,0.189917,30.4886,30.0886,1784.87,21568.3,0,0,0,0,0,0,99.2883,0,0,1,58.5423,0,0,0,0,0,0,0,0
1779698803125,20,562962838323201,90194313217,21,UDP,0.081834,0.0767,2.60421,4.0847,4.008,1.8937,1.0776,0.0008,1.0314,0.0053,1.01029,0,228.651,14.5056,0.243157,30.488,30.9232,1723.7,26901.4,0,0,0,0,0,0,99.403,0,100,1.0031,56.7121,0.309598,0,0,0,0,0,0,0
1779698803139,59,281522221350913,281719789846529,57,UDP,0.0763473,0.0795,2.24561,0.7572,0.6777,0.6404,0.0079,0.0006,0.0081,0.0213,1.06837,0,246.717,14.496,0.261213,30.4912,30.4912,1756.06,30405.8,0,0,0,0,0,0,99.4887,0,100,1.00152,57.6796,0.151592,0,0,0,0,0,0,0
1779698803264,30,60129542145,141733920769,33,UDP,0.089833,0.0847,2.56499,2.7846,2.6999,0.6707,0.1177,0.0001,1.9011,0.0104,1.50561,0,244.782,14.5104,0.259293,30.5061,30.806,1731.1,29576.2,0,0,0,0,0,0,99.4664,0,100,1.00288,56.9092,0.287592,0,0,0,0,0,0,0
1779698803264,69,281552286121985,281762739519489,67,UDP,0.0835505,0.0812,1.81705,1.2326,1.1514,0.856,0.0116,0.0005,0.279,0.0048,1.54206,0,246.184,14.5136,0.260698,30.4991,30.3824,1767.65,30327.3,0,0,0,0,0,0,99.4894,0,100,1.00109,58.0208,0.109409,0,0,0,0,0,0,0
1779698803278,0,844424930131969,281479271677953,1,UDP,0.0730197,0.0681,2.0827,2.7594,2.6913,1.7205,0.0062,0.0002,0.9549,0.0097,1.91596,0,380.693,20.7136,0.401406,30.4977,45.4519,2112.4,33352.6,0,0,0,0,0,0,99.2908,0,100,1.00381,69.5282,0.381018,0,0,0,0,0,0,0
1779698803375,1,1,4294967297,1,UDP,0.0677212,0.0708,2.39089,1.1104,1.0396,1.0155,0.0095,0.0006,0.0056,0.009,2.08507,0,194.352,14.4064,0.208758,30.4983,31.014,1712.98,23441.2,0,0,0,0,0,0,99.318,0,100,1.00242,56.3023,0.242131,0,0,0,0,0,0,0
1779698803389,40,77309411329,281642480435201,39,UDP,0.070903,0.0596,2.78584,2.5862,2.5266,0.1298,0.0083,0.0002,2.3826,0.0059,1.606,0,278.293,14.4032,0.292696,30.4889,30.7688,1737.73,33875.6,0,0,0,0,0,0,99.5311,0,100,1.00088,57.0455,0.0875273,0,0,0,0,0,0,0
1779698803389,79,844493649608705,330712481793,77,UDP,0.0948029,0.1318,1.88236,1.4924,1.3606,1.2399,0.0118,0.0004,0.0054,0.1035,0.768042,0,209.973,14.4064,0.224379,30.4904,30.1267,1780.49,26202.9,0,0,0,0,0,0,99.4181,0,100,1,58.3953,0,0,0,0,0,0,0,0
1779698803514,11,562958543355905,281530811285505,13,UDP,0.0667927,0.0502,2.9121,2.0715,2.0213,0.0714,0.0093,0.0003,1.9329,0.0077,1.31897,0,236.746,14.3984,0.251144,30.5048,31.0713,1718.73,27961.3,0,0,0,0,0,0,99.4105,0,100,1.00219,56.4664,0.218978,0,0,0,0,0,0,0
1779698803514,89,844506534510593,373662154753,87,UDP,0.0880227,0.0894,1.18112,1.1117,1.0223,0.4782,0.0106,0.0004,0.5321,0.0014,0.887017,0,175.011,14.3424,0.189354,30.4989,30.0189,1789.52,21579.8,0,0,0,0,0,0,99.3002,0,0,1,58.6748,0,0,0,0,0,0,0,0
1779698803535,50,844476469739521,281685430108161,49,UDP,0.0789256,0.0922,1.43081,1.2924,1.2002,1.0461,0.0127,0.0013,0.1378,0.0036,0.791782,0,248.934,14.408,0.263342,30.4983,30.6697,1746.51,30551.4,0,0,0,0,0,0,99.4814,0,100,1.00094,57.3197,0.0937646,0,0,0,0,0,0,0
1779698803639,60,281526516318209,270582939649,63,UDP,0.119886,0.3301,1.29064,1.1607,0.8306,0.6773,0.0107,0.0015,0.0258,0.1168,0.664144,0,245.462,14.304,0.259766,30.4908,30.46,1755.94,30428,0,0,0,0,0,0,99.492,0,100,1.00202,57.7058,0.202224,0,0,0,0,0,0,0
1779698803639,99,844515124445185,281908768407553,101,UDP,0.0929087,0.0906,1.4393,1.6362,1.5456,0.1493,0.1139,0.0004,1.2715,0.0109,0.648784,0,140.298,14.304,0.154602,30.4884,30.0439,1783.08,17179.3,0,0,0,0,0,0,99.1137,0,0,1,58.484,0,0,0,0,0,0,0,0
1779698803653,21,38654705665,98784247809,23,UDP,0.0733715,0.0762,1.88953,1.5752,1.499,0.4466,0.01,0.0004,1.0333,0.0091,1.3205,0,263.51,14.304,0.277814,30.495,30.8831,1724.05,31744.6,0,0,0,0,0,0,99.5015,0,100,1.00193,56.6449,0.193199,0,0,0,0,0,0,0
1779698803764,31,281492156579841,281599530762241,29,UDP,0.0724394,0.0858,1.99923,1.5631,1.4773,0.9567,0.0104,0.0006,0.5034,0.0068,0.79,0,308.896,14.3216,0.323218,30.4948,40.5556,1730.43,38353,0,0,0,0,0,0,99.4508,0,100,1.00205,56.8616,0.205339,0,0,0,0,0,0,0
1779698803778,70,562988608126977,313532612609,73,UDP,0.0865772,0.1093,2.61283,2.0804,1.9711,1.9129,0.0115,0.0003,0.0038,0.0429,0.928855,0,244.464,14.3088,0.258773,30.4986,30.3819,1767.42,30302.5,0,0,0,0,0,0,99.4792,0,100,1.00055,57.9825,0.0546747,0,0,0,0,0,0,0
1779698803903,80,115964116993,339302416385,79,UDP,0.110844,0.1743,1.69027,4.2421,4.0678,1.0207,0.0031,0.0003,3.0306,0.0134,1.70107,0,206.115,14.2016,0.220317,30.4898,30.0717,1780.14,26068.2,0,0,0,0,0,0,99.4197,0,100,1.0006,58.4195,0.0596659,0,0,0,0,0,0,0
1779698803903,2,844429225099265,281487861612545,3,UDP,0.0728779,0.0655,1.90236,1.9046,1.8391,1.7548,0.0665,0.0008,0.008,0.0098,1.00603,0,228.656,14.2016,0.242858,30.4937,31.0198,1712.82,27790.7,0,0,0,0,0,0,99.4213,0,100,1.00312,56.3448,0.311526,0,0,0,0,0,0,0
1779698803917,41,81604378625,184683593729,43,UDP,0.10135,0.0733,1.37235,0.7605,0.6872,0.6651,0.006,0.0003,0.0056,0.0105,0.739668,0,307.666,14.1888,0.321854,30.4976,38.6018,1738.17,38152.3,0,0,0,0,0,0,99.4873,0,100,1.00219,57.1187,0.21901,0,0,0,0,0,0,0
1779698804028,90,281578055925761,382252089345,89,UDP,0.0866547,0.122,1.44001,1.2878,1.1658,1.0994,0.011,0.0006,0.0079,0.0475,1.11524,0,170.173,14.2064,0.184379,30.4993,30.0393,1787.14,21553.3,0,0,0,0,0,0,99.2946,0,0,1.00066,58.6345,0.0656168,0,0,0,0,0,0,0
1779698804028,51,281509336449025,227633266689,53,UDP,0.0873536,0.0785,1.88468,1.5386,1.4601,0.4811,0.0076,0.0001,0.8936,0.0778,0.988179,0,298.461,14.2288,0.31269,30.4991,36.7846,1746.73,37827.7,0,0,0,0,0,0,99.5019,0,100,1.00047,57.2985,0.0468604,0,0,0,0,0,0,0
1779698804028,12,12884901889,47244640257,11,UDP,0.0892662,0.0773,1.91347,2.3751,2.2978,1.1651,0.0082,0.0002,1.1211,0.0034,1.26042,0,281.213,14.2192,0.295432,30.5053,30.9607,1718.03,34355.7,0,0,0,0,0,0,99.5325,0,98.7179,1.00292,56.4836,0.292184,0,0,0,0,0,0,0
1779698804160,100,141733920769,281917358342145,103,UDP,0.102198,0.1241,1.46981,0.8594,0.7353,0.6151,0.0935,0.0006,0.0117,0.015,1.4302,0,135.613,14.0992,0.149712,30.4886,30.0219,1783.09,17027.7,0,0,0,0,0,0,99.1064,0,0,1,58.484,0,0,0,0,0,0,0,0
1779698804167,61,281530811285505,279172874241,65,UDP,0.094387,0.0844,2.03921,2.6128,2.5284,0.8662,0.0089,0.0003,1.6362,0.0171,2.10361,0,296.606,14.0992,0.310706,30.5007,34.7613,1756.63,37453.5,0,0,0,0,0,0,99.5221,0,100,1.00202,57.7094,0.202122,0,0,0,0,0,0,0
1779698804167,22,42949672961,107374182401,25,UDP,0.0771833,0.0324,2.01637,0.1359,0.1035,0.0479,0.0055,0.0003,0.0443,0.0058,2.21523,0,318.41,14.0992,0.332509,30.4963,43.9744,1723.99,40376.1,0,0,0,0,0,0,99.4408,0,100,1.00154,56.6184,0.1545,0,0,0,0,0,0,0
1779698804278,32,844454994903041,150323855361,35,UDP,0.0851245,0.0788,1.87835,0.38,0.3012,0.2741,0.0137,0.0005,0.0065,0.0069,1.79522,0,397.267,14.1168,0.411384,30.4962,60.855,1730.51,48668.7,0,0,0,0,0,0,99.3623,0,100,1.00329,56.9317,0.328947,0,0,0,0,0,0,0
1779698804292,71,562992903094273,281771329454081,69,UDP,0.0876862,0.0808,1.7281,1.1729,1.0921,1.0632,0.009,0.0004,0.0078,0.0121,1.04148,0,287.8,14.1168,0.301917,30.4985,32.2984,1767.31,36137.6,0,0,0,0,0,0,99.5454,0,100,1.00109,58.0109,0.109409,0,0,0,0,0,0,0
1779698804403,3,4294967297,12884901889,3,UDP,0.0702611,0.0569,2.49367,2.9386,2.8817,1.6764,0.0082,0.0002,1.1631,0.034,1.19191,0,265.034,14.0096,0.279043,30.4987,31.0354,1713.1,32170.6,0,0,0,0,0,0,99.4997,0,100,1.00242,56.3058,0.242131,0,0,0,0,0,0,0
1779698804403,81,563010082963457,281831458996225,83,UDP,0.0889108,0.1321,1.82645,1.6206,1.4885,1.4111,0.0059,0.0005,0.0084,0.0631,1.29879,0,240.317,14.0096,0.254326,30.4906,30.0542,1779.96,30458.2,0,0,0,0,0,0,99.4984,0,0,1,58.3775,0,0,0,0,0,0,0,0
1779698804431,42,844463584837633,281651070369793,41,UDP,0.0607627,0.0645,1.59649,0.6605,0.596,0.5459,0.031,0.0004,0.0073,0.0118,0.581681,0,388.589,13.9968,0.402586,30.4886,60.7373,1737.24,47618.8,0,0,0,0,0,0,99.3531,0,100,1.00175,57.0797,0.175208,0,0,0,0,0,0,0
1779698804542,52,94489280513,236223201281,55,UDP,0.0884778,0.1218,1.6004,0.6076,0.4858,0.4551,0.0119,0.0004,0.0073,0.0115,1.26442,0,405.674,14.0336,0.419707,30.4986,60.6114,1746.7,50793.8,0,0,0,0,0,0,99.3985,0,100,1.00329,57.4601,0.328947,0,0,0,0,0,0,0
1779698804542,13,281479271677953,55834574849,13,UDP,0.0821008,0.0556,1.86828,0.2175,0.1619,0.1334,0.0103,0.0002,0.0033,0.0149,1.16677,0,337.122,14.0144,0.351136,30.4957,46.2046,1718.19,41649.9,0,0,0,0,0,0,99.4349,0,100,1.00256,56.4861,0.255661,0,0,0,0,0,0,0
1779698804542,91,563014377930753,281874408669185,93,UDP,0.0880902,0.0803,1.56681,0.3582,0.2779,0.2466,0.0134,0.0006,0.0066,0.0113,1.15154,0,197.04,14.0144,0.211054,30.4992,30.0592,1784.74,24956,0,0,0,0,0,0,99.3867,0,0,1,58.5174,0,0,0,0,0,0,0,0
1779698804667,62,281535106252801,287762808833,67,UDP,0.0762817,0.0803,1.76838,1.6049,1.5246,1.4731,0.0148,0.0013,0.0115,0.0252,1.34588,0,377.197,13.9072,0.391104,30.4911,60.5206,1755.71,47154.5,0,0,0,0,0,0,99.3504,0,100,1.00152,57.6685,0.151592,0,0,0,0,0,0,0
1779698804667,23,281487861612545,281565171023873,21,UDP,0.0564384,0.0422,2.12172,1.587,1.5448,1.009,0.0041,0.0001,0.5254,0.0063,0.616723,0,401.389,13.9072,0.415296,30.4909,60.97,1723.86,49257.5,0,0,0,0,0,0,99.3657,0,100,1.00348,56.734,0.348432,0,0,0,0,0,0,0
1779698804792,72,281556581089281,281779919388673,71,UDP,0.0808157,0.0707,2.05761,1.3336,1.2629,1.0055,0.0081,0.0002,0.2404,0.0089,0.974288,0,353.286,13.9632,0.36725,30.4993,60.3487,1767.99,44795.1,0,0,0,0,0,0,99.3201,0,100,1.00055,58,0.0546747,0,0,0,0,0,0,0
1779698804792,33,844459289870337,281608120696833,31,UDP,0.0751664,0.078,2.06655,2.9078,2.8298,0.8028,0.0157,0.0003,1.9997,0.0116,0.928741,0,461.446,13.9632,0.47541,30.508,60.8286,1730.78,56547.9,0,0,0,0,0,0,99.4534,0,98.2456,1.00164,56.8252,0.164136,0,0,0,0,0,0,0
1779698804917,82,844497944576001,347892350977,81,UDP,0.0821356,0.0678,1.82581,2.5849,2.5171,0.2586,0.0098,0.0003,2.2126,0.0361,1.40444,0,274.718,13.9072,0.288626,30.4906,30.2543,1780.98,34784.4,0,0,0,0,0,0,99.5555,0,0,1.0006,58.4457,0.0596659,0,0,0,0,0,0,0
1779698804931,4,562949953421313,281496451547137,5,UDP,0.086347,0.0908,2.3515,2.0329,1.9421,1.9184,0.0089,0.0003,0.0043,0.0105,1.35523,0,264.174,13.9168,0.278091,30.4943,31.1783,1714.35,32639.9,0,0,0,0,0,0,99.501,0,100,1.00277,56.3744,0.276817,0,0,0,0,0,0,0
1779698804931,43,844467879804929,281659660304385,43,UDP,0.0800547,0.0769,1.84215,2.117,2.0401,2.0191,0.0087,0.0003,0.0042,0.0081,2.92098,0,442.886,13.92,0.456806,30.4922,60.7445,1738.46,54313.4,0,0,0,0,0,0,99.4327,0,100,1.00131,57.088,0.131349,0,0,0,0,0,0,0
1779698805056,53,281513631416321,244813135873,57,UDP,0.0685374,0.0495,2.03808,0.3568,0.3073,0.2452,0.0076,0.0002,0.0468,0.0077,1.35682,0,444.685,13.9728,0.458658,30.4983,60.6538,1747.86,55502.1,0,0,0,0,0,0,99.4479,0,100,1.00141,57.3907,0.140713,0,0,0,0,0,0,0
1779698805056,14,17179869185,64424509441,15,UDP,0.0561603,0.0461,2.32216,0.9425,0.8964,0.0831,0.0019,0.0001,0.8047,0.0067,1.84695,0,356.227,13.9728,0.3702,30.5028,54.8851,1720.29,44097.3,0,0,0,0,0,0,99.3661,0,100,1.00109,56.4594,0.109369,0,0,0,0,0,0,0
1779698805056,92,563018672898049,281882998603777,95,UDP,0.0959707,0.09,1.23328,0.2967,0.2067,0.1414,0.0074,0.0002,0.0044,0.0535,0.945033,0,222.013,13.9632,0.235976,30.4989,30.0789,1784.07,28049.5,0,0,0,0,0,0,99.4507,0,0,1,58.4964,0,0,0,0,0,0,0,0
1779698805181,63,281539401220097,296352743425,69,UDP,0.0851995,0.1122,1.47254,0.7034,0.5912,0.5774,0.0038,0.0002,0.0069,0.0031,1.59786,0,431.034,13.9632,0.444997,30.5072,60.5375,1758.76,53754,0,0,0,0,0,0,99.4311,0,100,1.00101,57.7087,0.100959,0,0,0,0,0,0,0
1779698805209,24,47244640257,281573760958465,23,UDP,0.0751749,0.0878,2.06323,0.2938,0.206,0.184,0.0018,0.0001,0.0054,0.0148,1.76756,0,418.054,13.9072,0.431962,30.4847,60.9106,1725.02,51963.9,0,0,0,0,0,0,99.4035,0,100,1.00271,56.7397,0.270793,0,0,0,0,0,0,0
1779698805306,73,562997198061569,281788509323265,73,UDP,0.0822543,0.0678,2.05097,0.4051,0.3373,0.3172,0.0032,0.0004,0.0083,0.0086,0.654613,0,401.427,13.9632,0.41539,30.4993,60.2819,1769.89,50499.6,0,0,0,0,0,0,99.3991,0,100,1.00109,58.0941,0.109409,0,0,0,0,0,0,0
1779698805320,34,64424509441,281616710631425,33,UDP,0.0835134,0.0835,1.78507,2.127,2.0435,0.1612,0.008,0.0003,1.783,0.0913,0.756045,0,443.27,13.9632,0.457234,30.5036,60.7949,1732.73,54335.9,0,0,0,0,0,0,99.4326,0,100,1.00082,56.8508,0.0820008,0,0,0,0,0,0,0
1779698805431,83,844502239543297,281840048930817,85,UDP,0.118955,0.0783,1.08,0.3777,0.2994,0.2734,0.0085,0.0004,0.0063,0.0112,0.626168,0,310.686,13.9072,0.324594,30.4908,31.4908,1783.32,39300.8,0,0,0,0,0,0,99.5951,0,0,1.0006,58.5221,0.0596659,0,0,0,0,0,0,0
1779698805445,44,85899345921,193273528321,45,UDP,0.089107,0.0961,2.25824,0.3475,0.2514,0.2033,0.0163,0.0014,0.0209,0.0109,2.5964,0,477.651,13.9072,0.491558,30.4893,60.7253,1740.13,59112.7,0,0,0,0,0,0,99.4779,0,100,1.00088,57.1234,0.0875273,0,0,0,0,0,0,0
1779698805459,5,844433520066561,281505041481729,7,UDP,0.12473,0.1158,2.30911,0.6017,0.4859,0.4476,0.0204,0.0014,0.0133,0.0046,0.997049,0,264.867,13.9072,0.278774,30.4938,31.02,1714.85,32742.9,0,0,0,0,0,0,99.5088,0,100,1.00173,56.3332,0.172831,0,0,0,0,0,0,0
1779698805570,93,133143986177,281891588538369,97,UDP,0.105252,0.0886,1.26364,0.7677,0.6791,0.6366,0.0109,0.0005,0.0123,0.0193,0.541337,0,248.88,13.92,0.2628,30.4996,30.0396,1784.28,31422,0,0,0,0,0,0,99.5161,0,0,1.00066,58.54,0.0656168,0,0,0,0,0,0,0
1779698805570,54,844480764706817,281694020042753,51,UDP,0.0759951,0.0844,1.193,0.6523,0.5679,0.0113,0.5473,0.0003,0.0065,0.0028,0.635109,0,435.077,13.9728,0.44905,30.5121,60.6814,1750.33,54224.4,0,0,0,0,0,0,99.4334,0,100,1.00094,57.4189,0.0937207,0,0,0,0,0,0,0
1779698805570,15,21474836481,281539401220097,15,UDP,0.0685432,0.0715,2.3686,0.6414,0.5699,0.3692,0.0126,0.001,0.0109,0.1772,1.47072,0,322.246,13.9632,0.33621,30.5012,43.5413,1720.46,40019.6,0,0,0,0,0,0,99.4391,0,100,1.00182,56.5093,0.182415,0,0,0,0,0,0,0
1779698805695,64,281543696187393,304942678017,71,UDP,0.07611,0.0984,1.38823,1.3821,1.2837,1.2426,0.0127,0.0005,0.0084,0.02,0.402003,0,433.747,13.9072,0.447654,30.4914,60.4906,1759.67,53837.4,0,0,0,0,0,0,99.4352,0,100,1.00101,57.7687,0.10101,0,0,0,0,0,0,0
1779698805695,25,51539607553,115964116993,27,UDP,0.0904832,0.1002,2.13331,2.2681,2.1679,1.1791,0.0123,0.0003,0.9493,0.0272,1.4855,0,418.874,13.9072,0.432781,30.4888,60.8364,1726.31,51544.6,0,0,0,0,0,0,99.4027,0,100,1.00155,56.7087,0.15456,0,0,0,0,0,0,0
1779698805820,74,563001493028865,281797099257857,75,UDP,0.0862914,0.046,1.86295,1.6594,1.6134,0.163,0.7672,0.0002,0.6797,0.0035,0.977722,0,396.018,13.9632,0.409981,30.4995,60.2989,1771.8,49633.2,0,0,0,0,0,0,99.3869,0,100,1.00109,58.1565,0.109409,0,0,0,0,0,0,0
1779698805834,35,68719476737,158913789953,37,UDP,0.0834945,0.1322,1.67361,0.7858,0.6536,0.618,0.0126,0.0017,0.0116,0.0114,1.23066,0,461.472,13.9632,0.475435,30.491,60.807,1733.56,57650.7,0,0,0,0,0,0,99.4632,0,100,1.00082,56.9016,0.0820345,0,0,0,0,0,0,0
1779698805945,84,120259084289,281848638865409,87,UDP,0.0766166,0.0714,1.51193,0.8876,0.8162,0.5821,0.0757,0.0004,0.0071,0.1513,1.51096,0,305.541,13.9072,0.319448,30.4906,30.836,1785.49,38295.9,0,0,0,0,0,0,99.593,0,0,1.0006,58.5937,0.0596659,0,0,0,0,0,0,0
1779698805959,6,8589934593,21474836481,5,UDP,0.0794653,0.0837,2.02975,1.5971,1.5134,0.5979,0.1723,0.0004,0.7333,0.0099,1.70717,0,254.728,13.9168,0.268645,30.4945,31.0206,1716.09,30711.9,0,0,0,0,0,0,99.4748,0,100,1.00207,56.3921,0.207469,0,0,0,0,0,0,0
1779698805973,45,90194313217,201863462913,47,UDP,0.103988,0.1519,1.7734,0.3918,0.2399,0.206,0.013,0.0007,0.0094,0.0115,1.14154,0,469.818,13.9072,0.483725,30.5003,60.6408,1741.85,57739.6,0,0,0,0,0,0,99.4707,0,100,1.00175,57.2093,0.175131,0,0,0,0,0,0,0
1779698806070,94,281582350893057,390842023937,91,UDP,0.0712201,0.0771,1.59318,1.569,1.4919,1.4019,0.0104,0.0005,0.0067,0.0729,1.22454,0,241.162,13.9632,0.255125,30.5,30.06,1784.14,30260.7,0,0,0,0,0,0,99.4942,0,0,1,58.4964,0,0,0,0,0,0,0,0
1779698806084,16,25769803777,73014444033,17,UDP,0.0834209,0.0465,1.86313,1.1905,1.144,0.1899,0.007,0.0003,0.9405,0.0066,0.697911,0,320.299,13.9856,0.334285,30.5014,42.0866,1721.79,39769.8,0,0,0,0,0,0,99.4589,0,100,1.00292,56.6143,0.292184,0,0,0,0,0,0,0
1779698806098,55,98784247809,281702609977345,53,UDP,0.093134,0.099,1.90134,1.8984,1.7994,0.0906,0.0192,0.0004,1.6723,0.0173,1.8431,0,434.68,13.9728,0.448653,30.496,60.6634,1751.3,54238.4,0,0,0,0,0,0,99.4314,0,100,1.00235,57.562,0.234742,0,0,0,0,0,0,0
1779698806195,65,281547991154689,281728379781121,59,UDP,0.0716201,0.0826,2.55682,1.2281,1.1455,1.0354,0.0122,0.0009,0.097,0.0009,1.37762,0,433.347,13.976,0.447323,30.5068,60.5521,1762,53889.2,0,0,0,0,0,0,99.4262,0,100,1.00101,57.8158,0.100959,0,0,0,0,0,0,0
1779698806209,26,55834574849,124554051585,29,UDP,0.0696623,0.0635,1.83839,2.0811,2.0176,0.2566,0.0085,0.0002,1.7439,0.0086,0.496964,0,408.914,13.9168,0.42283,30.4897,60.8265,1727.92,50702.4,0,0,0,0,0,0,99.3928,0,100,1.00232,56.8036,0.232019,0,0,0,0,0,0,0
1779698806334,75,281560876056577,281805689192449,77,UDP,0.0663393,0.0599,2.02094,2.1255,2.0656,1.9439,0.0598,0.0001,0.0079,0.054,1.07007,0,395.936,13.9632,0.409899,30.4993,60.2653,1773.73,49651.9,0,0,0,0,0,0,99.3892,0,100,1.00109,58.2199,0.109409,0,0,0,0,0,0,0
1779698806348,36,281496451547137,167503724545,39,UDP,0.0843392,0.0999,1.96617,0.942,0.8421,0.8176,0.0083,0.0005,0.006,0.0102,1.05901,0,443.269,13.9728,0.457242,30.4907,60.8065,1734.97,54298.2,0,0,0,0,0,0,99.429,0,100,1.00247,57.0419,0.246508,0,0,0,0,0,0,0
1779698806459,85,281569465991169,281857228800001,89,UDP,0.0772415,0.0488,0.775569,1.0656,1.0168,0.9794,0.0105,0.0005,0.0031,0.0238,0.514844,0,305.371,13.9632,0.319334,30.509,30.7453,1788.47,38250.6,0,0,0,0,0,0,99.5872,0,0,1.0006,58.6559,0.0596303,0,0,0,0,0,0,0
1779698806473,46,281500746514433,210453397505,49,UDP,0.0850616,0.1018,2.08962,0.4957,0.3939,0.3202,0.0448,0.0009,0.0142,0.0147,1.7044,0,446.776,13.9168,0.460693,30.4887,60.6708,1743.16,55637.1,0,0,0,0,0,0,99.4481,0,100,1,57.174,0,0,0,0,0,0,0,0
1779698806487,7,844437815033857,30064771073,7,UDP,0.0753635,0.0687,1.94295,1.0483,0.9796,0.936,0.0127,0.0005,0.0074,0.0235,0.98999,0,226.47,13.9296,0.2404,30.4911,30.9961,1717.1,27844.7,0,0,0,0,0,0,99.4229,0,100,1.00381,56.5293,0.381018,0,0,0,0,0,0,0
1779698806584,95,563022967865345,399431958529,93,UDP,0.0981187,0.117,1.53182,2.8098,2.6928,1.3484,0.0084,0.0003,1.3255,0.0105,0.738955,0,240.803,13.9072,0.25471,30.4998,30.0798,1784.13,30253,0,0,0,0,0,0,99.4907,0,0,1.00066,58.5348,0.0656168,0,0,0,0,0,0,0
1779698806598,56,844485059674113,253403070465,59,UDP,0.0895294,0.0836,1.60111,2.053,1.9694,1.9429,0.0108,0.0005,0.0063,0.0094,0.946289,0,444.37,13.9728,0.458342,30.513,60.6403,1753.24,54268.7,0,0,0,0,0,0,99.432,0,97.4359,1.00141,57.5396,0.140647,0,0,0,0,0,0,0
1779698806598,17,281483566645249,281547991154689,17,UDP,0.0750269,0.0881,2.06652,0.1794,0.0913,0.0628,0.0118,0.0004,0.0067,0.01,2.18363,0,280.63,13.9728,0.294603,30.5008,40.4308,1723.33,36100.7,0,0,0,0,0,0,99.4254,0,100,1.00219,56.6248,0.218978,0,0,0,0,0,0,0
1779698806723,66,107374182401,281736969715713,61,UDP,0.082499,0.08,1.83311,1.2638,1.1838,0.1966,0.0099,0.0002,0.9707,0.0066,0.918404,0,433.49,13.9728,0.447462,30.507,60.4294,1763.98,53838.7,0,0,0,0,0,0,99.4347,0,100,1.00152,57.9096,0.151515,0,0,0,0,0,0,0
1779698806723,27,562967133290497,281582350893057,25,UDP,0.0702531,0.0893,2.38008,1.34,1.2507,1.2238,0.0135,0.0005,0.0049,0.0085,0.765458,0,362.339,13.9168,0.376256,30.488,59.141,1729.16,44778.2,0,0,0,0,0,0,99.3241,0,100,1.00271,56.8696,0.270793,0,0,0,0,0,0,0
1779698806848,76,111669149697,281814279127041,79,UDP,0.0897481,0.0724,2.03176,0.6513,0.5789,0.4227,0.0106,0.0007,0.1375,0.0081,1.20013,0,395.859,13.9072,0.409766,30.4997,60.1827,1775.65,49577.3,0,0,0,0,0,0,99.3923,0,100,1.00055,58.2504,0.0546747,0,0,0,0,0,0,0
1779698806848,37,562971428257793,281625300566017,35,UDP,0.0961857,0.1031,2.27153,2.4229,2.3198,0.3681,0.0123,0.0003,1.9267,0.0127,1.07338,0,389.189,13.9728,0.403162,30.496,60.7795,1736.77,48290.3,0,0,0,0,0,0,99.3595,0,100,1.00247,57.0912,0.246508,0,0,0,0,0,0,0
1779698806973,8,281474976710657,38654705665,9,UDP,0.0709978,0.0852,1.86559,0.6316,0.5464,0.5275,0.0055,0.0002,0.0046,0.0088,1.55279,0,194.928,13.92,0.208848,30.5,30.942,1718.52,23883.3,0,0,0,0,0,0,99.3307,0,100,1.00242,56.4815,0.242131,0,0,0,0,0,0,0
1779698806973,86,124554051585,356482285569,83,UDP,0.106233,0.1037,1.41128,1.9271,1.8234,1.7775,0.0097,0.0002,0.0101,0.0261,0.655777,0,304.517,13.9072,0.318424,30.4903,30.5812,1789.55,38174.3,0,0,0,0,0,0,99.5929,0,0,1.0006,58.7273,0.0596659,0,0,0,0,0,0,0
1779698806987,47,281505041481729,281668250238977,45,UDP,0.06849,0.0618,2.14281,2.7769,2.7151,1.6668,0.0086,0.0001,1.0293,0.0104,0.840515,0,386.846,13.9296,0.400776,30.4886,60.6439,1744.14,47583.4,0,0,0,0,0,0,99.3539,0,100,1.00219,57.3317,0.219106,0,0,0,0,0,0,0
1779698807098,96,137438953473,281900178472961,99,UDP,0.102936,0.1106,0.907311,0.4081,0.2975,0.2699,0.0141,0.0002,0.0034,0.0101,0.548662,0,240.598,13.92,0.254518,30.4999,30.0599,1783.81,30238.2,0,0,0,0,0,0,99.4938,0,0,1.00066,58.5243,0.0656168,0,0,0,0,0,0,0
1779698807105,18,30064771073,81604378625,19,UDP,0.0795938,0.1101,1.76283,1.1454,1.0353,0.9956,0.0174,0.0007,0.0114,0.0109,1.21967,0,238.845,13.9632,0.252808,30.4919,30.8696,1724,29407.6,0,0,0,0,0,0,99.4609,0,100,1.00036,56.5601,0.0364431,0,0,0,0,0,0,0
1779698807126,57,281517926383617,281711199911937,55,UDP,0.0839796,0.0836,1.76251,0.8771,0.7935,0.7517,0.0102,0.001,0.0161,0.0155,1.59984,0,385.605,13.9856,0.39959,30.4949,60.5898,1753.98,47518.8,0,0,0,0,0,0,99.3548,0,100,1.00047,57.544,0.0468604,0,0,0,0,0,0,0
1779698807230,67,844489354641409,281745559650305,63,UDP,0.0918075,0.0603,1.85271,1.8155,1.7552,1.6989,0.0313,0.0007,0.0113,0.0137,0.756884,0,379.834,13.9632,0.393797,30.5072,60.3837,1765.56,47325.6,0,0,0,0,0,0,99.3576,0,100,1.00101,57.9319,0.100959,0,0,0,0,0,0,0
1779698807237,28,844446404968449,281590940827649,27,UDP,0.0987551,0.1289,1.48738,1.8492,1.7203,0.0995,0.0087,0.0002,1.5917,0.0204,0.880594,0,281.656,13.9072,0.295563,30.4888,38.6873,1730.35,35824.3,0,0,0,0,0,0,99.4514,0,100,1.00155,56.8416,0.15456,0,0,0,0,0,0,0
1779698807362,77,563005787996161,322122547201,75,UDP,0.0914332,0.1089,1.74171,2.1327,2.0238,0.135,0.0173,0.0018,1.8686,0.0029,0.836914,0,313.733,13.976,0.327709,30.4997,35.883,1777.48,39997.7,0,0,0,0,0,0,99.543,0,100,1.00109,58.3424,0.109409,0,0,0,0,0,0,0
1779698807376,38,73014444033,281633890500609,37,UDP,0.0790616,0.058,1.77665,0.2232,0.1652,0.1414,0.0087,0.0002,0.0057,0.0094,1.16845,0,298.603,14.0608,0.312664,30.5045,37.6026,1738.68,38000.4,0,0,0,0,0,0,99.4927,0,100,1.00246,57.138,0.246407,0,0,0,0,0,0,0
1779698807487,87,281573760958465,281865818734593,91,UDP,0.0892301,0.0933,1.14406,2.0348,1.9415,1.8989,0.01,0.0005,0.0103,0.0223,0.642274,0,271.186,13.92,0.285106,30.4909,30.0727,1789.25,32752.6,0,0,0,0,0,0,99.5357,0,100,1.0006,58.7166,0.0596659,0,0,0,0,0,0,0
1779698807501,48,562980018192385,281676840173569,47,UDP,0.100891,0.0793,1.90308,0.9062,0.8269,0.8013,0.0087,0.0003,0.0058,0.0111,1.14569,0,298.91,13.92,0.31283,30.4894,35.9287,1746.27,37848.4,0,0,0,0,0,0,99.5126,0,100,1.00131,57.3498,0.131349,0,0,0,0,0,0,0
1779698807501,9,844442110001153,281513631416321,9,UDP,0.0827364,0.0767,1.73631,0.2679,0.1912,0.1058,0.0623,0.0003,0.0094,0.0137,0.787657,0,169.341,13.92,0.183261,30.4952,30.9161,1719.5,20543.6,0,0,0,0,0,0,99.2206,0,100,1.00138,56.4637,0.138217,0,0,0,0,0,0,0
1779698807612,97,844510829477889,408021893121,95,UDP,0.0903026,0.0757,1.51618,1.7709,1.6952,0.6927,0.0069,0.0002,0.9837,0.0119,1.83661,0,204.835,14.0272,0.218862,30.4991,30.0591,1784.09,25885.9,0,0,0,0,0,0,99.4087,0,0,1.00066,58.5348,0.0656168,0,0,0,0,0,0,0
1779698807626,19,34359738369,281556581089281,19,UDP,0.0777423,0.0845,2.27442,3.2699,3.1854,1.0283,0.009,0.0002,2.1337,0.0144,1.50665,0,203.978,14.0272,0.218005,30.5,30.8666,1725.51,24898.7,0,0,0,0,0,0,99.3555,0,100,1.00146,56.6565,0.145879,0,0,0,0,0,0,0
1779698807633,58,103079215105,261993005057,61,UDP,0.0759573,0.0621,1.91418,1.3871,1.325,0.18,1.1223,0.0007,0.0145,0.0082,1.22998,0,299.038,14.0272,0.313066,30.4992,33.9991,1756.22,37649.7,0,0,0,0,0,0,99.5372,0,100,1.00047,57.6097,0.0468604,0,0,0,0,0,0,0
1779698807751,68,562984313159681,281754149584897,65,UDP,0.0889942,0.0994,2.58863,4.3718,4.2724,0.7919,2.6682,0.0003,0.8083,0.004,1.49574,0,296.731,14.0096,0.310741,30.487,31.7637,1766.4,37214.2,0,0,0,0,0,0,99.5601,0,100,1.00101,57.998,0.10101,0,0,0,0,0,0,0
1779698807765,29,844450699935745,133143986177,31,UDP,0.0725311,0.0549,1.71948,1.1941,1.1392,0.6742,0.0037,0.0003,0.4602,0.0011,1.18871,0,239.203,14.0224,0.253226,30.4941,30.7764,1731.91,29334.9,0,0,0,0,0,0,99.4596,0,100,1.00232,56.9266,0.231929,0,0,0,0,0,0,0
1779698807869,78,281565171023873,281822869061633,81,UDP,0.0827978,0.0692,2.05935,1.2849,1.2157,1.1092,0.0099,0.0004,0.0091,0.0875,1.79938,0,260.733,14.1168,0.27485,30.4994,30.116,1779.36,32804.3,0,0,0,0,0,0,99.5403,0,100,1.00055,58.3729,0.0546747,0,0,0,0,0,0,0
1779698807876,39,562975723225089,176093659137,41,UDP,0.0895341,0.0805,2.44472,5.1507,5.0702,2.0666,0.0034,0.0004,2.9947,0.0055,1.54053,0,246.73,14.1296,0.260859,30.508,30.7204,1740.08,30410.3,0,0,0,0,0,0,99.4739,0,100,1.00123,57.1071,0.123052,0,0,0,0,0,0,0
1779698808001,88,128849018881,365072220161,85,UDP,0.0705742,0.0436,1.56331,0.3878,0.3442,0.1129,0.1051,0.0005,0.1216,0.0046,1.91331,0,215.707,14.112,0.229819,30.4908,30.0544,1789.57,27140.9,0,0,0,0,0,0,99.4371,0,0,1.0006,58.7273,0.0596659,0,0,0,0,0,0,0
1779698808015,49,844472174772225,219043332097,51,UDP,0.0729429,0.0764,2.39611,0.6701,0.5937,0.5296,0.0099,0.0005,0.0146,0.0396,1.17642,0,246.397,14.1248,0.260522,30.5011,30.5811,1748.27,30428.3,0,0,0,0,0,0,99.486,0,100,1.00131,57.3934,0.131291,0,0,0,0,0,0,0
1779698808015,10,562954248388609,281522221350913,11,UDP,0.0745802,0.0785,1.84941,1.9562,1.8777,0.6907,0.0047,0.0005,1.1699,0.0124,0.83581,0,177.84,14.1248,0.191965,30.4953,30.9478,1720.53,23339.6,0,0,0,0,0,0,99.3071,0,100,1.00104,56.4781,0.103627,0,0,0,0,0,0,0
1779698808126,98,281586645860353,416611827713,97,UDP,0.0846167,0.0816,1.2872,0.4816,0.4,0.2453,0.0117,0.0005,0.0064,0.1366,1.77267,0,170.16,14.2192,0.184379,30.4998,30.0798,1784.13,21538.5,0,0,0,0,0,0,99.2889,0,0,1,58.4964,0,0,0,0,0,0,0,0
1779698808126,20,562962838323201,90194313217,21,UDP,0.0781261,0.0784,2.33837,0.9967,0.9183,0.8923,0.0127,0.0004,0.0036,0.0097,1.57349,0,212.482,14.2192,0.226701,30.4942,30.883,1726.68,26882.4,0,0,0,0,0,0,99.4027,0,100,1.00292,56.7888,0.292291,0,0,0,0,0,0,0
1779698808140,59,281522221350913,281719789846529,57,UDP,0.0951975,0.0854,2.49878,3.1216,3.0362,1.057,0.0082,0.0004,1.9602,0.0108,1.40834,0,246.627,14.2192,0.260846,30.4991,30.4562,1757.59,30436.1,0,0,0,0,0,0,99.4905,0,100,1.00141,57.7087,0.140713,0,0,0,0,0,0,0
1779698808265,30,60129542145,141733920769,33,UDP,0.0863284,0.0725,2.67896,2.1651,2.0926,1.0767,0.049,0.0002,0.9224,0.0445,1.56152,0,235.67,14.2144,0.249885,30.5005,30.7593,1733.82,29569.9,0,0,0,0,0,0,99.4678,0,100,1.00271,56.9996,0.270688,0,0,0,0,0,0,0
1779698808265,69,281552286121985,281762739519489,67,UDP,0.0791449,0.0718,2.21181,1.8972,1.8254,1.464,0.0128,0.0007,0.0087,0.3399,2.49593,0,245.309,14.2144,0.259523,30.4918,30.3533,1768.37,30353.5,0,0,0,0,0,0,99.4911,0,100,1.00101,58.0535,0.10101,0,0,0,0,0,0,0
1779698808279,0,844424930131969,281479271677953,1,UDP,0.0758013,0.0928,2.26093,3.5357,3.4429,0.9685,0.0075,0.0002,2.4647,0.0022,1.34818,0,449.352,20.712,0.470064,30.5028,46.329,2136.22,34493.1,0,0,0,0,0,0,99.3021,0,100,1.00362,70.2872,0.361842,0,0,0,0,0,0,0
1779698808376,1,1,4294967297,1,UDP,0.0660833,0.0552,2.19626,1.8517,1.7965,0.8165,0.0079,0.0003,0.9649,0.0072,1.79693,0,189.36,14.3216,0.203682,30.5035,30.9634,1716.84,23452.7,0,0,0,0,0,0,99.3204,0,100,1.0023,56.4129,0.229961,0,0,0,0,0,0,0
1779698808390,40,77309411329,281642480435201,39,UDP,0.0755825,0.0929,2.19708,0.7178,0.6249,0.5808,0.0118,0.0007,0.0217,0.0106,1.13593,0,271.459,14.3216,0.285781,30.4952,30.7202,1740.98,33878.5,0,0,0,0,0,0,99.5327,0,100,1.00082,57.137,0.0820345,0,0,0,0,0,0,0
1779698808390,79,844493649608705,330712481793,77,UDP,0.0872726,0.0632,1.8038,3.4563,3.3931,0.3434,0.036,0.0001,2.9453,0.0684,1.2762,0,209.682,14.3088,0.22399,30.4995,30.1329,1781.17,26203.6,0,0,0,0,0,0,99.4185,0,100,1,58.4,0,0,0,0,0,0,0,0
1779698808515,11,562958543355905,281530811285505,13,UDP,0.0705288,0.0587,2.53537,2.0982,2.0395,1.9405,0.053,0.0001,0.0022,0.0438,1.4808,0,232.355,14.3168,0.246672,30.4991,31.0148,1722.45,28018.2,0,0,0,0,0,0,99.4145,0,100,1.00207,56.5927,0.207469,0,0,0,0,0,0,0
1779698808515,89,844506534510593,373662154753,87,UDP,0.077813,0.062,1.18485,0.2529,0.1909,0.1504,0.0105,0.0004,0.0039,0.0261,1.38249,0,172.374,14.3728,0.186747,30.5089,30.018,1790.2,21577.4,0,0,0,0,0,0,99.3005,0,0,1,58.6782,0,0,0,0,0,0,0,0
1779698808536,50,844476469739521,281685430108161,49,UDP,0.0768758,0.0657,2.2328,8.5363,8.4706,1.9112,0.0087,0.0003,6.5419,0.0088,2.5406,0,244.797,14.3168,0.259114,30.4914,30.6247,1749.37,30554.4,0,0,0,0,0,0,99.4833,0,100,1.00088,57.4228,0.0875273,0,0,0,0,0,0,0
1779698808640,60,281526516318209,270582939649,63,UDP,0.113185,0.0878,1.2361,1.1341,1.0463,0.1868,0.0112,0.0003,0.8453,0.003,0.722531,0,244.822,14.4112,0.259234,30.4992,30.4277,1759.22,30441.1,0,0,0,0,0,0,99.4933,0,100,1.00188,57.7893,0.187705,0,0,0,0,0,0,0
1779698808640,99,844515124445185,281908768407553,101,UDP,0.0980732,0.1073,1.58218,1.1263,1.019,0.0165,0.0107,0.0003,0.9301,0.0617,0.962839,0,135.613,14.4112,0.150024,30.4997,30.0397,1784.92,17156.7,0,0,0,0,0,0,99.1138,0,0,1,58.5226,0,0,0,0,0,0,0,0
1779698808654,21,38654705665,98784247809,23,UDP,0.0786165,0.0814,2.08517,0.5473,0.4659,0.4255,0.0084,0.0004,0.0062,0.0258,2.4015,0,262.691,14.424,0.277115,30.5005,30.8337,1728.42,31804.9,0,0,0,0,0,0,99.5039,0,100,1.00182,56.772,0.182415,0,0,0,0,0,0,0
1779698808765,31,281492156579841,281599530762241,29,UDP,0.0696395,0.0436,1.7796,0.8058,0.7622,0.2128,0.4538,0.0003,0.0037,0.0919,0.6207,0,307.384,14.504,0.321888,30.5006,39.946,1735.26,38356.6,0,0,0,0,0,0,99.46,0,100,1.00193,57.0027,0.193199,0,0,0,0,0,0,0
1779698808779,70,562988608126977,313532612609,73,UDP,0.0889201,0.0983,2.34799,1.0241,0.9258,0.9039,0.0071,0.0003,0.0051,0.0097,0.781975,0,244.976,14.4064,0.259382,30.4911,30.3526,1769.99,30327.2,0,0,0,0,0,0,99.4816,0,100,1.0005,58.0787,0.0504796,0,0,0,0,0,0,0
1779698808904,80,115964116993,339302416385,79,UDP,0.10138,0.0906,1.62456,0.8497,0.7591,0.7273,0.013,0.0005,0.008,0.0108,2.20503,0,210.8,14.5136,0.225314,30.4996,30.0663,1783.01,26092.2,0,0,0,0,0,0,99.4207,0,100,1.00055,58.4921,0.0546747,0,0,0,0,0,0,0
1779698808904,2,844429225099265,281487861612545,3,UDP,0.0813223,0.1024,2.44394,1.7616,1.6592,0.6153,1.0263,0.0007,0.0071,0.0105,1.86664,0,223.92,14.5136,0.238434,30.4994,30.9692,1717.91,27801,0,0,0,0,0,0,99.4235,0,100,1.00296,56.4928,0.295858,0,0,0,0,0,0,0
1779698808918,41,81604378625,184683593729,43,UDP,0.100416,0.1296,1.22584,1.0079,0.8783,0.823,0.0198,0.0008,0.0313,0.0042,0.806377,0,307.794,14.5264,0.32232,30.5034,38.0761,1742.99,38171.7,0,0,0,0,0,0,99.4949,0,100,1.00205,57.2582,0.205255,0,0,0,0,0,0,0
1779698809029,90,281578055925761,382252089345,89,UDP,0.0900716,0.0968,1.34415,1.0063,0.9095,0.878,0.0103,0.0007,0.0072,0.014,0.683412,0,174.397,14.5088,0.188906,30.4903,30.0357,1789.54,21575.7,0,0,0,0,0,0,99.2962,0,0,1.0006,58.7273,0.0596659,0,0,0,0,0,0,0
1779698809029,51,281509336449025,227633266689,53,UDP,0.0887879,0.0861,1.65844,0.2279,0.1418,0.1164,0.0083,0.0005,0.0059,0.0112,0.958382,0,304.554,14.5184,0.319072,30.4925,36.359,1751.27,37843.8,0,0,0,0,0,0,99.5085,0,100,1.00044,57.458,0.0437445,0,0,0,0,0,0,0
1779698809029,12,12884901889,47244640257,11,UDP,0.0925538,0.1144,1.70544,1.2467,1.1323,0.1377,0.1242,0.0003,0.8624,0.008,1.12759,0,276.298,14.5088,0.290806,30.4997,30.9102,1723.06,34365.2,0,0,0,0,0,0,99.5342,0,98.7179,1.00277,56.6505,0.276817,0,0,0,0,0,0,0
1779698809154,100,141733920769,281917358342145,103,UDP,0.0949434,0.0898,1.40225,1.2989,1.2091,1.1899,0.0079,0.0003,0.0059,0.0054,0.680695,0,135.613,14.616,0.150229,30.5,30.02,1787.5,17020.3,0,0,0,0,0,0,99.1073,0,0,1.00066,58.645,0.0656168,0,0,0,0,0,0,0
1779698809168,61,281530811285505,279172874241,65,UDP,0.0958835,0.1185,1.56304,0.5745,0.456,0.4192,0.0086,0.0003,0.0048,0.0234,1.26921,0,305.053,14.6256,0.319678,30.5078,34.4498,1761.74,37501.9,0,0,0,0,0,0,99.5278,0,100,1.00188,57.8555,0.187617,0,0,0,0,0,0,0
1779698809168,22,42949672961,107374182401,25,UDP,0.0723987,0.0719,1.81572,2.1493,2.0774,0.2257,0.0055,0.0003,1.8367,0.0095,1.34781,0,316.165,14.616,0.330781,30.5021,43.2094,1729.71,40328.6,0,0,0,0,0,0,99.4504,0,100,1.00146,56.7907,0.145879,0,0,0,0,0,0,0
1779698809279,32,844454994903041,150323855361,35,UDP,0.0854953,0.0924,1.63603,0.8548,0.7624,0.7207,0.0121,0.0008,0.0103,0.0193,1.10022,0,402.49,14.5984,0.417088,30.4905,60.8045,1736.05,48765.1,0,0,0,0,0,0,99.3648,0,100,1.0031,57.1138,0.309598,0,0,0,0,0,0,0
1779698809293,71,562992903094273,281771329454081,69,UDP,0.0866207,0.083,1.56468,1.24,1.157,0.0713,0.0057,0.0004,1.0687,0.0113,0.76934,0,290.334,14.5984,0.304933,30.4911,32.1372,1771.75,36149.7,0,0,0,0,0,0,99.5483,0,100,1.00101,58.1657,0.10101,0,0,0,0,0,0,0
1779698809404,3,4294967297,12884901889,3,UDP,0.0663716,0.0652,2.03468,0.833,0.7678,0.6095,0.0732,0.0005,0.0755,0.0096,0.846333,0,261.424,14.7056,0.27613,30.5036,30.9835,1719.35,32195.8,0,0,0,0,0,0,99.5018,0,100,1.0023,56.4951,0.229961,0,0,0,0,0,0,0
1779698809404,81,563010082963457,281831458996225,83,UDP,0.0872198,0.0859,1.52653,0.653,0.5671,0.538,0.0066,0.0003,0.0047,0.0178,0.860286,0,246.41,14.7184,0.261128,30.4994,30.0494,1784.93,30486.5,0,0,0,0,0,0,99.4996,0,0,1,58.5235,0,0,0,0,0,0,0,0
1779698809432,42,844463584837633,281651070369793,41,UDP,0.0624815,0.0651,1.40266,0.2687,0.2036,0.1362,0.0535,0.0002,0.0057,0.0082,0.735875,0,392.339,14.7184,0.407058,30.4954,60.6909,1743.64,47707.5,0,0,0,0,0,0,99.3553,0,100,1.00164,57.2709,0.164204,0,0,0,0,0,0,0
1779698809543,52,94489280513,236223201281,55,UDP,0.0811971,0.0541,1.84749,2.601,2.5469,0.6409,0.0524,0.0001,1.8459,0.0077,1.13527,0,416.032,14.7008,0.430733,30.492,60.5707,1752.76,50874.5,0,0,0,0,0,0,99.4001,0,100,1.00307,57.6592,0.307018,0,0,0,0,0,0,0
1779698809543,13,281479271677953,55834574849,13,UDP,0.079735,0.0602,1.89604,2.8882,2.828,1.75,0.0229,0.0002,0.9742,0.0809,1.2778,0,321.144,14.7008,0.335845,30.4907,45.3624,1724.48,41570.6,0,0,0,0,0,0,99.4445,0,100,1.00242,56.6945,0.242215,0,0,0,0,0,0,0
1779698809543,91,563014377930753,281874408669185,93,UDP,0.0915128,0.0942,1.51798,1.8928,1.7986,0.7192,0.0025,0.0003,0.9714,0.1055,1.00704,0,202.8,14.7008,0.217501,30.4899,30.0536,1789.52,24991.5,0,0,0,0,0,0,99.3887,0,0,1,58.6923,0,0,0,0,0,0,0,0
1779698809661,23,281487861612545,281565171023873,21,UDP,0.0588073,0.0739,1.95809,0.9972,0.9233,0.896,0.0115,0.0008,0.0091,0.0067,1.62897,0,402.131,14.808,0.416939,30.4972,60.9166,1730.94,49313.9,0,0,0,0,0,0,99.3678,0,100,1.00329,56.9441,0.328947,0,0,0,0,0,0,0
1779698809661,62,281535106252801,287762808833,67,UDP,0.078637,0.0618,1.62202,2.6358,2.574,0.6213,0.0059,0.0004,1.9378,0.009,1.37773,0,387.755,14.8176,0.402573,30.4991,60.4982,1762.62,47248.8,0,0,0,0,0,0,99.3525,0,100,1.00141,57.8738,0.140713,0,0,0,0,0,0,0
